hosting_id,commodity_raw,commodity_normalized
2992450,Smoke alarm,Smoke alarm
2992450,Essentials,Essentials
2992450,Heating,Heating
2992450,Wifi,WiFi
2992450,Air conditioning,Air conditioning
2992450,Carbon monoxide alarm,Carbon monoxide alarm
2992450,TV with standard cable,TV
2992450,Kitchen,Kitchen
3820211,Smart lock,Lock
3820211,"HDTV with standard cable, Apple TV",TV
3820211,Carbon monoxide alarm,Carbon monoxide alarm
3820211,Dedicated workspace,Workspace
3820211,Hangers,Hangers
3820211,Toaster,Other
3820211,Smoke alarm,Smoke alarm
3820211,Essentials,Essentials
3820211,Self check-in,Self check-in
3820211,Stove,Oven
3820211,Coffee,Coffee maker
3820211,Refrigerator,Refrigerator
3820211,Wifi,WiFi
3820211,Central air conditioning,Air conditioning
3820211,Iron,Iron
3820211,Free parking on premises,Parking
3820211,Heating,Heating
3820211,Free washer – In unit,Washer
3820211,Free dryer – In unit,Dryer
3820211,Microwave,Microwave
3820211,Pets allowed,Pets allowed
3820211,Kitchen,Kitchen
5651579,Carbon monoxide alarm,Carbon monoxide alarm
5651579,Dedicated workspace,Workspace
5651579,Hangers,Hangers
5651579,Backyard,Garden
5651579,Hot water,Other
5651579,Lockbox,Lock
5651579,Smoke alarm,Smoke alarm
5651579,Essentials,Essentials
5651579,Self check-in,Self check-in
5651579,Stove,Oven
5651579,Long term stays allowed,Long term stays
5651579,Refrigerator,Refrigerator
5651579,Fire extinguisher,Fire extinguisher
5651579,Wifi,WiFi
5651579,Air conditioning,Air conditioning
5651579,TV,TV
5651579,Coffee maker,Coffee maker
5651579,Iron,Iron
5651579,Free parking on premises,Parking
5651579,Heating,Heating
5651579,Free washer – In unit,Washer
5651579,Free dryer – In unit,Dryer
5651579,Microwave,Microwave
5651579,Kitchen,Kitchen
6623339,Carbon monoxide alarm,Carbon monoxide alarm
6623339,Dedicated workspace,Workspace
6623339,Hangers,Hangers
6623339,Bed linens,Other
6623339,Smoke alarm,Smoke alarm
6623339,Essentials,Essentials
6623339,Self check-in,Self check-in
6623339,Stove,Oven
6623339,TV with standard cable,TV
6623339,Refrigerator,Refrigerator
6623339,Wifi,WiFi
6623339,Air conditioning,Air conditioning
6623339,Patio or balcony,Patio
6623339,Coffee maker,Coffee maker
6623339,Keypad,Lock
6623339,Iron,Iron
6623339,Free parking on premises,Parking
6623339,Heating,Heating
6623339,Dishwasher,Washer
6623339,Dryer,Dryer
6623339,Microwave,Microwave
6623339,Pets allowed,Pets allowed
6623339,Kitchen,Kitchen
9005989,Window AC unit,Air conditioning
9005989,Carbon monoxide alarm,Carbon monoxide alarm
9005989,Hangers,Hangers
9005989,Hot water,Other
9005989,Smoke alarm,Smoke alarm
9005989,Essentials,Essentials
9005989,Self check-in,Self check-in
9005989,Stove,Oven
9005989,Long term stays allowed,Long term stays
9005989,Refrigerator,Refrigerator
9005989,Fire extinguisher,Fire extinguisher
9005989,Pack ’n play/Travel crib,Crib
9005989,Wifi,WiFi
9005989,TV,TV
9005989,Coffee maker,Coffee maker
9005989,Keypad,Lock
9005989,Heating,Heating
9005989,Dishwasher,Washer
9005989,Free street parking,Parking
9005989,Microwave,Microwave
9005989,Pets allowed,Pets allowed
9005989,Hair dryer,Dryer
9005989,Kitchen,Kitchen
9501054,Window AC unit,Air conditioning
9501054,Carbon monoxide alarm,Carbon monoxide alarm
9501054,Dedicated workspace,Workspace
9501054,Hangers,Hangers
9501054,Hot water,Other
9501054,Lockbox,Lock
9501054,Smoke alarm,Smoke alarm
9501054,Essentials,Essentials
9501054,Self check-in,Self check-in
9501054,TV with standard cable,TV
9501054,Long term stays allowed,Long term stays
9501054,Refrigerator,Refrigerator
9501054,Wifi,WiFi
9501054,Coffee maker,Coffee maker
9501054,Iron,Iron
9501054,Heating,Heating
9501054,Free street parking,Parking
9501054,Microwave,Microwave
9501054,Hair dryer,Dryer
10768745,Window AC unit,Air conditioning
10768745,Carbon monoxide alarm,Carbon monoxide alarm
10768745,Dedicated workspace,Workspace
10768745,Hangers,Hangers
10768745,Single level home,Other
10768745,Lockbox,Lock
10768745,Smoke alarm,Smoke alarm
10768745,Essentials,Essentials
10768745,Self check-in,Self check-in
10768745,TV with standard cable,TV
10768745,Refrigerator,Refrigerator
10768745,Wifi,WiFi
10768745,Patio or balcony,Patio
10768745,Iron,Iron
10768745,Free parking on premises,Parking
10768745,Heating,Heating
10768745,Microwave,Microwave
10768745,Hair dryer,Dryer
11253948,"65 inch HDTV with Roku, premium cable, Amazon Prime Video, standard cable, Apple TV, Netflix, Hulu",TV
11253948,Baby safety gates,Other
11253948,Barbecue utensils,BBQ grill
11253948,Self check-in,Self check-in
11253948,Refrigerator,Refrigerator
11253948,Fire extinguisher,Fire extinguisher
11253948,Wifi,WiFi
11253948,Free washer – In unit,Washer
11253948,Free dryer – In unit,Dryer
11253948,Pets allowed,Pets allowed
11253948,Exterior security cameras on property,Lock
11253948,Hangers,Hangers
11253948,Smoke alarm,Smoke alarm
11253948,Shampoo,Essentials
11253948,Board games,Board games
11253948,Coffee maker,Coffee maker
11253948,Iron,Iron
11253948,First aid kit,First aid kit
11253948,GE stainless steel gas stove,Oven
11253948,Garden view,Garden
11253948,Dedicated workspace,Workspace
11253948,Sonos sound system with Bluetooth and aux,Sound system
11253948,Indoor fireplace: gas,Heating
11253948,High chair,High chair
11253948,Books and reading material,Books
11253948,Long term stays allowed,Long term stays
11253948,Free parking on premises,Parking
11253948,Private patio or balcony,Patio
11253948,Window AC unit,Air conditioning
11253948,Carbon monoxide alarm,Carbon monoxide alarm
11253948,Pack ’n play/Travel crib,Crib
11253948,Microwave,Microwave
11253948,Kitchen,Kitchen
11639446,Host greets you,Host greets you
11639446,Carbon monoxide alarm,Carbon monoxide alarm
11639446,Gas stove,Oven
11639446,Hangers,Hangers
11639446,Hot water,Other
11639446,Smoke alarm,Smoke alarm
11639446,Essentials,Essentials
11639446,Books and reading material,Books
11639446,Long term stays allowed,Long term stays
11639446,Refrigerator,Refrigerator
11639446,Wifi,WiFi
11639446,Free washer – In building,Washer
11639446,Free dryer – In building,Dryer
11639446,Heating,Heating
11639446,First aid kit,First aid kit
11639446,Free street parking,Parking
11639446,Microwave,Microwave
11639446,Kitchen,Kitchen
12799126,Window AC unit,Air conditioning
12799126,Kitchen,Kitchen
12799126,Host greets you,Host greets you
12799126,Carbon monoxide alarm,Carbon monoxide alarm
12799126,Dedicated workspace,Workspace
12799126,Hangers,Hangers
12799126,Single level home,Other
12799126,Barbecue utensils,BBQ grill
12799126,Smoke alarm,Smoke alarm
12799126,Essentials,Essentials
12799126,Shared patio or balcony,Patio
12799126,Stove,Oven
12799126,Books and reading material,Books
12799126,Long term stays allowed,Long term stays
12799126,Refrigerator,Refrigerator
12799126,Wifi,WiFi
12799126,Lock on bedroom door,Lock
12799126,Iron,Iron
12799126,Heating,Heating
12799126,Exercise equipment,Gym
12799126,Washer,Washer
12799126,Dryer,Dryer
12799126,Microwave,Microwave
12799126,Free street parking,Parking
12799126,HDTV with Netflix,TV
13083497,Babysitter recommendations,Other
13083497,Exterior security cameras on property,Lock
13083497,Carbon monoxide alarm,Carbon monoxide alarm
13083497,Gas stove,Oven
13083497,Hangers,Hangers
13083497,Smoke alarm,Smoke alarm
13083497,Essentials,Essentials
13083497,High chair,High chair
13083497,BBQ grill,BBQ grill
13083497,Crib,Crib
13083497,Self check-in,Self check-in
13083497,Books and reading material,Books
13083497,Private backyard – Not fully fenced,Garden
13083497,Long term stays allowed,Long term stays
13083497,Refrigerator,Refrigerator
13083497,Fire extinguisher,Fire extinguisher
13083497,Wifi,WiFi
13083497,Free driveway parking on premises – 2 spaces,Parking
13083497,Central air conditioning,Air conditioning
13083497,Coffee maker,Coffee maker
13083497,Iron,Iron
13083497,Heating,Heating
13083497,Free washer – In unit,Washer
13083497,Free dryer – In unit,Dryer
13083497,Private patio or balcony,Patio
13083497,Microwave,Microwave
13083497,40 inch HDTV with standard cable,TV
13083497,Kitchen,Kitchen
14316232,Window AC unit,Air conditioning
14316232,Carbon monoxide alarm,Carbon monoxide alarm
14316232,Dedicated workspace,Workspace
14316232,Hangers,Hangers
14316232,"Coffee maker: drip coffee maker, Keurig coffee machine",Coffee maker
14316232,Central heating,Heating
14316232,Hot water,Other
14316232,Shared backyard – Fully fenced,Garden
14316232,Smoke alarm,Smoke alarm
14316232,Essentials,Essentials
14316232,Self check-in,Self check-in
14316232,Stove,Oven
14316232,Books and reading material,Books
14316232,Long term stays allowed,Long term stays
14316232,Refrigerator,Refrigerator
14316232,Fire extinguisher,Fire extinguisher
14316232,Free driveway parking on premises,Parking
14316232,Wifi,WiFi
14316232,Lock on bedroom door,Lock
14316232,TV,TV
14316232,Iron,Iron
14316232,Free washer – In unit,Washer
14316232,Free dryer – In unit,Dryer
14316232,First aid kit,First aid kit
14316232,Microwave,Microwave
14316232,Kitchen,Kitchen
14989805,Children’s dinnerware,Other
14989805,Exterior security cameras on property,Lock
14989805,Carbon monoxide alarm,Carbon monoxide alarm
14989805,Dedicated workspace,Workspace
14989805,Hangers,Hangers
14989805,Electric stove,Oven
14989805,Smoke alarm,Smoke alarm
14989805,Essentials,Essentials
14989805,High chair,High chair
14989805,BBQ grill,BBQ grill
14989805,Crib,Crib
14989805,Self check-in,Self check-in
14989805,Fire extinguisher,Fire extinguisher
14989805,Refrigerator,Refrigerator
14989805,Wifi,WiFi
14989805,"55 inch HDTV with Amazon Prime Video, Apple TV, Hulu, Netflix, premium cable, Roku, standard cable",TV
14989805,Board games,Board games
14989805,Lake access,Beach access
14989805,Central air conditioning,Air conditioning
14989805,Coffee maker,Coffee maker
14989805,Iron,Iron
14989805,Free parking on premises,Parking
14989805,Private backyard – Fully fenced,Garden
14989805,Heating,Heating
14989805,Free washer – In unit,Washer
14989805,Free dryer – In unit,Dryer
14989805,First aid kit,First aid kit
14989805,Microwave,Microwave
14989805,Pets allowed,Pets allowed
14989805,Children’s books and toys,Books
14989805,Kitchen,Kitchen
15580397,Smart lock,Lock
15580397,Carbon monoxide alarm,Carbon monoxide alarm
15580397,Dedicated workspace,Workspace
15580397,Hangers,Hangers
15580397,Bed linens,Other
15580397,Smoke alarm,Smoke alarm
15580397,Essentials,Essentials
15580397,Self check-in,Self check-in
15580397,Books and reading material,Books
15580397,Long term stays allowed,Long term stays
15580397,Fire extinguisher,Fire extinguisher
15580397,"40 inch HDTV with Fire TV, Hulu, Netflix",TV
15580397,Wifi,WiFi
15580397,Mini fridge,Refrigerator
15580397,Coffee maker,Coffee maker
15580397,Iron,Iron
15580397,Heating,Heating
15580397,Free street parking,Parking
15580397,Microwave,Microwave
15580397,Hair dryer,Dryer
16531782,Window AC unit,Air conditioning
16531782,Carbon monoxide alarm,Carbon monoxide alarm
16531782,Dedicated workspace,Workspace
16531782,Hangers,Hangers
16531782,Single level home,Other
16531782,Smoke alarm,Smoke alarm
16531782,Essentials,Essentials
16531782,HDTV,TV
16531782,Long term stays allowed,Long term stays
16531782,Refrigerator,Refrigerator
16531782,Wifi,WiFi
16531782,Patio or balcony,Patio
16531782,Coffee maker,Coffee maker
16531782,Iron,Iron
16531782,Free parking on premises,Parking
16531782,Heating,Heating
16531782,Hair dryer,Dryer
16531782,Kitchen,Kitchen
17238066,Host greets you,Host greets you
17238066,Carbon monoxide alarm,Carbon monoxide alarm
17238066,Hangers,Hangers
17238066,Hot water,Other
17238066,Smoke alarm,Smoke alarm
17238066,Essentials,Essentials
17238066,Stove,Oven
17238066,Books and reading material,Books
17238066,Long term stays allowed,Long term stays
17238066,Refrigerator,Refrigerator
17238066,Fire extinguisher,Fire extinguisher
17238066,Wifi,WiFi
17238066,Free washer – In building,Washer
17238066,Coffee maker,Coffee maker
17238066,Free dryer – In building,Dryer
17238066,Heating,Heating
17238066,First aid kit,First aid kit
17238066,Free street parking,Parking
17238066,Microwave,Microwave
17238066,Kitchen,Kitchen
17514620,Window AC unit,Air conditioning
17514620,Carbon monoxide alarm,Carbon monoxide alarm
17514620,Dedicated workspace,Workspace
17514620,Hangers,Hangers
17514620,Backyard,Garden
17514620,Central heating,Heating
17514620,Hot water,Other
17514620,Smoke alarm,Smoke alarm
17514620,Essentials,Essentials
17514620,Shared patio or balcony,Patio
17514620,Self check-in,Self check-in
17514620,Stove,Oven
17514620,Books and reading material,Books
17514620,Long term stays allowed,Long term stays
17514620,Refrigerator,Refrigerator
17514620,Fire extinguisher,Fire extinguisher
17514620,Free driveway parking on premises,Parking
17514620,Wifi,WiFi
17514620,Lock on bedroom door,Lock
17514620,TV,TV
17514620,Iron,Iron
17514620,Free washer – In unit,Washer
17514620,Free dryer – In unit,Dryer
17514620,First aid kit,First aid kit
17514620,Microwave,Microwave
17514620,Kitchen,Kitchen
17514620,Coffee maker: drip coffee maker,Coffee maker
18341426,Baby safety gates,Other
18341426,Barbecue utensils,BBQ grill
18341426,Self check-in,Self check-in
18341426,Refrigerator,Refrigerator
18341426,Fire extinguisher,Fire extinguisher
18341426,Wifi,WiFi
18341426,Central air conditioning,Air conditioning
18341426,Free washer – In unit,Washer
18341426,Free dryer – In unit,Dryer
18341426,Oven,Oven
18341426,Pets allowed,Pets allowed
18341426,"65 inch HDTV with Netflix, premium cable, Hulu, Roku, Amazon Prime Video",TV
18341426,Children’s books and toys,Books
18341426,Exterior security cameras on property,Lock
18341426,Hangers,Hangers
18341426,Organic body soap,Essentials
18341426,Smoke alarm,Smoke alarm
18341426,Board games,Board games
18341426,"Exercise equipment: free weights, yoga mat",Gym
18341426,Coffee maker,Coffee maker
18341426,Iron,Iron
18341426,First aid kit,First aid kit
18341426,Garden view,Garden
18341426,Dedicated workspace,Workspace
18341426,High chair,High chair
18341426,Long term stays allowed,Long term stays
18341426,Heating,Heating
18341426,Private patio or balcony,Patio
18341426,Carbon monoxide alarm,Carbon monoxide alarm
18341426,Crib,Crib
18341426,Bose sound system,Sound system
18341426,Free street parking,Parking
18341426,Microwave,Microwave
18341426,Kitchen,Kitchen
19527043,Carbon monoxide alarm,Carbon monoxide alarm
19527043,Hangers,Hangers
19527043,Hot water,Other
19527043,Smoke alarm,Smoke alarm
19527043,Essentials,Essentials
19527043,Shared patio or balcony,Patio
19527043,Self check-in,Self check-in
19527043,Stove,Oven
19527043,Refrigerator,Refrigerator
19527043,Fire extinguisher,Fire extinguisher
19527043,Wifi,WiFi
19527043,Air conditioning,Air conditioning
19527043,Lock on bedroom door,Lock
19527043,TV,TV
19527043,Coffee maker,Coffee maker
19527043,Iron,Iron
19527043,Free parking on premises,Parking
19527043,Heating,Heating
19527043,Dishwasher,Washer
19527043,Dryer,Dryer
19527043,Microwave,Microwave
19527043,Kitchen,Kitchen
19822913,Window AC unit,Air conditioning
19822913,Exterior security cameras on property,Lock
19822913,Kitchen,Kitchen
19822913,Carbon monoxide alarm,Carbon monoxide alarm
19822913,Dedicated workspace,Workspace
19822913,Gas stove,Oven
19822913,Hangers,Hangers
19822913,Barbecue utensils,BBQ grill
19822913,Bed linens,Other
19822913,Smoke alarm,Smoke alarm
19822913,Long term stays allowed,Long term stays
19822913,Refrigerator,Refrigerator
19822913,Fire extinguisher,Fire extinguisher
19822913,Wifi,WiFi
19822913,Body soap,Essentials
19822913,Private backyard,Garden
19822913,TV,TV
19822913,Iron,Iron
19822913,Free parking on premises,Parking
19822913,Heating,Heating
19822913,First aid kit,First aid kit
19822913,Microwave,Microwave
19822913,Hair dryer,Dryer
19822913,Pets allowed,Pets allowed
20519885,Carbon monoxide alarm,Carbon monoxide alarm
20519885,Dedicated workspace,Workspace
20519885,Hangers,Hangers
20519885,Hot water,Other
20519885,Lockbox,Lock
20519885,Smoke alarm,Smoke alarm
20519885,Essentials,Essentials
20519885,High chair,High chair
20519885,Crib,Crib
20519885,Self check-in,Self check-in
20519885,Stove,Oven
20519885,Long term stays allowed,Long term stays
20519885,Refrigerator,Refrigerator
20519885,Fire extinguisher,Fire extinguisher
20519885,Wifi,WiFi
20519885,Air conditioning,Air conditioning
20519885,TV,TV
20519885,Coffee maker,Coffee maker
20519885,Iron,Iron
20519885,Free parking on premises,Parking
20519885,Heating,Heating
20519885,Dishwasher,Washer
20519885,First aid kit,First aid kit
20519885,Dryer,Dryer
20519885,Microwave,Microwave
20519885,Kitchen,Kitchen
20620135,Exterior security cameras on property,Lock
20620135,Carbon monoxide alarm,Carbon monoxide alarm
20620135,Dedicated workspace,Workspace
20620135,Hangers,Hangers
20620135,Dryer – In unit,Dryer
20620135,Single level home,Other
20620135,Smoke alarm,Smoke alarm
20620135,Essentials,Essentials
20620135,BBQ grill,BBQ grill
20620135,Self check-in,Self check-in
20620135,Stove,Oven
20620135,TV with standard cable,TV
20620135,Long term stays allowed,Long term stays
20620135,Pack ’n play/Travel crib,Crib
20620135,Fire extinguisher,Fire extinguisher
20620135,Refrigerator,Refrigerator
20620135,Wifi,WiFi
20620135,Central air conditioning,Air conditioning
20620135,Coffee maker,Coffee maker
20620135,Iron,Iron
20620135,Free parking on premises,Parking
20620135,Private backyard – Fully fenced,Garden
20620135,Heating,Heating
20620135,Dishwasher,Washer
20620135,First aid kit,First aid kit
20620135,Microwave,Microwave
20620135,Pets allowed,Pets allowed
20620135,Kitchen,Kitchen
20633175,Window AC unit,Air conditioning
20633175,Carbon monoxide alarm,Carbon monoxide alarm
20633175,Dedicated workspace,Workspace
20633175,Gas stove,Oven
20633175,Hangers,Hangers
20633175,Hot water kettle,Other
20633175,Central heating,Heating
20633175,Lockbox,Lock
20633175,Shared backyard – Fully fenced,Garden
20633175,Smoke alarm,Smoke alarm
20633175,Essentials,Essentials
20633175,Coffee maker: Keurig coffee machine,Coffee maker
20633175,Self check-in,Self check-in
20633175,Books and reading material,Books
20633175,Long term stays allowed,Long term stays
20633175,Refrigerator,Refrigerator
20633175,Fire extinguisher,Fire extinguisher
20633175,Wifi – 49 Mbps,WiFi
20633175,Iron,Iron
20633175,First aid kit,First aid kit
20633175,Free street parking,Parking
20633175,Microwave,Microwave
20633175,Hair dryer,Dryer
20633175,Pets allowed,Pets allowed
20633175,"HDTV with Amazon Prime Video, Netflix, DVD player",TV
20633175,Kitchen,Kitchen
20671966,Carbon monoxide alarm,Carbon monoxide alarm
20671966,Dedicated workspace,Workspace
20671966,Hangers,Hangers
20671966,Backyard,Garden
20671966,Hot water,Other
20671966,Smoke alarm,Smoke alarm
20671966,Essentials,Essentials
20671966,Coffee maker: Keurig coffee machine,Coffee maker
20671966,Self check-in,Self check-in
20671966,Stove,Oven
20671966,TV with standard cable,TV
20671966,Long term stays allowed,Long term stays
20671966,Refrigerator,Refrigerator
20671966,Fire extinguisher,Fire extinguisher
20671966,Wifi,WiFi
20671966,Air conditioning,Air conditioning
20671966,Keypad,Lock
20671966,Iron,Iron
20671966,Free parking on premises,Parking
20671966,Heating,Heating
20671966,First aid kit,First aid kit
20671966,Dryer,Dryer
20671966,Washer,Washer
20671966,Microwave,Microwave
20671966,Kitchen,Kitchen
21052414,Window AC unit,Air conditioning
21052414,Carbon monoxide alarm,Carbon monoxide alarm
21052414,Dedicated workspace,Workspace
21052414,Hangers,Hangers
21052414,Backyard,Garden
21052414,Central heating,Heating
21052414,Hot water,Other
21052414,Smoke alarm,Smoke alarm
21052414,Essentials,Essentials
21052414,Shared patio or balcony,Patio
21052414,TV with Roku,TV
21052414,Self check-in,Self check-in
21052414,Stove,Oven
21052414,Books and reading material,Books
21052414,Long term stays allowed,Long term stays
21052414,Refrigerator,Refrigerator
21052414,Fire extinguisher,Fire extinguisher
21052414,Wifi,WiFi
21052414,Lock on bedroom door,Lock
21052414,Iron,Iron
21052414,Free washer – In unit,Washer
21052414,Free dryer – In unit,Dryer
21052414,First aid kit,First aid kit
21052414,Free street parking,Parking
21052414,Microwave,Microwave
21052414,Kitchen,Kitchen
21052414,Coffee maker: drip coffee maker,Coffee maker
21392315,Carbon monoxide alarm,Carbon monoxide alarm
21392315,Dedicated workspace,Workspace
21392315,Hangers,Hangers
21392315,Paid dryer – In building,Dryer
21392315,Bed linens,Other
21392315,Smoke alarm,Smoke alarm
21392315,Essentials,Essentials
21392315,Coffee maker: Keurig coffee machine,Coffee maker
21392315,Portable air conditioning,Air conditioning
21392315,Self check-in,Self check-in
21392315,Stove,Oven
21392315,TV with standard cable,TV
21392315,Long term stays allowed,Long term stays
21392315,Refrigerator,Refrigerator
21392315,Fire extinguisher,Fire extinguisher
21392315,Paid washer – In building,Washer
21392315,Wifi,WiFi
21392315,Keypad,Lock
21392315,Iron,Iron
21392315,Free parking on premises,Parking
21392315,Private backyard – Fully fenced,Garden
21392315,Heating,Heating
21392315,First aid kit,First aid kit
21392315,Microwave,Microwave
21392315,Kitchen,Kitchen
21449583,Smart lock,Lock
21449583,Changing table - available upon request,Other
21449583,Carbon monoxide alarm,Carbon monoxide alarm
21449583,Dedicated workspace,Workspace
21449583,Hangers,Hangers
21449583,Barbecue utensils,BBQ grill
21449583,Sound system,Sound system
21449583,Smoke alarm,Smoke alarm
21449583,Shampoo,Essentials
21449583,Crib,Crib
21449583,Self check-in,Self check-in
21449583,Stove,Oven
21449583,Books and reading material,Books
21449583,Long term stays allowed,Long term stays
21449583,Fire extinguisher,Fire extinguisher
21449583,Refrigerator,Refrigerator
21449583,Wifi,WiFi
21449583,"HDTV with Amazon Prime Video, Apple TV, Hulu, Netflix, premium cable, Roku",TV
21449583,Board games,Board games
21449583,Private backyard,Garden
21449583,Central air conditioning,Air conditioning
21449583,Coffee maker,Coffee maker
21449583,Iron,Iron
21449583,Free parking on premises,Parking
21449583,Washer – In unit,Washer
21449583,Heating,Heating
21449583,Private patio or balcony,Patio
21449583,First aid kit,First aid kit
21449583,Dryer,Dryer
21449583,Pets allowed,Pets allowed
21449583,Kitchen,Kitchen
21752534,Window AC unit,Air conditioning
21752534,Carbon monoxide alarm,Carbon monoxide alarm
21752534,Dedicated workspace,Workspace
21752534,Hangers,Hangers
21752534,Hot water kettle,Other
21752534,Smoke alarm,Smoke alarm
21752534,Essentials,Essentials
21752534,Self check-in,Self check-in
21752534,Stove,Oven
21752534,Coffee,Coffee maker
21752534,Books and reading material,Books
21752534,Long term stays allowed,Long term stays
21752534,Refrigerator,Refrigerator
21752534,Wifi,WiFi
21752534,TV,TV
21752534,Iron,Iron
21752534,Heating,Heating
21752534,Free street parking,Parking
21752534,Microwave,Microwave
21752534,Hair dryer,Dryer
21752534,Kitchen,Kitchen
21769213,Window AC unit,Air conditioning
21769213,Carbon monoxide alarm,Carbon monoxide alarm
21769213,Dedicated workspace,Workspace
21769213,Hangers,Hangers
21769213,Hot water,Other
21769213,Shared backyard – Fully fenced,Garden
21769213,Smoke alarm,Smoke alarm
21769213,Essentials,Essentials
21769213,Shared patio or balcony,Patio
21769213,Self check-in,Self check-in
21769213,Stove,Oven
21769213,Books and reading material,Books
21769213,Long term stays allowed,Long term stays
21769213,Refrigerator,Refrigerator
21769213,Fire extinguisher,Fire extinguisher
21769213,Wifi,WiFi
21769213,Lock on bedroom door,Lock
21769213,TV,TV
21769213,Iron,Iron
21769213,Free washer – In unit,Washer
21769213,Free dryer – In unit,Dryer
21769213,Radiant heating,Heating
21769213,First aid kit,First aid kit
21769213,Free street parking,Parking
21769213,Microwave,Microwave
21769213,Kitchen,Kitchen
21769213,Coffee maker: drip coffee maker,Coffee maker
21769439,Window AC unit,Air conditioning
21769439,Carbon monoxide alarm,Carbon monoxide alarm
21769439,Dedicated workspace,Workspace
21769439,Hangers,Hangers
21769439,Hot water,Other
21769439,Shared backyard – Fully fenced,Garden
21769439,Smoke alarm,Smoke alarm
21769439,Essentials,Essentials
21769439,Shared patio or balcony,Patio
21769439,Self check-in,Self check-in
21769439,Stove,Oven
21769439,Books and reading material,Books
21769439,Long term stays allowed,Long term stays
21769439,Refrigerator,Refrigerator
21769439,Fire extinguisher,Fire extinguisher
21769439,Wifi,WiFi
21769439,Lock on bedroom door,Lock
21769439,TV,TV
21769439,Iron,Iron
21769439,Free washer – In unit,Washer
21769439,Free dryer – In unit,Dryer
21769439,Radiant heating,Heating
21769439,First aid kit,First aid kit
21769439,Free street parking,Parking
21769439,Microwave,Microwave
21769439,Coffee maker: drip coffee maker,Coffee maker
22398196,Window AC unit,Air conditioning
22398196,Carbon monoxide alarm,Carbon monoxide alarm
22398196,Dedicated workspace,Workspace
22398196,Hangers,Hangers
22398196,Backyard,Garden
22398196,Hot water,Other
22398196,Smoke alarm,Smoke alarm
22398196,Essentials,Essentials
22398196,Self check-in,Self check-in
22398196,TV with standard cable,TV
22398196,Long term stays allowed,Long term stays
22398196,Refrigerator,Refrigerator
22398196,Fire extinguisher,Fire extinguisher
22398196,Wifi,WiFi
22398196,Patio or balcony,Patio
22398196,Lock on bedroom door,Lock
22398196,Coffee maker,Coffee maker
22398196,Iron,Iron
22398196,Free parking on premises,Parking
22398196,Heating,Heating
22398196,First aid kit,First aid kit
22398196,Washer,Washer
22398196,Dryer,Dryer
22398196,Kitchen,Kitchen
24606880,Window AC unit,Air conditioning
24606880,Carbon monoxide alarm,Carbon monoxide alarm
24606880,Dedicated workspace,Workspace
24606880,Hangers,Hangers
24606880,Backyard,Garden
24606880,Hot water,Other
24606880,Smoke alarm,Smoke alarm
24606880,Essentials,Essentials
24606880,Self check-in,Self check-in
24606880,Stove,Oven
24606880,TV with standard cable,TV
24606880,Long term stays allowed,Long term stays
24606880,Refrigerator,Refrigerator
24606880,Fire extinguisher,Fire extinguisher
24606880,Wifi,WiFi
24606880,Lock on bedroom door,Lock
24606880,Coffee maker,Coffee maker
24606880,Iron,Iron
24606880,Free parking on premises,Parking
24606880,Heating,Heating
24606880,Dryer,Dryer
24606880,Washer,Washer
24606880,Microwave,Microwave
24606880,Kitchen,Kitchen
25549565,Window AC unit,Air conditioning
25549565,Carbon monoxide alarm,Carbon monoxide alarm
25549565,Dedicated workspace,Workspace
25549565,Hangers,Hangers
25549565,Central heating,Heating
25549565,Room-darkening shades,Other
25549565,Lockbox,Lock
25549565,Smoke alarm,Smoke alarm
25549565,Essentials,Essentials
25549565,Self check-in,Self check-in
25549565,Coffee,Coffee maker
25549565,Books and reading material,Books
25549565,Private backyard – Not fully fenced,Garden
25549565,Long term stays allowed,Long term stays
25549565,Fire extinguisher,Fire extinguisher
25549565,Wifi,WiFi
25549565,Mini fridge,Refrigerator
25549565,"32 inch HDTV with HBO Max, Roku, standard cable, Hulu, Amazon Prime Video, Netflix",TV
25549565,Iron,Iron
25549565,Kitchenette,Kitchen
25549565,Paid parking lot off premises,Parking
25549565,Private patio or balcony,Patio
25549565,Microwave,Microwave
26139592,Exterior security cameras on property,Lock
26139592,Carbon monoxide alarm,Carbon monoxide alarm
26139592,Dedicated workspace,Workspace
26139592,Hangers,Hangers
26139592,Smoke alarm,Smoke alarm
26139592,Essentials,Essentials
26139592,Self check-in,Self check-in
26139592,Dishes and silverware,Other
26139592,Stove,Oven
26139592,Refrigerator,Refrigerator
26139592,Fire extinguisher,Fire extinguisher
26139592,Wifi,WiFi
26139592,Air conditioning,Air conditioning
26139592,TV,TV
26139592,Coffee maker,Coffee maker
26139592,Iron,Iron
26139592,Free parking on premises,Parking
26139592,Heating,Heating
26139592,Dishwasher,Washer
26139592,First aid kit,First aid kit
26139592,Dryer,Dryer
26139592,Microwave,Microwave
26139592,Kitchen,Kitchen
27670660,Window AC unit,Air conditioning
27670660,Paid washer,Washer
27670660,Carbon monoxide alarm,Carbon monoxide alarm
27670660,Dedicated workspace,Workspace
27670660,Hangers,Hangers
27670660,Paid dryer – In building,Dryer
27670660,Backyard,Garden
27670660,Hot water,Other
27670660,Smoke alarm,Smoke alarm
27670660,Essentials,Essentials
27670660,Self check-in,Self check-in
27670660,Stove,Oven
27670660,TV with standard cable,TV
27670660,Long term stays allowed,Long term stays
27670660,Refrigerator,Refrigerator
27670660,Fire extinguisher,Fire extinguisher
27670660,Wifi,WiFi
27670660,Patio or balcony,Patio
27670660,Lock on bedroom door,Lock
27670660,Coffee maker,Coffee maker
27670660,Iron,Iron
27670660,Free parking on premises,Parking
27670660,Radiant heating,Heating
27670660,First aid kit,First aid kit
27670660,Microwave,Microwave
27670660,Kitchen,Kitchen
27692601,Carbon monoxide alarm,Carbon monoxide alarm
27692601,Hangers,Hangers
27692601,Backyard,Garden
27692601,Sound system,Sound system
27692601,Room-darkening shades,Other
27692601,Smoke alarm,Smoke alarm
27692601,Essentials,Essentials
27692601,Stove,Oven
27692601,Fireplace guards,Heating
27692601,Books and reading material,Books
27692601,Refrigerator,Refrigerator
27692601,Fire extinguisher,Fire extinguisher
27692601,Wifi,WiFi
27692601,Air conditioning,Air conditioning
27692601,Patio or balcony,Patio
27692601,TV,TV
27692601,Coffee maker,Coffee maker
27692601,Iron,Iron
27692601,Free parking on premises,Parking
27692601,Dishwasher,Washer
27692601,Exercise equipment,Gym
27692601,Dryer,Dryer
27692601,Microwave,Microwave
27692601,Kitchen,Kitchen
28341274,Host greets you,Host greets you
28341274,Dedicated workspace,Workspace
28341274,Hangers,Hangers
28341274,Hot water kettle,Other
28341274,Smoke alarm,Smoke alarm
28341274,Essentials,Essentials
28341274,Stove,Oven
28341274,Coffee,Coffee maker
28341274,Books and reading material,Books
28341274,Refrigerator,Refrigerator
28341274,Fire extinguisher,Fire extinguisher
28341274,Wifi,WiFi
28341274,Iron,Iron
28341274,Heating,Heating
28341274,First aid kit,First aid kit
28341274,Microwave,Microwave
28341274,Hair dryer,Dryer
28341274,Kitchen,Kitchen
28400263,Smart lock,Lock
28400263,Carbon monoxide alarm,Carbon monoxide alarm
28400263,Hangers,Hangers
28400263,Hot water,Other
28400263,Smoke alarm,Smoke alarm
28400263,Essentials,Essentials
28400263,Self check-in,Self check-in
28400263,Refrigerator,Refrigerator
28400263,Wifi,WiFi
28400263,Air conditioning,Air conditioning
28400263,TV,TV
28400263,Coffee maker,Coffee maker
28400263,Iron,Iron
28400263,Free parking on premises,Parking
28400263,Heating,Heating
28400263,Dryer,Dryer
28400263,Washer,Washer
28400263,Microwave,Microwave
28400263,Kitchen,Kitchen
28722270,Paid parking on premises,Parking
28722270,Smart lock,Lock
28722270,Window AC unit,Air conditioning
28722270,Carbon monoxide alarm,Carbon monoxide alarm
28722270,Dedicated workspace,Workspace
28722270,Hangers,Hangers
28722270,Hot water kettle,Other
28722270,Paid dryer – In building,Dryer
28722270,Shared backyard – Fully fenced,Garden
28722270,Smoke alarm,Smoke alarm
28722270,Essentials,Essentials
28722270,Shared patio or balcony,Patio
28722270,Coffee maker: Keurig coffee machine,Coffee maker
28722270,Crib,Crib
28722270,Self check-in,Self check-in
28722270,"HDTV with Amazon Prime Video, Hulu, Netflix",TV
28722270,Long term stays allowed,Long term stays
28722270,Refrigerator,Refrigerator
28722270,Fire extinguisher,Fire extinguisher
28722270,Wifi,WiFi
28722270,Free washer – In building,Washer
28722270,Kitchenette,Kitchen
28722270,Iron,Iron
28722270,Heating,Heating
28722270,First aid kit,First aid kit
28722270,Induction stove,Oven
28722270,Microwave,Microwave
28722270,Pets allowed,Pets allowed
28868857,Paid parking on premises,Parking
28868857,Smart lock,Lock
28868857,Carbon monoxide alarm,Carbon monoxide alarm
28868857,Dedicated workspace,Workspace
28868857,Hangers,Hangers
28868857,Hot water kettle,Other
28868857,Paid dryer – In building,Dryer
28868857,Shared backyard – Fully fenced,Garden
28868857,Smoke alarm,Smoke alarm
28868857,Essentials,Essentials
28868857,Shared patio or balcony,Patio
28868857,Coffee maker: Keurig coffee machine,Coffee maker
28868857,Portable air conditioning,Air conditioning
28868857,Self check-in,Self check-in
28868857,Pack ’n play/Travel crib - always at the listing,Crib
28868857,Stove,Oven
28868857,Long term stays allowed,Long term stays
28868857,Refrigerator,Refrigerator
28868857,Fire extinguisher,Fire extinguisher
28868857,Wifi,WiFi
28868857,Free washer – In building,Washer
28868857,Iron,Iron
28868857,"42 inch HDTV with Amazon Prime Video, Chromecast, Fire TV",TV
28868857,Heating,Heating
28868857,First aid kit,First aid kit
28868857,Microwave,Microwave
28868857,Pets allowed,Pets allowed
28868857,Kitchen,Kitchen
28929840,Host greets you,Host greets you
28929840,Carbon monoxide alarm,Carbon monoxide alarm
28929840,Dedicated workspace,Workspace
28929840,Bikes,Other
28929840,Hangers,Hangers
28929840,Backyard,Garden
28929840,Barbecue utensils,BBQ grill
28929840,Smoke alarm,Smoke alarm
28929840,Essentials,Essentials
28929840,TV with standard cable,TV
28929840,Coffee,Coffee maker
28929840,Books and reading material,Books
28929840,Long term stays allowed,Long term stays
28929840,Refrigerator,Refrigerator
28929840,Fire extinguisher,Fire extinguisher
28929840,Wifi,WiFi
28929840,Air conditioning,Air conditioning
28929840,"Exercise equipment: free weights, treadmill, yoga mat",Gym
28929840,Lock on bedroom door,Lock
28929840,Iron,Iron
28929840,Free parking on premises,Parking
28929840,Heating,Heating
28929840,Private patio or balcony,Patio
28929840,First aid kit,First aid kit
28929840,Washer,Washer
28929840,Dryer,Dryer
28929840,Microwave,Microwave
29605579,Carbon monoxide alarm,Carbon monoxide alarm
29605579,Dedicated workspace,Workspace
29605579,Hangers,Hangers
29605579,Bed linens,Other
29605579,Smoke alarm,Smoke alarm
29605579,Essentials,Essentials
29605579,Stove,Oven
29605579,TV with standard cable,TV
29605579,Refrigerator,Refrigerator
29605579,Wifi,WiFi
29605579,Air conditioning,Air conditioning
29605579,Coffee maker,Coffee maker
29605579,Iron,Iron
29605579,Free parking on premises,Parking
29605579,Heating,Heating
29605579,Dishwasher,Washer
29605579,Private patio or balcony,Patio
29605579,Dryer,Dryer
29605579,Microwave,Microwave
29605579,Pets allowed,Pets allowed
29605579,Kitchen,Kitchen
30189794,Carbon monoxide alarm,Carbon monoxide alarm
30189794,Dedicated workspace,Workspace
30189794,Hangers,Hangers
30189794,Hot water,Other
30189794,Smoke alarm,Smoke alarm
30189794,Essentials,Essentials
30189794,Self check-in,Self check-in
30189794,Refrigerator,Refrigerator
30189794,Fire extinguisher,Fire extinguisher
30189794,Wifi,WiFi
30189794,Air conditioning,Air conditioning
30189794,Lock on bedroom door,Lock
30189794,TV,TV
30189794,Iron,Iron
30189794,Free parking on premises,Parking
30189794,Heating,Heating
30189794,First aid kit,First aid kit
30189794,Washer,Washer
30189794,Dryer,Dryer
30189794,Kitchen,Kitchen
31210362,Carbon monoxide alarm,Carbon monoxide alarm
31210362,Dedicated workspace,Workspace
31210362,Hangers,Hangers
31210362,Single level home,Other
31210362,Barbecue utensils,BBQ grill
31210362,Electric stove,Oven
31210362,Lockbox,Lock
31210362,Smoke alarm,Smoke alarm
31210362,Essentials,Essentials
31210362,Self check-in,Self check-in
31210362,Coffee,Coffee maker
31210362,Fireplace guards,Heating
31210362,Books and reading material,Books
31210362,Long term stays allowed,Long term stays
31210362,Refrigerator,Refrigerator
31210362,Fire extinguisher,Fire extinguisher
31210362,Wifi,WiFi
31210362,Free washer – In building,Washer
31210362,Free dryer – In building,Dryer
31210362,Iron,Iron
31210362,"HDTV with Hulu, Netflix, Roku, Fire TV",TV
31210362,Private backyard – Fully fenced,Garden
31210362,Private patio or balcony,Patio
31210362,First aid kit,First aid kit
31210362,Free street parking,Parking
31210362,Microwave,Microwave
31210362,Kitchen,Kitchen
32279028,Carbon monoxide alarm,Carbon monoxide alarm
32279028,Dedicated workspace,Workspace
32279028,Hangers,Hangers
32279028,Hot water kettle,Other
32279028,"Coffee maker: drip coffee maker, Keurig coffee machine",Coffee maker
32279028,Backyard,Garden
32279028,Lockbox,Lock
32279028,Smoke alarm,Smoke alarm
32279028,Essentials,Essentials
32279028,Fast wifi – 95 Mbps,WiFi
32279028,Self check-in,Self check-in
32279028,Stove,Oven
32279028,Long term stays allowed,Long term stays
32279028,Refrigerator,Refrigerator
32279028,Fire extinguisher,Fire extinguisher
32279028,Free washer – In building,Washer
32279028,Central air conditioning,Air conditioning
32279028,Free dryer – In building,Dryer
32279028,Iron,Iron
32279028,Heating,Heating
32279028,Private patio or balcony,Patio
32279028,First aid kit,First aid kit
32279028,Free street parking,Parking
32279028,Microwave,Microwave
32279028,Kitchen,Kitchen
32450400,City skyline view,Other
32450400,Carbon monoxide alarm,Carbon monoxide alarm
32450400,Gas stove,Oven
32450400,Hangers,Hangers
32450400,Smoke alarm,Smoke alarm
32450400,Essentials,Essentials
32450400,Coffee,Coffee maker
32450400,Books and reading material,Books
32450400,32 inch TV,TV
32450400,Refrigerator,Refrigerator
32450400,Fire extinguisher,Fire extinguisher
32450400,Wifi,WiFi
32450400,Dove or Yardley London body soap,Garden
32450400,Air conditioning,Air conditioning
32450400,Iron,Iron
32450400,Heating,Heating
32450400,First aid kit,First aid kit
32450400,Free street parking,Parking
32450400,Microwave,Microwave
32450400,Hair dryer,Dryer
32450400,Kitchen,Kitchen
32993402,Paid parking on premises,Parking
32993402,Smart lock,Lock
32993402,Window AC unit,Air conditioning
32993402,Carbon monoxide alarm,Carbon monoxide alarm
32993402,Dedicated workspace,Workspace
32993402,Hangers,Hangers
32993402,Hot water kettle,Other
32993402,Paid dryer – In building,Dryer
32993402,Frigidaire stainless steel gas stove,Oven
32993402,Shared backyard – Fully fenced,Garden
32993402,Smoke alarm,Smoke alarm
32993402,Essentials,Essentials
32993402,Shared patio or balcony,Patio
32993402,Crib,Crib
32993402,Self check-in,Self check-in
32993402,Coffee,Coffee maker
32993402,Frigidaire refrigerator,Refrigerator
32993402,Long term stays allowed,Long term stays
32993402,Fire extinguisher,Fire extinguisher
32993402,Wifi,WiFi
32993402,Free washer – In building,Washer
32993402,Iron,Iron
32993402,"42 inch HDTV with Amazon Prime Video, Chromecast, Fire TV",TV
32993402,Heating,Heating
32993402,First aid kit,First aid kit
32993402,Microwave,Microwave
32993402,Pets allowed,Pets allowed
32993402,Kitchen,Kitchen
33558235,Paid parking on premises,Parking
33558235,Smart lock,Lock
33558235,Window AC unit,Air conditioning
33558235,Carbon monoxide alarm,Carbon monoxide alarm
33558235,Dedicated workspace,Workspace
33558235,Hangers,Hangers
33558235,Bed linens,Other
33558235,Shared backyard – Fully fenced,Garden
33558235,Smoke alarm,Smoke alarm
33558235,Essentials,Essentials
33558235,"52 inch HDTV with Amazon Prime Video, Chromecast, Disney+, Fire TV, Hulu, Netflix",TV
33558235,Crib,Crib
33558235,Self check-in,Self check-in
33558235,Stove,Oven
33558235,Long term stays allowed,Long term stays
33558235,Refrigerator,Refrigerator
33558235,Fire extinguisher,Fire extinguisher
33558235,Wifi,WiFi
33558235,Free washer – In building,Washer
33558235,Coffee maker,Coffee maker
33558235,Iron,Iron
33558235,Heating,Heating
33558235,Private patio or balcony,Patio
33558235,First aid kit,First aid kit
33558235,Microwave,Microwave
33558235,Hair dryer,Dryer
33558235,Pets allowed,Pets allowed
33558235,Kitchen,Kitchen
34330970,Smart lock,Lock
34330970,Dedicated workspace,Workspace
34330970,Hangers,Hangers
34330970,Hot water,Other
34330970,Smoke alarm,Smoke alarm
34330970,Essentials,Essentials
34330970,Self check-in,Self check-in
34330970,Stove,Oven
34330970,Long term stays allowed,Long term stays
34330970,Refrigerator,Refrigerator
34330970,Fire extinguisher,Fire extinguisher
34330970,Elevator,Elevator
34330970,Wifi,WiFi
34330970,Air conditioning,Air conditioning
34330970,TV,TV
34330970,Coffee maker,Coffee maker
34330970,Iron,Iron
34330970,Free parking on premises,Parking
34330970,Heating,Heating
34330970,Dishwasher,Washer
34330970,First aid kit,First aid kit
34330970,Microwave,Microwave
34330970,Pets allowed,Pets allowed
34330970,Hair dryer,Dryer
34330970,Kitchen,Kitchen
35793179,Carbon monoxide alarm,Carbon monoxide alarm
35793179,Hangers,Hangers
35793179,Hot water,Other
35793179,Smoke alarm,Smoke alarm
35793179,Essentials,Essentials
35793179,BBQ grill,BBQ grill
35793179,Self check-in,Self check-in
35793179,Stove,Oven
35793179,TV with standard cable,TV
35793179,Refrigerator,Refrigerator
35793179,Wifi,WiFi
35793179,Air conditioning,Air conditioning
35793179,Patio or balcony,Patio
35793179,Lock on bedroom door,Lock
35793179,Coffee maker,Coffee maker
35793179,Iron,Iron
35793179,Free parking on premises,Parking
35793179,Heating,Heating
35793179,Dishwasher,Washer
35793179,Dryer,Dryer
35793179,Microwave,Microwave
35793179,Kitchen,Kitchen
35914565,Window guards,Other
35914565,Exterior security cameras on property,Lock
35914565,Carbon monoxide alarm,Carbon monoxide alarm
35914565,Dedicated workspace,Workspace
35914565,Hangers,Hangers
35914565,Smoke alarm,Smoke alarm
35914565,Essentials,Essentials
35914565,Self check-in,Self check-in
35914565,TV with standard cable,TV
35914565,Coffee,Coffee maker
35914565,Long term stays allowed,Long term stays
35914565,Refrigerator,Refrigerator
35914565,Fire extinguisher,Fire extinguisher
35914565,Elevator,Elevator
35914565,Wifi,WiFi
35914565,Central air conditioning,Air conditioning
35914565,Iron,Iron
35914565,Free parking on premises,Parking
35914565,Heating,Heating
35914565,Dishwasher,Washer
35914565,Oven,Oven
35914565,First aid kit,First aid kit
35914565,Microwave,Microwave
35914565,Pets allowed,Pets allowed
35914565,Hair dryer,Dryer
35914565,Kitchen,Kitchen
36443605,Children’s dinnerware,Other
36443605,Carbon monoxide alarm,Carbon monoxide alarm
36443605,Dedicated workspace,Workspace
36443605,Hangers,Hangers
36443605,Backyard,Garden
36443605,Lockbox,Lock
36443605,Smoke alarm,Smoke alarm
36443605,Essentials,Essentials
36443605,High chair,High chair
36443605,Self check-in,Self check-in
36443605,Stove,Oven
36443605,Long term stays allowed,Long term stays
36443605,Refrigerator,Refrigerator
36443605,Fire extinguisher,Fire extinguisher
36443605,Wifi,WiFi
36443605,Air conditioning,Air conditioning
36443605,TV,TV
36443605,Coffee maker,Coffee maker
36443605,Iron,Iron
36443605,Heating,Heating
36443605,Private patio or balcony,Patio
36443605,First aid kit,First aid kit
36443605,Free street parking,Parking
36443605,Microwave,Microwave
36443605,Children’s books and toys,Books
36443605,Hair dryer,Dryer
36443605,Kitchen,Kitchen
38321579,Carbon monoxide alarm,Carbon monoxide alarm
38321579,Dedicated workspace,Workspace
38321579,Hangers,Hangers
38321579,Hot water kettle,Other
38321579,Backyard,Garden
38321579,Lockbox,Lock
38321579,Smoke alarm,Smoke alarm
38321579,Essentials,Essentials
38321579,Self check-in,Self check-in
38321579,Stove,Oven
38321579,Refrigerator,Refrigerator
38321579,Fire extinguisher,Fire extinguisher
38321579,Wifi,WiFi
38321579,Free washer – In building,Washer
38321579,Central air conditioning,Air conditioning
38321579,Coffee maker,Coffee maker
38321579,Free dryer – In building,Dryer
38321579,Iron,Iron
38321579,Free parking on premises,Parking
38321579,Heating,Heating
38321579,Private patio or balcony,Patio
38321579,First aid kit,First aid kit
38321579,Microwave,Microwave
38321579,Kitchen,Kitchen
39093517,Exterior security cameras on property,Lock
39093517,Carbon monoxide alarm,Carbon monoxide alarm
39093517,Hangers,Hangers
39093517,Hot water,Other
39093517,Smoke alarm,Smoke alarm
39093517,Essentials,Essentials
39093517,Self check-in,Self check-in
39093517,Stove,Oven
39093517,Long term stays allowed,Long term stays
39093517,Refrigerator,Refrigerator
39093517,Fire extinguisher,Fire extinguisher
39093517,Wifi,WiFi
39093517,Air conditioning,Air conditioning
39093517,TV,TV
39093517,Coffee maker,Coffee maker
39093517,Iron,Iron
39093517,Free parking on premises,Parking
39093517,Heating,Heating
39093517,Dishwasher,Washer
39093517,First aid kit,First aid kit
39093517,Dryer,Dryer
39093517,Microwave,Microwave
39093517,Pets allowed,Pets allowed
39093517,Kitchen,Kitchen
39698576,Children’s dinnerware,Other
39698576,Carbon monoxide alarm,Carbon monoxide alarm
39698576,Dedicated workspace,Workspace
39698576,Hangers,Hangers
39698576,Lockbox,Lock
39698576,Shared backyard – Fully fenced,Garden
39698576,Smoke alarm,Smoke alarm
39698576,Essentials,Essentials
39698576,High chair,High chair
39698576,Self check-in,Self check-in
39698576,Stove,Oven
39698576,TV with standard cable,TV
39698576,Long term stays allowed,Long term stays
39698576,Refrigerator,Refrigerator
39698576,Fire extinguisher,Fire extinguisher
39698576,Wifi,WiFi
39698576,Air conditioning,Air conditioning
39698576,Patio or balcony,Patio
39698576,Coffee maker,Coffee maker
39698576,Iron,Iron
39698576,Free parking on premises,Parking
39698576,Heating,Heating
39698576,Children’s books and toys,Books
39698576,First aid kit,First aid kit
39698576,Microwave,Microwave
39698576,Hair dryer,Dryer
39698576,Kitchen,Kitchen
40491172,Carbon monoxide alarm,Carbon monoxide alarm
40491172,Dedicated workspace,Workspace
40491172,Hangers,Hangers
40491172,Backyard,Garden
40491172,Hot water,Other
40491172,Lockbox,Lock
40491172,Smoke alarm,Smoke alarm
40491172,Essentials,Essentials
40491172,Coffee maker: Keurig coffee machine,Coffee maker
40491172,Self check-in,Self check-in
40491172,Stove,Oven
40491172,Long term stays allowed,Long term stays
40491172,Refrigerator,Refrigerator
40491172,Wifi,WiFi
40491172,Air conditioning,Air conditioning
40491172,TV,TV
40491172,Iron,Iron
40491172,Free parking on premises,Parking
40491172,Heating,Heating
40491172,Dishwasher,Washer
40491172,Dryer,Dryer
40491172,Microwave,Microwave
40491172,Kitchen,Kitchen
40828178,Smart lock,Lock
40828178,Carbon monoxide alarm,Carbon monoxide alarm
40828178,Dedicated workspace,Workspace
40828178,Hangers,Hangers
40828178,Bed linens,Other
40828178,Smoke alarm,Smoke alarm
40828178,Essentials,Essentials
40828178,Crib,Crib
40828178,Portable air conditioning,Air conditioning
40828178,Self check-in,Self check-in
40828178,TV with standard cable,TV
40828178,Coffee,Coffee maker
40828178,Books and reading material,Books
40828178,Long term stays allowed,Long term stays
40828178,Stainless steel electric stove,Oven
40828178,Refrigerator,Refrigerator
40828178,Fire extinguisher,Fire extinguisher
40828178,Wifi,WiFi
40828178,Board games,Board games
40828178,Iron,Iron
40828178,Free parking on premises,Parking
40828178,Heating,Heating
40828178,Dishwasher,Washer
40828178,First aid kit,First aid kit
40828178,Dryer,Dryer
40828178,Microwave,Microwave
40828178,Kitchen,Kitchen
41319631,City skyline view,Other
41319631,Samsung stainless steel oven,Oven
41319631,Bluetooth sound system,Sound system
41319631,Exterior security cameras on property,Lock
41319631,Paid parking off premises,Parking
41319631,Carbon monoxide alarm,Carbon monoxide alarm
41319631,Dedicated workspace,Workspace
41319631,Hangers,Hangers
41319631,Central heating,Heating
41319631,"100 inch HDTV with HBO Max, Chromecast",TV
41319631,Shared backyard – Fully fenced,Garden
41319631,Smoke alarm,Smoke alarm
41319631,Essentials,Essentials
41319631,BBQ grill,BBQ grill
41319631,Long term stays allowed,Long term stays
41319631,Fire extinguisher,Fire extinguisher
41319631,Wifi,WiFi
41319631,Free washer – In building,Washer
41319631,Central air conditioning,Air conditioning
41319631,Samsung refrigerator,Refrigerator
41319631,Free dryer – In building,Dryer
41319631,Iron,Iron
41319631,Coffee maker,Coffee maker
41319631,Private patio or balcony,Patio
41319631,First aid kit,First aid kit
41319631,Microwave,Microwave
41319631,Kitchen,Kitchen
42009788,Paid parking off premises,Parking
42009788,Carbon monoxide alarm,Carbon monoxide alarm
42009788,Dedicated workspace,Workspace
42009788,Hangers,Hangers
42009788,Hot water kettle,Other
42009788,Lockbox,Lock
42009788,Smoke alarm,Smoke alarm
42009788,Essentials,Essentials
42009788,Self check-in,Self check-in
42009788,Stove,Oven
42009788,Coffee,Coffee maker
42009788,Books and reading material,Books
42009788,Long term stays allowed,Long term stays
42009788,Refrigerator,Refrigerator
42009788,Fire extinguisher,Fire extinguisher
42009788,Wifi,WiFi
42009788,Air conditioning,Air conditioning
42009788,Board games,Board games
42009788,Patio or balcony,Patio
42009788,TV,TV
42009788,Iron,Iron
42009788,Heating,Heating
42009788,First aid kit,First aid kit
42009788,Microwave,Microwave
42009788,Hair dryer,Dryer
42009788,Kitchen,Kitchen
42391372,Carbon monoxide alarm,Carbon monoxide alarm
42391372,Shared gym,Gym
42391372,Hot water,Other
42391372,Smoke alarm,Smoke alarm
42391372,Washer – In building,Washer
42391372,Essentials,Essentials
42391372,Self check-in,Self check-in
42391372,Long term stays allowed,Long term stays
42391372,Fire extinguisher,Fire extinguisher
42391372,Wifi,WiFi
42391372,Coffee maker,Coffee maker
42391372,TV,TV
42391372,Iron,Iron
42391372,Keypad,Lock
42391372,First aid kit,First aid kit
42391372,Dryer,Dryer
42391372,Kitchen,Kitchen
42567833,Smoke alarm,Smoke alarm
42567833,Essentials,Essentials
42567833,Heating,Heating
42567833,Wifi,WiFi
42567833,Kitchen,Kitchen
42567833,Carbon monoxide alarm,Carbon monoxide alarm
42567833,Hangers,Hangers
42567833,First aid kit,First aid kit
42567833,Washer,Washer
42567833,Dryer,Dryer
42567833,Private entrance,Other
42567833,Pets allowed,Pets allowed
42567833,TV,TV
42567833,Free parking on premises,Parking
42567833,Fire extinguisher,Fire extinguisher
42689068,Smart lock,Lock
42689068,Carbon monoxide alarm,Carbon monoxide alarm
42689068,Hangers,Hangers
42689068,Toaster,Other
42689068,Smoke alarm,Smoke alarm
42689068,Essentials,Essentials
42689068,Self check-in,Self check-in
42689068,Stove,Oven
42689068,Coffee,Coffee maker
42689068,Refrigerator,Refrigerator
42689068,Fire extinguisher,Fire extinguisher
42689068,Wifi,WiFi
42689068,Air conditioning,Air conditioning
42689068,TV,TV
42689068,Iron,Iron
42689068,Free parking on premises,Parking
42689068,Heating,Heating
42689068,First aid kit,First aid kit
42689068,Microwave,Microwave
42689068,Hair dryer,Dryer
42689068,Pets allowed,Pets allowed
42689068,Kitchen,Kitchen
42763847,Window AC unit,Air conditioning
42763847,Exterior security cameras on property,Lock
42763847,Carbon monoxide alarm,Carbon monoxide alarm
42763847,Dedicated workspace,Workspace
42763847,Gas stove,Oven
42763847,Hangers,Hangers
42763847,Barbecue utensils,BBQ grill
42763847,Sound system,Sound system
42763847,Room-darkening shades,Other
42763847,Smoke alarm,Smoke alarm
42763847,Essentials,Essentials
42763847,Self check-in,Self check-in
42763847,Long term stays allowed,Long term stays
42763847,Refrigerator,Refrigerator
42763847,Fire extinguisher,Fire extinguisher
42763847,Wifi,WiFi
42763847,Free washer – In building,Washer
42763847,Coffee maker,Coffee maker
42763847,68 inch HDTV with Chromecast,TV
42763847,Free dryer – In building,Dryer
42763847,Iron,Iron
42763847,Private backyard – Fully fenced,Garden
42763847,Heating,Heating
42763847,Outdoor kitchen,Kitchen
42763847,Private patio or balcony,Patio
42763847,First aid kit,First aid kit
42763847,Free street parking,Parking
42763847,Microwave,Microwave
42763847,Pets allowed,Pets allowed
43208391,Smart lock,Lock
43208391,Window AC unit,Air conditioning
43208391,Carbon monoxide alarm,Carbon monoxide alarm
43208391,Dedicated workspace,Workspace
43208391,Hangers,Hangers
43208391,Hot water kettle,Other
43208391,Waterfront,Beach access
43208391,Smoke alarm,Smoke alarm
43208391,Essentials,Essentials
43208391,Shared patio or balcony,Patio
43208391,42 inch HDTV with Roku,TV
43208391,Self check-in,Self check-in
43208391,Stove,Oven
43208391,Coffee,Coffee maker
43208391,Refrigerator,Refrigerator
43208391,Fire extinguisher,Fire extinguisher
43208391,Wifi,WiFi
43208391,Free parking on premises – 1 space,Parking
43208391,Iron,Iron
43208391,Private backyard – Fully fenced,Garden
43208391,Radiant heating,Heating
43208391,Dishwasher,Washer
43208391,First aid kit,First aid kit
43208391,Microwave,Microwave
43208391,Hair dryer,Dryer
43208391,Kitchen,Kitchen
43459803,Exterior security cameras on property,Lock
43459803,Carbon monoxide alarm,Carbon monoxide alarm
43459803,Dedicated workspace,Workspace
43459803,Hangers,Hangers
43459803,Hot water,Other
43459803,Smoke alarm,Smoke alarm
43459803,Essentials,Essentials
43459803,Self check-in,Self check-in
43459803,Stove,Oven
43459803,Long term stays allowed,Long term stays
43459803,Refrigerator,Refrigerator
43459803,Fire extinguisher,Fire extinguisher
43459803,Wifi,WiFi
43459803,Free washer – In building,Washer
43459803,Central air conditioning,Air conditioning
43459803,TV,TV
43459803,Iron,Iron
43459803,Coffee maker,Coffee maker
43459803,Free parking on premises,Parking
43459803,Heating,Heating
43459803,Dryer,Dryer
43459803,Microwave,Microwave
43459803,Pets allowed,Pets allowed
43459803,Kitchen,Kitchen
43736299,Window AC unit,Air conditioning
43736299,Exterior security cameras on property,Lock
43736299,Carbon monoxide alarm,Carbon monoxide alarm
43736299,Dedicated workspace,Workspace
43736299,Hangers,Hangers
43736299,Bed linens,Other
43736299,Smoke alarm,Smoke alarm
43736299,Essentials,Essentials
43736299,Self check-in,Self check-in
43736299,Coffee,Coffee maker
43736299,Long term stays allowed,Long term stays
43736299,50 inch HDTV with Roku,TV
43736299,Refrigerator,Refrigerator
43736299,Fire extinguisher,Fire extinguisher
43736299,Wifi,WiFi
43736299,Shared backyard – Not fully fenced,Garden
43736299,Free washer – In building,Washer
43736299,Free dryer – In building,Dryer
43736299,Iron,Iron
43736299,Heating,Heating
43736299,GE stainless steel oven,Oven
43736299,Private patio or balcony,Patio
43736299,First aid kit,First aid kit
43736299,Microwave,Microwave
43736299,Free street parking,Parking
43736299,Kitchen,Kitchen
43955950,Coffee maker: Nespresso,Coffee maker
43955950,Children’s dinnerware,Other
43955950,Smart lock,Lock
43955950,Window AC unit,Air conditioning
43955950,Carbon monoxide alarm,Carbon monoxide alarm
43955950,Hangers,Hangers
43955950,Barbecue utensils,BBQ grill
43955950,Smoke alarm,Smoke alarm
43955950,Essentials,Essentials
43955950,High chair,High chair
43955950,Crib,Crib
43955950,Self check-in,Self check-in
43955950,Books and reading material,Books
43955950,Long term stays allowed,Long term stays
43955950,Stainless steel electric stove,Oven
43955950,Fire extinguisher,Fire extinguisher
43955950,Refrigerator,Refrigerator
43955950,Free residential garage on premises,Parking
43955950,Wifi,WiFi
43955950,Board games,Board games
43955950,TV,TV
43955950,Iron,Iron
43955950,Private backyard – Fully fenced,Garden
43955950,Heating,Heating
43955950,Free washer – In unit,Washer
43955950,Free dryer – In unit,Dryer
43955950,First aid kit,First aid kit
43955950,Exercise equipment,Gym
43955950,Microwave,Microwave
43955950,Pets allowed,Pets allowed
43955950,Kitchen,Kitchen
44180048,Smart lock,Lock
44180048,Carbon monoxide alarm,Carbon monoxide alarm
44180048,Hangers,Hangers
44180048,Park view,Other
44180048,Smoke alarm,Smoke alarm
44180048,Essentials,Essentials
44180048,Crib,Crib
44180048,Self check-in,Self check-in
44180048,Stove,Oven
44180048,Long term stays allowed,Long term stays
44180048,Fire extinguisher,Fire extinguisher
44180048,Refrigerator,Refrigerator
44180048,Wifi,WiFi
44180048,Air conditioning,Air conditioning
44180048,TV,TV
44180048,Coffee maker,Coffee maker
44180048,Iron,Iron
44180048,Free parking on premises,Parking
44180048,Heating,Heating
44180048,First aid kit,First aid kit
44180048,Microwave,Microwave
44180048,Hair dryer,Dryer
44180048,Kitchen,Kitchen
44265426,Smart lock,Lock
44265426,Window AC unit,Air conditioning
44265426,Carbon monoxide alarm,Carbon monoxide alarm
44265426,Hangers,Hangers
44265426,Room-darkening shades,Other
44265426,Smoke alarm,Smoke alarm
44265426,Essentials,Essentials
44265426,TV with Roku,TV
44265426,Self check-in,Self check-in
44265426,Stove,Oven
44265426,Coffee,Coffee maker
44265426,Long term stays allowed,Long term stays
44265426,Pack ’n play/Travel crib,Crib
44265426,Fire extinguisher,Fire extinguisher
44265426,Refrigerator,Refrigerator
44265426,Wifi,WiFi
44265426,Board games,Board games
44265426,Iron,Iron
44265426,Free parking on premises,Parking
44265426,Heating,Heating
44265426,First aid kit,First aid kit
44265426,Microwave,Microwave
44265426,Hair dryer,Dryer
44265426,Kitchen,Kitchen
44450012,Carbon monoxide alarm,Carbon monoxide alarm
44450012,Hangers,Hangers
44450012,Backyard,Garden
44450012,Hot water,Other
44450012,Lockbox,Lock
44450012,Smoke alarm,Smoke alarm
44450012,Essentials,Essentials
44450012,Self check-in,Self check-in
44450012,Long term stays allowed,Long term stays
44450012,Fire extinguisher,Fire extinguisher
44450012,Wifi,WiFi
44450012,Air conditioning,Air conditioning
44450012,TV,TV
44450012,Iron,Iron
44450012,Free parking on premises,Parking
44450012,Heating,Heating
44450012,Washer,Washer
44450012,Dryer,Dryer
44450012,Kitchen,Kitchen
45024912,Smart lock,Lock
45024912,Carbon monoxide alarm,Carbon monoxide alarm
45024912,Hangers,Hangers
45024912,Backyard,Garden
45024912,Smoke alarm,Smoke alarm
45024912,Essentials,Essentials
45024912,Self check-in,Self check-in
45024912,Dishes and silverware,Other
45024912,Fire extinguisher,Fire extinguisher
45024912,Wifi,WiFi
45024912,Air conditioning,Air conditioning
45024912,Patio or balcony,Patio
45024912,Coffee maker,Coffee maker
45024912,TV,TV
45024912,Iron,Iron
45024912,Free parking on premises,Parking
45024912,Heating,Heating
45024912,First aid kit,First aid kit
45024912,Hair dryer,Dryer
45024912,Kitchen,Kitchen
45074220,Smart lock,Lock
45074220,Dedicated workspace,Workspace
45074220,Electric stove,Oven
45074220,Bed linens,Other
45074220,Smoke alarm,Smoke alarm
45074220,Essentials,Essentials
45074220,Self check-in,Self check-in
45074220,Books and reading material,Books
45074220,Refrigerator,Refrigerator
45074220,Fire extinguisher,Fire extinguisher
45074220,Wifi,WiFi
45074220,Air conditioning,Air conditioning
45074220,Paid street parking off premises,Parking
45074220,TV,TV
45074220,Iron,Iron
45074220,Heating,Heating
45074220,First aid kit,First aid kit
45074220,Microwave,Microwave
45074220,Hair dryer,Dryer
45074220,Kitchen,Kitchen
45074220,Coffee maker: drip coffee maker,Coffee maker
45313545,Carbon monoxide alarm,Carbon monoxide alarm
45313545,Hangers,Hangers
45313545,Hot water,Other
45313545,Smoke alarm,Smoke alarm
45313545,Essentials,Essentials
45313545,Self check-in,Self check-in
45313545,Long term stays allowed,Long term stays
45313545,Fire extinguisher,Fire extinguisher
45313545,Wifi,WiFi
45313545,Air conditioning,Air conditioning
45313545,TV,TV
45313545,Coffee maker,Coffee maker
45313545,Iron,Iron
45313545,Free parking on premises,Parking
45313545,Keypad,Lock
45313545,Heating,Heating
45313545,Washer,Washer
45313545,Dryer,Dryer
45313545,Pets allowed,Pets allowed
45313545,Kitchen,Kitchen
45528939,Exterior security cameras on property,Lock
45528939,Carbon monoxide alarm,Carbon monoxide alarm
45528939,Dedicated workspace,Workspace
45528939,Hangers,Hangers
45528939,Hot water,Other
45528939,Smoke alarm,Smoke alarm
45528939,Essentials,Essentials
45528939,Coffee maker: Keurig coffee machine,Coffee maker
45528939,Self check-in,Self check-in
45528939,Stove,Oven
45528939,Long term stays allowed,Long term stays
45528939,Refrigerator,Refrigerator
45528939,Fire extinguisher,Fire extinguisher
45528939,Wifi,WiFi
45528939,Air conditioning,Air conditioning
45528939,TV,TV
45528939,Iron,Iron
45528939,Heating,Heating
45528939,Paid parking lot off premises,Parking
45528939,Dishwasher,Washer
45528939,First aid kit,First aid kit
45528939,Microwave,Microwave
45528939,Pets allowed,Pets allowed
45528939,Hair dryer,Dryer
45528939,Kitchen,Kitchen
45529316,Exterior security cameras on property,Lock
45529316,Carbon monoxide alarm,Carbon monoxide alarm
45529316,Hangers,Hangers
45529316,Electric stove,Oven
45529316,Toaster,Other
45529316,Smoke alarm,Smoke alarm
45529316,Essentials,Essentials
45529316,Coffee maker: Keurig coffee machine,Coffee maker
45529316,Self check-in,Self check-in
45529316,Long term stays allowed,Long term stays
45529316,Refrigerator,Refrigerator
45529316,Fire extinguisher,Fire extinguisher
45529316,Wifi,WiFi
45529316,Air conditioning,Air conditioning
45529316,TV,TV
45529316,Iron,Iron
45529316,Heating,Heating
45529316,Paid parking lot off premises,Parking
45529316,Dishwasher,Washer
45529316,First aid kit,First aid kit
45529316,Microwave,Microwave
45529316,Hair dryer,Dryer
45529316,Pets allowed,Pets allowed
45529316,Kitchen,Kitchen
45529447,Exterior security cameras on property,Lock
45529447,Carbon monoxide alarm,Carbon monoxide alarm
45529447,Hangers,Hangers
45529447,Room-darkening shades,Other
45529447,Smoke alarm,Smoke alarm
45529447,Essentials,Essentials
45529447,Coffee maker: Keurig coffee machine,Coffee maker
45529447,Self check-in,Self check-in
45529447,Stove,Oven
45529447,Long term stays allowed,Long term stays
45529447,Refrigerator,Refrigerator
45529447,Fire extinguisher,Fire extinguisher
45529447,Wifi,WiFi
45529447,Air conditioning,Air conditioning
45529447,TV,TV
45529447,Iron,Iron
45529447,Heating,Heating
45529447,Paid parking lot off premises,Parking
45529447,Dishwasher,Washer
45529447,Microwave,Microwave
45529447,Hair dryer,Dryer
45529447,Pets allowed,Pets allowed
45529447,Kitchen,Kitchen
46894493,Smart lock,Lock
46894493,Carbon monoxide alarm,Carbon monoxide alarm
46894493,Hangers,Hangers
46894493,Hot water kettle,Other
46894493,Backyard,Garden
46894493,Smoke alarm,Smoke alarm
46894493,Essentials,Essentials
46894493,Coffee maker: pour-over coffee,Coffee maker
46894493,Self check-in,Self check-in
46894493,Stove,Oven
46894493,Long term stays allowed,Long term stays
46894493,Refrigerator,Refrigerator
46894493,Fire extinguisher,Fire extinguisher
46894493,Wifi,WiFi
46894493,Air conditioning,Air conditioning
46894493,HDTV with HBO Max,TV
46894493,Patio or balcony,Patio
46894493,Iron,Iron
46894493,Free parking on premises,Parking
46894493,Heating,Heating
46894493,Dishwasher,Washer
46894493,First aid kit,First aid kit
46894493,Dryer,Dryer
46894493,Microwave,Microwave
46894493,Kitchen,Kitchen
47334913,Carbon monoxide alarm,Carbon monoxide alarm
47334913,Dedicated workspace,Workspace
47334913,Hangers,Hangers
47334913,Hot water,Other
47334913,Lockbox,Lock
47334913,Smoke alarm,Smoke alarm
47334913,Essentials,Essentials
47334913,Shared patio or balcony,Patio
47334913,Self check-in,Self check-in
47334913,Wifi,WiFi
47334913,Air conditioning,Air conditioning
47334913,Coffee maker,Coffee maker
47334913,TV,TV
47334913,Iron,Iron
47334913,Free parking on premises,Parking
47334913,Heating,Heating
47334913,Microwave,Microwave
47334913,Hair dryer,Dryer
47334913,Kitchen,Kitchen
47345872,Carbon monoxide alarm,Carbon monoxide alarm
47345872,Dedicated workspace,Workspace
47345872,Hangers,Hangers
47345872,Hot water,Other
47345872,Smoke alarm,Smoke alarm
47345872,Essentials,Essentials
47345872,Self check-in,Self check-in
47345872,Stove,Oven
47345872,Refrigerator,Refrigerator
47345872,Wifi,WiFi
47345872,Air conditioning,Air conditioning
47345872,TV,TV
47345872,Coffee maker,Coffee maker
47345872,Iron,Iron
47345872,Keypad,Lock
47345872,Free parking on premises,Parking
47345872,Heating,Heating
47345872,Dishwasher,Washer
47345872,First aid kit,First aid kit
47345872,Dryer,Dryer
47345872,Microwave,Microwave
47345872,Pets allowed,Pets allowed
47345872,Kitchen,Kitchen
47408047,Carbon monoxide alarm,Carbon monoxide alarm
47408047,Dedicated workspace,Workspace
47408047,Hangers,Hangers
47408047,Hot water,Other
47408047,Lockbox,Lock
47408047,Smoke alarm,Smoke alarm
47408047,Essentials,Essentials
47408047,Coffee maker: Keurig coffee machine,Coffee maker
47408047,Self check-in,Self check-in
47408047,Stove,Oven
47408047,Refrigerator,Refrigerator
47408047,Wifi,WiFi
47408047,Air conditioning,Air conditioning
47408047,TV,TV
47408047,Iron,Iron
47408047,Free parking on premises,Parking
47408047,Heating,Heating
47408047,Dishwasher,Washer
47408047,Dryer,Dryer
47408047,Kitchen,Kitchen
47440071,Pool table,Pool
47440071,Exterior security cameras on property,Lock
47440071,Carbon monoxide alarm,Carbon monoxide alarm
47440071,Dedicated workspace,Workspace
47440071,Gas stove,Oven
47440071,Hangers,Hangers
47440071,Indoor fireplace: gas,Heating
47440071,Barbecue utensils,BBQ grill
47440071,Bed linens,Other
47440071,Smoke alarm,Smoke alarm
47440071,Essentials,Essentials
47440071,Shared patio or balcony,Patio
47440071,"65 inch HDTV with Hulu, Disney+, HBO Max, Amazon Prime Video, Netflix",TV
47440071,Crib,Crib
47440071,Shared hot tub,Hot tub
47440071,Self check-in,Self check-in
47440071,Coffee,Coffee maker
47440071,Books and reading material,Books
47440071,Long term stays allowed,Long term stays
47440071,Refrigerator,Refrigerator
47440071,Fire extinguisher,Fire extinguisher
47440071,Wifi,WiFi
47440071,Boston Acoustics Bluetooth sound system,Sound system
47440071,Board games,Board games
47440071,Free washer – In building,Washer
47440071,Central air conditioning,Air conditioning
47440071,Free dryer – In building,Dryer
47440071,Iron,Iron
47440071,Free parking on premises,Parking
47440071,Private backyard – Fully fenced,Garden
47440071,Microwave,Microwave
47440071,Kitchen,Kitchen
47828453,Exterior security cameras on property,Lock
47828453,Carbon monoxide alarm,Carbon monoxide alarm
47828453,Hangers,Hangers
47828453,Hot water,Other
47828453,Smoke alarm,Smoke alarm
47828453,Essentials,Essentials
47828453,Self check-in,Self check-in
47828453,Refrigerator,Refrigerator
47828453,Wifi,WiFi
47828453,Air conditioning,Air conditioning
47828453,TV,TV
47828453,Iron,Iron
47828453,Free parking on premises,Parking
47828453,Heating,Heating
47828453,Dryer,Dryer
47828453,Washer,Washer
47828453,Pets allowed,Pets allowed
47828453,Kitchen,Kitchen
47902629,Exterior security cameras on property,Lock
47902629,Carbon monoxide alarm,Carbon monoxide alarm
47902629,Dedicated workspace,Workspace
47902629,Hangers,Hangers
47902629,Hot water,Other
47902629,Smoke alarm,Smoke alarm
47902629,Essentials,Essentials
47902629,Self check-in,Self check-in
47902629,Stove,Oven
47902629,Fire extinguisher,Fire extinguisher
47902629,Wifi,WiFi
47902629,Air conditioning,Air conditioning
47902629,TV,TV
47902629,Free parking on premises,Parking
47902629,Heating,Heating
47902629,Dryer,Dryer
47902629,Washer,Washer
47902629,Pets allowed,Pets allowed
47902629,Kitchen,Kitchen
47943571,City skyline view,Other
47943571,Exterior security cameras on property,Lock
47943571,Carbon monoxide alarm,Carbon monoxide alarm
47943571,Dedicated workspace,Workspace
47943571,Hangers,Hangers
47943571,Central heating,Heating
47943571,Barbecue utensils,BBQ grill
47943571,Electric stove,Oven
47943571,Smoke alarm,Smoke alarm
47943571,Essentials,Essentials
47943571,Coffee maker: Keurig coffee machine,Coffee maker
47943571,Self check-in,Self check-in
47943571,Children’s books and toys for ages 0-2 years old and 2-5 years old,Books
47943571,Long term stays allowed,Long term stays
47943571,Refrigerator,Refrigerator
47943571,Fire extinguisher,Fire extinguisher
47943571,Elevator,Elevator
47943571,Wifi,WiFi
47943571,Bluetooth Speaker Bluetooth sound system,Sound system
47943571,Air conditioning,Air conditioning
47943571,Board games,Board games
47943571,Free washer – In building,Washer
47943571,TV,TV
47943571,Free dryer – In building,Dryer
47943571,Crib - available upon request,Crib
47943571,Free street parking,Parking
47943571,Microwave,Microwave
47943571,Pets allowed,Pets allowed
47943571,Kitchen,Kitchen
48052353,Samsung gas stove,Oven
48052353,Smart lock,Lock
48052353,Window AC unit,Air conditioning
48052353,Carbon monoxide alarm,Carbon monoxide alarm
48052353,Dedicated workspace,Workspace
48052353,Hangers,Hangers
48052353,Bed linens,Other
48052353,Smoke alarm,Smoke alarm
48052353,Essentials,Essentials
48052353,Self check-in,Self check-in
48052353,Coffee,Coffee maker
48052353,Fireplace guards,Heating
48052353,Long term stays allowed,Long term stays
48052353,Refrigerator,Refrigerator
48052353,Fire extinguisher,Fire extinguisher
48052353,Fast wifi – 226 Mbps,WiFi
48052353,Shared backyard – Not fully fenced,Garden
48052353,Free washer – In building,Washer
48052353,Free dryer – In building,Dryer
48052353,Iron,Iron
48052353,Private patio or balcony,Patio
48052353,First aid kit,First aid kit
48052353,Microwave,Microwave
48052353,65 inch HDTV with Roku,TV
48052353,Free street parking,Parking
48052353,Kitchen,Kitchen
48124042,City skyline view,Other
48124042,Exterior security cameras on property,Lock
48124042,Carbon monoxide alarm,Carbon monoxide alarm
48124042,Dedicated workspace,Workspace
48124042,Hangers,Hangers
48124042,Barbecue utensils,BBQ grill
48124042,Sound system,Sound system
48124042,Electric stove,Oven
48124042,Smoke alarm,Smoke alarm
48124042,Essentials,Essentials
48124042,Coffee maker: Keurig coffee machine,Coffee maker
48124042,Self check-in,Self check-in
48124042,Books and reading material,Books
48124042,Pack ’n play/Travel crib - available upon request,Crib
48124042,Long term stays allowed,Long term stays
48124042,Refrigerator,Refrigerator
48124042,Fire extinguisher,Fire extinguisher
48124042,Elevator,Elevator
48124042,Wifi,WiFi
48124042,"55 inch HDTV with Chromecast, Roku",TV
48124042,Paid parking garage off premises,Parking
48124042,Board games,Board games
48124042,Free washer – In building,Washer
48124042,Central air conditioning,Air conditioning
48124042,Free dryer – In building,Dryer
48124042,Iron,Iron
48124042,Heating,Heating
48124042,Microwave,Microwave
48124042,Pets allowed,Pets allowed
48124042,Kitchen,Kitchen
48172884,Window AC unit,Air conditioning
48172884,Carbon monoxide alarm,Carbon monoxide alarm
48172884,Dedicated workspace,Workspace
48172884,Hangers,Hangers
48172884,Hot water,Other
48172884,Dryer – In building,Dryer
48172884,Smoke alarm,Smoke alarm
48172884,Essentials,Essentials
48172884,Coffee maker: Keurig coffee machine,Coffee maker
48172884,Self check-in,Self check-in
48172884,Long term stays allowed,Long term stays
48172884,Refrigerator,Refrigerator
48172884,Wifi,WiFi
48172884,Patio or balcony,Patio
48172884,Keypad,Lock
48172884,Iron,Iron
48172884,Free parking on premises,Parking
48172884,Heating,Heating
48172884,First aid kit,First aid kit
48172884,Washer,Washer
48172884,Kitchen,Kitchen
48470454,Private BBQ grill: gas,BBQ grill
48470454,Smart lock,Lock
48470454,Carbon monoxide alarm,Carbon monoxide alarm
48470454,Dedicated workspace,Workspace
48470454,Hangers,Hangers
48470454,"85 inch HDTV with Amazon Prime Video, Apple TV, Hulu, Netflix, premium cable",TV
48470454,Hot water kettle,Other
48470454,Smoke alarm,Smoke alarm
48470454,Essentials,Essentials
48470454,High chair,High chair
48470454,Crib,Crib
48470454,Self check-in,Self check-in
48470454,Coffee,Coffee maker
48470454,Private backyard – Not fully fenced,Garden
48470454,Long term stays allowed,Long term stays
48470454,Stainless steel oven,Oven
48470454,Fire extinguisher,Fire extinguisher
48470454,Refrigerator,Refrigerator
48470454,Wifi,WiFi
48470454,Central air conditioning,Air conditioning
48470454,Iron,Iron
48470454,Free parking on premises,Parking
48470454,Heating,Heating
48470454,Free washer – In unit,Washer
48470454,Free dryer – In unit,Dryer
48470454,Private patio or balcony,Patio
48470454,First aid kit,First aid kit
48470454,Microwave,Microwave
48470454,Pets allowed,Pets allowed
48470454,Children’s books and toys,Books
48470454,Kitchen,Kitchen
48599533,Carbon monoxide alarm,Carbon monoxide alarm
48599533,Hangers,Hangers
48599533,Room-darkening shades,Other
48599533,Lockbox,Lock
48599533,Smoke alarm,Smoke alarm
48599533,Essentials,Essentials
48599533,Self check-in,Self check-in
48599533,Stove,Oven
48599533,Coffee,Coffee maker
48599533,Refrigerator,Refrigerator
48599533,Fire extinguisher,Fire extinguisher
48599533,Elevator,Elevator
48599533,Wifi,WiFi
48599533,Air conditioning,Air conditioning
48599533,TV,TV
48599533,Iron,Iron
48599533,Heating,Heating
48599533,Washer,Washer
48599533,Dryer,Dryer
48599533,Microwave,Microwave
48599533,Kitchen,Kitchen
50171851,Exterior security cameras on property,Lock
50171851,Carbon monoxide alarm,Carbon monoxide alarm
50171851,Dedicated workspace,Workspace
50171851,"Coffee maker: drip coffee maker, pour-over coffee",Coffee maker
50171851,Hangers,Hangers
50171851,Room-darkening shades,Other
50171851,Smoke alarm,Smoke alarm
50171851,Essentials,Essentials
50171851,Portable air conditioning,Air conditioning
50171851,Self check-in,Self check-in
50171851,Books and reading material,Books
50171851,Long term stays allowed,Long term stays
50171851,Stainless steel oven,Oven
50171851,Refrigerator,Refrigerator
50171851,Fire extinguisher,Fire extinguisher
50171851,Wifi,WiFi
50171851,TV,TV
50171851,Iron,Iron
50171851,Free washer – In unit,Washer
50171851,Free dryer – In unit,Dryer
50171851,Radiant heating,Heating
50171851,Paid parking lot off premises,Parking
50171851,Private patio or balcony,Patio
50171851,First aid kit,First aid kit
50171851,Microwave,Microwave
50171851,Pets allowed,Pets allowed
50171851,Garden view,Garden
50171851,Kitchen,Kitchen
50207226,Exterior security cameras on property,Lock
50207226,Carbon monoxide alarm,Carbon monoxide alarm
50207226,Dedicated workspace,Workspace
50207226,Hangers,Hangers
50207226,Hot water kettle,Other
50207226,Shared backyard – Fully fenced,Garden
50207226,Smoke alarm,Smoke alarm
50207226,Essentials,Essentials
50207226,Coffee maker: Keurig coffee machine,Coffee maker
50207226,Self check-in,Self check-in
50207226,Stove,Oven
50207226,Long term stays allowed,Long term stays
50207226,Refrigerator,Refrigerator
50207226,Fire extinguisher,Fire extinguisher
50207226,Wifi,WiFi
50207226,Air conditioning,Air conditioning
50207226,TV,TV
50207226,Iron,Iron
50207226,Free parking on premises,Parking
50207226,Heating,Heating
50207226,Dishwasher,Washer
50207226,First aid kit,First aid kit
50207226,Dryer,Dryer
50207226,Microwave,Microwave
50207226,Pets allowed,Pets allowed
50207226,Kitchen,Kitchen
50211226,Window AC unit,Air conditioning
50211226,Exterior security cameras on property,Lock
50211226,Carbon monoxide alarm,Carbon monoxide alarm
50211226,Dedicated workspace,Workspace
50211226,Hangers,Hangers
50211226,Single level home,Other
50211226,"Coffee maker: drip coffee maker, Keurig coffee machine",Coffee maker
50211226,Backyard,Garden
50211226,Barbecue utensils,BBQ grill
50211226,Electric stove,Oven
50211226,Smoke alarm,Smoke alarm
50211226,Essentials,Essentials
50211226,Self check-in,Self check-in
50211226,Books and reading material,Books
50211226,Long term stays allowed,Long term stays
50211226,Refrigerator,Refrigerator
50211226,Fire extinguisher,Fire extinguisher
50211226,Wifi,WiFi
50211226,Board games,Board games
50211226,"40 inch HDTV with Roku, Netflix",TV
50211226,Iron,Iron
50211226,Radiant heating,Heating
50211226,Dishwasher,Washer
50211226,First aid kit,First aid kit
50211226,Free street parking,Parking
50211226,Microwave,Microwave
50211226,Hair dryer,Dryer
50211226,Kitchen,Kitchen
50354540,Carbon monoxide alarm,Carbon monoxide alarm
50354540,Dedicated workspace,Workspace
50354540,Hangers,Hangers
50354540,Hot water kettle,Other
50354540,Lockbox,Lock
50354540,Smoke alarm,Smoke alarm
50354540,Essentials,Essentials
50354540,Self check-in,Self check-in
50354540,Stove,Oven
50354540,Coffee,Coffee maker
50354540,Books and reading material,Books
50354540,Long term stays allowed,Long term stays
50354540,Refrigerator,Refrigerator
50354540,Fire extinguisher,Fire extinguisher
50354540,Wifi,WiFi
50354540,Air conditioning,Air conditioning
50354540,TV,TV
50354540,Iron,Iron
50354540,Free parking on premises,Parking
50354540,Heating,Heating
50354540,First aid kit,First aid kit
50354540,Dryer,Dryer
50354540,Kitchen,Kitchen
50890336,Carbon monoxide alarm,Carbon monoxide alarm
50890336,Dedicated workspace,Workspace
50890336,Hangers,Hangers
50890336,Hot water kettle,Other
50890336,Lockbox,Lock
50890336,Shared backyard – Fully fenced,Garden
50890336,Smoke alarm,Smoke alarm
50890336,Essentials,Essentials
50890336,BBQ grill,BBQ grill
50890336,Coffee maker: Keurig coffee machine,Coffee maker
50890336,Self check-in,Self check-in
50890336,Stove,Oven
50890336,Long term stays allowed,Long term stays
50890336,Refrigerator,Refrigerator
50890336,Fire extinguisher,Fire extinguisher
50890336,Wifi,WiFi
50890336,Air conditioning,Air conditioning
50890336,TV,TV
50890336,Iron,Iron
50890336,Free parking on premises,Parking
50890336,Heating,Heating
50890336,Dishwasher,Washer
50890336,First aid kit,First aid kit
50890336,Dryer,Dryer
50890336,Microwave,Microwave
50890336,Pets allowed,Pets allowed
50890336,Kitchen,Kitchen
51230498,Exterior security cameras on property,Lock
51230498,Carbon monoxide alarm,Carbon monoxide alarm
51230498,Dedicated workspace,Workspace
51230498,Hangers,Hangers
51230498,Backyard,Garden
51230498,Central heating,Heating
51230498,Room-darkening shades,Other
51230498,Smoke alarm,Smoke alarm
51230498,Essentials,Essentials
51230498,BBQ grill,BBQ grill
51230498,Self check-in,Self check-in
51230498,Coffee,Coffee maker
51230498,Refrigerator,Refrigerator
51230498,Fire extinguisher,Fire extinguisher
51230498,Wifi,WiFi
51230498,TV,TV
51230498,Iron,Iron
51230498,Free parking on premises,Parking
51230498,Private patio or balcony,Patio
51230498,First aid kit,First aid kit
51230498,Microwave,Microwave
51503537,Carbon monoxide alarm,Carbon monoxide alarm
51503537,Hangers,Hangers
51503537,Bed linens,Other
51503537,Lockbox,Lock
51503537,Smoke alarm,Smoke alarm
51503537,Essentials,Essentials
51503537,Self check-in,Self check-in
51503537,Long term stays allowed,Long term stays
51503537,Stainless steel oven,Oven
51503537,Refrigerator,Refrigerator
51503537,Elevator,Elevator
51503537,Air conditioning,Air conditioning
51503537,TV,TV
51503537,Heating,Heating
51503537,Dishwasher,Washer
51503537,Dryer,Dryer
51503537,Microwave,Microwave
51503537,Pets allowed,Pets allowed
51503537,Gym,Gym
51503537,Kitchen,Kitchen
51503537,Coffee maker: drip coffee maker,Coffee maker
51579900,Exterior security cameras on property,Lock
51579900,Carbon monoxide alarm,Carbon monoxide alarm
51579900,Dedicated workspace,Workspace
51579900,Hangers,Hangers
51579900,Hot water kettle,Other
51579900,Shared backyard – Fully fenced,Garden
51579900,Smoke alarm,Smoke alarm
51579900,Essentials,Essentials
51579900,BBQ grill,BBQ grill
51579900,Coffee maker: Keurig coffee machine,Coffee maker
51579900,Self check-in,Self check-in
51579900,Stove,Oven
51579900,Long term stays allowed,Long term stays
51579900,Refrigerator,Refrigerator
51579900,Fire extinguisher,Fire extinguisher
51579900,Wifi,WiFi
51579900,Air conditioning,Air conditioning
51579900,TV,TV
51579900,Iron,Iron
51579900,Free parking on premises,Parking
51579900,Heating,Heating
51579900,Free washer – In unit,Washer
51579900,Free dryer – In unit,Dryer
51579900,First aid kit,First aid kit
51579900,Microwave,Microwave
51579900,Pets allowed,Pets allowed
51579900,Kitchen,Kitchen
51592836,Window AC unit,Air conditioning
51592836,Carbon monoxide alarm,Carbon monoxide alarm
51592836,42 inch TV,TV
51592836,Dedicated workspace,Workspace
51592836,Gas stove,Oven
51592836,Hangers,Hangers
51592836,Hot water kettle,Other
51592836,Lockbox,Lock
51592836,Smoke alarm,Smoke alarm
51592836,Essentials,Essentials
51592836,Self check-in,Self check-in
51592836,Books and reading material,Books
51592836,Long term stays allowed,Long term stays
51592836,Courtyard view,Garden
51592836,Refrigerator,Refrigerator
51592836,Fire extinguisher,Fire extinguisher
51592836,Wifi,WiFi
51592836,Coffee maker,Coffee maker
51592836,Iron,Iron
51592836,Radiant heating,Heating
51592836,Dishwasher,Washer
51592836,First aid kit,First aid kit
51592836,Free street parking,Parking
51592836,Microwave,Microwave
51592836,Hair dryer,Dryer
51592836,Kitchen,Kitchen
51710034,Window AC unit,Air conditioning
51710034,Carbon monoxide alarm,Carbon monoxide alarm
51710034,Dedicated workspace,Workspace
51710034,Hangers,Hangers
51710034,Central heating,Heating
51710034,Bed linens,Other
51710034,Lockbox,Lock
51710034,Smoke alarm,Smoke alarm
51710034,Essentials,Essentials
51710034,Self check-in,Self check-in
51710034,HDTV,TV
51710034,Coffee,Coffee maker
51710034,Long term stays allowed,Long term stays
51710034,Refrigerator,Refrigerator
51710034,Elevator,Elevator
51710034,Paid washer – In building,Washer
51710034,Wifi,WiFi
51710034,Iron,Iron
51710034,Oven,Oven
51710034,Microwave,Microwave
51710034,Hair dryer,Dryer
51710034,Kitchen,Kitchen
52152157,Carbon monoxide alarm,Carbon monoxide alarm
52152157,Dedicated workspace,Workspace
52152157,Hangers,Hangers
52152157,Hot water kettle,Other
52152157,Central heating,Heating
52152157,Lockbox,Lock
52152157,Smoke alarm,Smoke alarm
52152157,Essentials,Essentials
52152157,Coffee maker: Keurig coffee machine,Coffee maker
52152157,Self check-in,Self check-in
52152157,Books and reading material,Books
52152157,Long term stays allowed,Long term stays
52152157,Stainless steel oven,Oven
52152157,Wifi,WiFi
52152157,Board games,Board games
52152157,GE refrigerator,Refrigerator
52152157,Central air conditioning,Air conditioning
52152157,"58 inch HDTV with Roku, standard cable, Netflix",TV
52152157,Iron,Iron
52152157,Free parking on premises,Parking
52152157,Private backyard – Fully fenced,Garden
52152157,Free washer – In unit,Washer
52152157,Free dryer – In unit,Dryer
52152157,Private patio or balcony,Patio
52152157,Microwave,Microwave
52152157,Kitchen,Kitchen
52241973,Coffee maker: Nespresso,Coffee maker
52241973,Exterior security cameras on property,Lock
52241973,Carbon monoxide alarm,Carbon monoxide alarm
52241973,Dedicated workspace,Workspace
52241973,Hangers,Hangers
52241973,43 inch HDTV,TV
52241973,Hot water kettle,Other
52241973,Electric stove,Oven
52241973,Smoke alarm,Smoke alarm
52241973,Essentials,Essentials
52241973,Galanz refrigerator,Refrigerator
52241973,Portable air conditioning,Air conditioning
52241973,Self check-in,Self check-in
52241973,Books and reading material,Books
52241973,Fire extinguisher,Fire extinguisher
52241973,Wifi,WiFi
52241973,Iron,Iron
52241973,Radiant heating,Heating
52241973,Free street parking,Parking
52241973,Microwave,Microwave
52241973,Hair dryer,Dryer
52241973,Kitchen,Kitchen
52360097,Smoke alarm,Smoke alarm
52360097,Heating,Heating
52360097,Wifi,WiFi
52360097,Paid parking on premises,Parking
52360097,Cooking basics,Other
52360097,Kitchen,Kitchen
52360097,Air conditioning,Air conditioning
52360097,Carbon monoxide alarm,Carbon monoxide alarm
52360097,Dedicated workspace,Workspace
52360097,Self check-in,Self check-in
52360097,Washer,Washer
52360097,TV,TV
52360097,Hair dryer,Dryer
52360097,Iron,Iron
52360097,Lockbox,Lock
52611613,Carbon monoxide alarm,Carbon monoxide alarm
52611613,Dedicated workspace,Workspace
52611613,Hangers,Hangers
52611613,Backyard,Garden
52611613,Bed linens,Other
52611613,Lockbox,Lock
52611613,Smoke alarm,Smoke alarm
52611613,Essentials,Essentials
52611613,BBQ grill,BBQ grill
52611613,Coffee maker: Keurig coffee machine,Coffee maker
52611613,Crib,Crib
52611613,Self check-in,Self check-in
52611613,Stove,Oven
52611613,Long term stays allowed,Long term stays
52611613,Refrigerator,Refrigerator
52611613,Fire extinguisher,Fire extinguisher
52611613,Wifi,WiFi
52611613,Air conditioning,Air conditioning
52611613,TV,TV
52611613,Iron,Iron
52611613,Free parking on premises,Parking
52611613,Heating,Heating
52611613,Free dryer – In unit,Dryer
52611613,Dishwasher,Washer
52611613,First aid kit,First aid kit
52611613,Exercise equipment,Gym
52611613,Microwave,Microwave
52611613,Pets allowed,Pets allowed
52611613,Kitchen,Kitchen
52619545,Children’s dinnerware,Other
52619545,Smart lock,Lock
52619545,Window AC unit,Air conditioning
52619545,Carbon monoxide alarm,Carbon monoxide alarm
52619545,Hangers,Hangers
52619545,Smoke alarm,Smoke alarm
52619545,Essentials,Essentials
52619545,Self check-in,Self check-in
52619545,Stove,Oven
52619545,Coffee,Coffee maker
52619545,Books and reading material,Books
52619545,Long term stays allowed,Long term stays
52619545,Free residential garage on premises,Parking
52619545,Pack ’n play/Travel crib,Crib
52619545,Fire extinguisher,Fire extinguisher
52619545,Refrigerator,Refrigerator
52619545,Wifi,WiFi
52619545,Shared backyard – Not fully fenced,Garden
52619545,TV,TV
52619545,Iron,Iron
52619545,Heating,Heating
52619545,First aid kit,First aid kit
52619545,Microwave,Microwave
52619545,Hair dryer,Dryer
52619545,Pets allowed,Pets allowed
52619545,Kitchen,Kitchen
52691284,Smart lock,Lock
52691284,Carbon monoxide alarm,Carbon monoxide alarm
52691284,Dedicated workspace,Workspace
52691284,Hangers,Hangers
52691284,Backyard,Garden
52691284,Hot water,Other
52691284,Smoke alarm,Smoke alarm
52691284,Essentials,Essentials
52691284,High chair,High chair
52691284,BBQ grill,BBQ grill
52691284,Crib,Crib
52691284,Self check-in,Self check-in
52691284,Refrigerator,Refrigerator
52691284,Fire extinguisher,Fire extinguisher
52691284,Wifi,WiFi
52691284,Air conditioning,Air conditioning
52691284,Board games,Board games
52691284,Patio or balcony,Patio
52691284,TV,TV
52691284,Coffee maker,Coffee maker
52691284,Iron,Iron
52691284,Heating,Heating
52691284,Children’s books and toys,Books
52691284,First aid kit,First aid kit
52691284,Dryer,Dryer
52691284,Washer,Washer
52691284,Pets allowed,Pets allowed
52691284,Kitchen,Kitchen
52836323,Smart lock,Lock
52836323,Carbon monoxide alarm,Carbon monoxide alarm
52836323,Hangers,Hangers
52836323,Hot water,Other
52836323,Smoke alarm,Smoke alarm
52836323,Essentials,Essentials
52836323,Self check-in,Self check-in
52836323,Free residential garage on premises,Parking
52836323,Wifi,WiFi
52836323,Air conditioning,Air conditioning
52836323,Coffee maker,Coffee maker
52836323,TV,TV
52836323,Iron,Iron
52836323,Heating,Heating
52836323,First aid kit,First aid kit
52836323,Hair dryer,Dryer
52836323,Kitchen,Kitchen
52837196,Smart lock,Lock
52837196,Carbon monoxide alarm,Carbon monoxide alarm
52837196,Dedicated workspace,Workspace
52837196,Hangers,Hangers
52837196,Room-darkening shades,Other
52837196,Smoke alarm,Smoke alarm
52837196,Essentials,Essentials
52837196,BBQ grill,BBQ grill
52837196,Coffee maker: Keurig coffee machine,Coffee maker
52837196,Self check-in,Self check-in
52837196,Stove,Oven
52837196,Long term stays allowed,Long term stays
52837196,Refrigerator,Refrigerator
52837196,Wifi,WiFi
52837196,Air conditioning,Air conditioning
52837196,TV,TV
52837196,Iron,Iron
52837196,Free parking on premises,Parking
52837196,Heating,Heating
52837196,Private backyard – Fully fenced,Garden
52837196,Dishwasher,Washer
52837196,Private patio or balcony,Patio
52837196,First aid kit,First aid kit
52837196,Dryer,Dryer
52837196,Microwave,Microwave
52837196,Pets allowed,Pets allowed
52837196,Kitchen,Kitchen
52863776,Smart lock,Lock
52863776,Window AC unit,Air conditioning
52863776,Carbon monoxide alarm,Carbon monoxide alarm
52863776,Dedicated workspace,Workspace
52863776,Hangers,Hangers
52863776,Park view,Other
52863776,Electric stove,Oven
52863776,Smoke alarm,Smoke alarm
52863776,Essentials,Essentials
52863776,Coffee maker: Keurig coffee machine,Coffee maker
52863776,Self check-in,Self check-in
52863776,Long term stays allowed,Long term stays
52863776,Pack ’n play/Travel crib,Crib
52863776,Fire extinguisher,Fire extinguisher
52863776,Refrigerator,Refrigerator
52863776,Wifi,WiFi
52863776,Board games,Board games
52863776,TV,TV
52863776,Iron,Iron
52863776,Free parking on premises,Parking
52863776,Heating,Heating
52863776,First aid kit,First aid kit
52863776,Microwave,Microwave
52863776,Hair dryer,Dryer
52863776,Kitchen,Kitchen
53312101,Exterior security cameras on property,Lock
53312101,Carbon monoxide alarm,Carbon monoxide alarm
53312101,Hangers,Hangers
53312101,Electric stove,Oven
53312101,Smoke alarm,Smoke alarm
53312101,Essentials,Essentials
53312101,Coffee maker: Keurig coffee machine,Coffee maker
53312101,Wine glasses,Other
53312101,Self check-in,Self check-in
53312101,Long term stays allowed,Long term stays
53312101,Free residential garage on premises,Parking
53312101,Refrigerator,Refrigerator
53312101,Elevator,Elevator
53312101,Wifi,WiFi
53312101,Board games,Board games
53312101,TV,TV
53312101,Central air conditioning,Air conditioning
53312101,Iron,Iron
53312101,Heating,Heating
53312101,Dishwasher,Washer
53312101,Dryer,Dryer
53312101,Microwave,Microwave
53312101,Pets allowed,Pets allowed
53312101,Kitchen,Kitchen
53483727,Smart lock,Lock
53483727,Window AC unit,Air conditioning
53483727,Kitchen,Kitchen
53483727,Carbon monoxide alarm,Carbon monoxide alarm
53483727,Dedicated workspace,Workspace
53483727,Hangers,Hangers
53483727,Hot water kettle,Other
53483727,Smoke alarm,Smoke alarm
53483727,Essentials,Essentials
53483727,High chair,High chair
53483727,Coffee maker: Keurig coffee machine,Coffee maker
53483727,Self check-in,Self check-in
53483727,Books and reading material,Books
53483727,Long term stays allowed,Long term stays
53483727,"60 inch HDTV with Amazon Prime Video, Apple TV, Chromecast, Disney+, Hulu, Netflix",TV
53483727,Fast wifi – 654 Mbps,WiFi
53483727,Fire extinguisher,Fire extinguisher
53483727,Refrigerator,Refrigerator
53483727,Stainless steel gas stove,Oven
53483727,Free parking on premises – 1 space,Parking
53483727,Crib - always at the listing,Crib
53483727,Iron,Iron
53483727,Free washer – In unit,Washer
53483727,Free dryer – In unit,Dryer
53483727,Radiant heating,Heating
53483727,Private patio or balcony,Patio
53483727,First aid kit,First aid kit
53483727,Microwave,Microwave
53567589,Smart lock,Lock
53567589,Window AC unit,Air conditioning
53567589,Carbon monoxide alarm,Carbon monoxide alarm
53567589,Hangers,Hangers
53567589,Hot water kettle,Other
53567589,Smoke alarm,Smoke alarm
53567589,Essentials,Essentials
53567589,Shared patio or balcony,Patio
53567589,Coffee maker: Keurig coffee machine,Coffee maker
53567589,Self check-in,Self check-in
53567589,Stainless steel electric stove,Oven
53567589,Refrigerator,Refrigerator
53567589,Fire extinguisher,Fire extinguisher
53567589,Wifi,WiFi
53567589,Iron,Iron
53567589,Radiant heating,Heating
53567589,First aid kit,First aid kit
53567589,Free street parking,Parking
53567589,Microwave,Microwave
53567589,Hair dryer,Dryer
53567589,Pets allowed,Pets allowed
53567589,"55 inch HDTV with Amazon Prime Video, Hulu, Netflix",TV
53567589,Kitchen,Kitchen
53645427,AC - split type ductless system,Air conditioning
53645427,Carbon monoxide alarm,Carbon monoxide alarm
53645427,Dedicated workspace,Workspace
53645427,Hangers,Hangers
53645427,Hot water kettle,Other
53645427,Backyard,Garden
53645427,Lockbox,Lock
53645427,Smoke alarm,Smoke alarm
53645427,Essentials,Essentials
53645427,BBQ grill,BBQ grill
53645427,Coffee maker: Keurig coffee machine,Coffee maker
53645427,Self check-in,Self check-in
53645427,Stove,Oven
53645427,Long term stays allowed,Long term stays
53645427,Refrigerator,Refrigerator
53645427,Fire extinguisher,Fire extinguisher
53645427,Wifi,WiFi
53645427,TV,TV
53645427,Iron,Iron
53645427,Free parking on premises,Parking
53645427,Heating,Heating
53645427,Free washer – In unit,Washer
53645427,First aid kit,First aid kit
53645427,Dryer,Dryer
53645427,Microwave,Microwave
53645427,Pets allowed,Pets allowed
53645427,Kitchen,Kitchen
53860077,Smart lock,Lock
53860077,"65 inch HDTV with standard cable, Netflix, Apple TV, Hulu, Amazon Prime Video, premium cable, Roku",TV
53860077,Carbon monoxide alarm,Carbon monoxide alarm
53860077,Dedicated workspace,Workspace
53860077,Hangers,Hangers
53860077,Single level home,Other
53860077,Barbecue utensils,BBQ grill
53860077,Free driveway parking on premises – 4 spaces,Parking
53860077,Smoke alarm,Smoke alarm
53860077,Essentials,Essentials
53860077,Crib,Crib
53860077,Self check-in,Self check-in
53860077,Coffee,Coffee maker
53860077,Long term stays allowed,Long term stays
53860077,Courtyard view,Garden
53860077,Fire extinguisher,Fire extinguisher
53860077,Refrigerator,Refrigerator
53860077,Exercise equipment: treadmill,Gym
53860077,Sonos sound system with aux,Sound system
53860077,Central air conditioning,Air conditioning
53860077,Samsung stainless steel electric stove,Oven
53860077,Iron,Iron
53860077,Fast wifi – 384 Mbps,WiFi
53860077,Heating,Heating
53860077,Free washer – In unit,Washer
53860077,Free dryer – In unit,Dryer
53860077,Private patio or balcony,Patio
53860077,First aid kit,First aid kit
53860077,Microwave,Microwave
53860077,Pets allowed,Pets allowed
53860077,Kitchen,Kitchen
53971505,Carbon monoxide alarm,Carbon monoxide alarm
53971505,42 inch TV,TV
53971505,Dedicated workspace,Workspace
53971505,Hangers,Hangers
53971505,Single level home,Other
53971505,Central heating,Heating
53971505,Not Sure stove,Oven
53971505,Smoke alarm,Smoke alarm
53971505,Essentials,Essentials
53971505,Phillips Bluetooth sound system,Sound system
53971505,Long term stays allowed,Long term stays
53971505,Courtyard view,Garden
53971505,Fire extinguisher,Fire extinguisher
53971505,Wifi,WiFi
53971505,Air conditioning,Air conditioning
53971505,GE refrigerator,Refrigerator
53971505,Iron,Iron
53971505,Free parking on premises,Parking
53971505,Free washer – In unit,Washer
53971505,Free dryer – In unit,Dryer
53971505,Private patio or balcony,Patio
53971505,First aid kit,First aid kit
53971505,Microwave,Microwave
53971505,Kitchen,Kitchen
53971505,Coffee maker: drip coffee maker,Coffee maker
54097694,Smoke alarm,Smoke alarm
54097694,Wifi,WiFi
54097694,Exterior security cameras on property,Lock
54097694,Kitchen,Kitchen
54097694,Carbon monoxide alarm,Carbon monoxide alarm
54097694,Self check-in,Self check-in
54097694,Building staff,Other
54097694,Indoor fireplace,Heating
54097694,TV,TV
54097694,Fire extinguisher,Fire extinguisher
54126420,Carbon monoxide alarm,Carbon monoxide alarm
54126420,Hangers,Hangers
54126420,Hot water kettle,Other
54126420,Electric stove,Oven
54126420,Smoke alarm,Smoke alarm
54126420,Essentials,Essentials
54126420,Coffee maker: Keurig coffee machine,Coffee maker
54126420,Portable air conditioning,Air conditioning
54126420,Self check-in,Self check-in
54126420,Long term stays allowed,Long term stays
54126420,Refrigerator,Refrigerator
54126420,Fire extinguisher,Fire extinguisher
54126420,Wifi,WiFi
54126420,TV with Netflix,TV
54126420,Paid street parking off premises,Parking
54126420,Keypad,Lock
54126420,Iron,Iron
54126420,Radiant heating,Heating
54126420,Dishwasher,Washer
54126420,First aid kit,First aid kit
54126420,Microwave,Microwave
54126420,Hair dryer,Dryer
54126420,Kitchen,Kitchen
54126421,Window AC unit,Air conditioning
54126421,Carbon monoxide alarm,Carbon monoxide alarm
54126421,Dedicated workspace,Workspace
54126421,Exercise equipment: yoga mat,Gym
54126421,Hangers,Hangers
54126421,Hot water kettle,Other
54126421,Central heating,Heating
54126421,Electric stove,Oven
54126421,Smoke alarm,Smoke alarm
54126421,Essentials,Essentials
54126421,"HDTV with Disney+, Netflix, HBO Max",TV
54126421,Coffee maker: Keurig coffee machine,Coffee maker
54126421,Self check-in,Self check-in
54126421,Books and reading material,Books
54126421,Long term stays allowed,Long term stays
54126421,Refrigerator,Refrigerator
54126421,Wifi,WiFi
54126421,Board games,Board games
54126421,Keypad,Lock
54126421,Iron,Iron
54126421,Free parking on premises,Parking
54126421,Free washer – In unit,Washer
54126421,Free dryer – In unit,Dryer
54126421,Microwave,Microwave
54126421,Kitchen,Kitchen
54126427,Carbon monoxide alarm,Carbon monoxide alarm
54126427,Dedicated workspace,Workspace
54126427,Hangers,Hangers
54126427,Central heating,Heating
54126427,Trash compactor,Other
54126427,Electric stove,Oven
54126427,Lockbox,Lock
54126427,Smoke alarm,Smoke alarm
54126427,Essentials,Essentials
54126427,Coffee maker: Keurig coffee machine,Coffee maker
54126427,Portable air conditioning,Air conditioning
54126427,Self check-in,Self check-in
54126427,Books and reading material,Books
54126427,Long term stays allowed,Long term stays
54126427,Refrigerator,Refrigerator
54126427,Fire extinguisher,Fire extinguisher
54126427,Wifi,WiFi
54126427,"HDTV with HBO Max, Netflix, Disney+",TV
54126427,Exercise equipment: stationary bike,Gym
54126427,Iron,Iron
54126427,Free washer – In unit,Washer
54126427,Free dryer – In unit,Dryer
54126427,First aid kit,First aid kit
54126427,Microwave,Microwave
54126427,Free driveway parking on premises – 1 space,Parking
54126427,Kitchen,Kitchen
54128829,Smart lock,Lock
54128829,Carbon monoxide alarm,Carbon monoxide alarm
54128829,Dedicated workspace,Workspace
54128829,Hangers,Hangers
54128829,Hot water kettle,Other
54128829,"Coffee maker: drip coffee maker, Keurig coffee machine",Coffee maker
54128829,Central heating,Heating
54128829,Barbecue utensils,BBQ grill
54128829,Free parking garage on premises – 1 space,Parking
54128829,Smoke alarm,Smoke alarm
54128829,Essentials,Essentials
54128829,Crib,Crib
54128829,Self check-in,Self check-in
54128829,Books and reading material,Books
54128829,Long term stays allowed,Long term stays
54128829,Refrigerator,Refrigerator
54128829,Fire extinguisher,Fire extinguisher
54128829,Wifi,WiFi
54128829,Central air conditioning,Air conditioning
54128829,Iron,Iron
54128829,Private backyard – Fully fenced,Garden
54128829,Free washer – In unit,Washer
54128829,Free dryer – In unit,Dryer
54128829,Oven,Oven
54128829,"55 inch HDTV with Roku, standard cable",TV
54128829,First aid kit,First aid kit
54128829,"Exercise equipment: stationary bike, yoga mat",Gym
54128829,Private patio or balcony,Patio
54128829,Microwave,Microwave
54128829,Kitchen,Kitchen
54150131,City skyline view,Other
54150131,Window AC unit,Air conditioning
54150131,"HDTV with HBO Max, Disney+, standard cable, Amazon Prime Video, Hulu, Netflix",TV
54150131,Carbon monoxide alarm,Carbon monoxide alarm
54150131,Dedicated workspace,Workspace
54150131,Hangers,Hangers
54150131,Barbecue utensils,BBQ grill
54150131,Lockbox,Lock
54150131,Smoke alarm,Smoke alarm
54150131,Essentials,Essentials
54150131,Self check-in,Self check-in
54150131,Coffee,Coffee maker
54150131,Long term stays allowed,Long term stays
54150131,Courtyard view,Garden
54150131,Stainless steel oven,Oven
54150131,Refrigerator,Refrigerator
54150131,Fire extinguisher,Fire extinguisher
54150131,Wifi,WiFi
54150131,Board games,Board games
54150131,Iron,Iron
54150131,Free dryer – In unit,Dryer
54150131,Radiant heating,Heating
54150131,Dishwasher,Washer
54150131,First aid kit,First aid kit
54150131,Free street parking,Parking
54150131,Microwave,Microwave
54150131,Pets allowed,Pets allowed
54150131,Kitchen,Kitchen
54369238,Carbon monoxide alarm,Carbon monoxide alarm
54369238,Dedicated workspace,Workspace
54369238,Hangers,Hangers
54369238,Suave conditioner,Other
54369238,Backyard,Garden
54369238,Standalone high chair,High chair
54369238,Electric stove,Oven
54369238,Lockbox,Lock
54369238,Smoke alarm,Smoke alarm
54369238,Essentials,Essentials
54369238,Self check-in,Self check-in
54369238,Coffee,Coffee maker
54369238,Refrigerator,Refrigerator
54369238,Fire extinguisher,Fire extinguisher
54369238,Wifi,WiFi
54369238,Air conditioning,Air conditioning
54369238,Board games,Board games
54369238,Patio or balcony,Patio
54369238,TV,TV
54369238,Iron,Iron
54369238,Free parking on premises,Parking
54369238,Heating,Heating
54369238,Free dryer – In unit,Dryer
54369238,Dishwasher,Washer
54369238,First aid kit,First aid kit
54369238,Microwave,Microwave
54369238,Kitchen,Kitchen
54369240,Carbon monoxide alarm,Carbon monoxide alarm
54369240,Dedicated workspace,Workspace
54369240,Hangers,Hangers
54369240,Hot water kettle,Other
54369240,Lockbox,Lock
54369240,Smoke alarm,Smoke alarm
54369240,Essentials,Essentials
54369240,Coffee maker: Keurig coffee machine,Coffee maker
54369240,Self check-in,Self check-in
54369240,Long term stays allowed,Long term stays
54369240,"58 inch HDTV with Amazon Prime Video, Fire TV, HBO Max, Disney+, Apple TV, Netflix, Roku, Hulu",TV
54369240,Wifi,WiFi
54369240,Air conditioning,Air conditioning
54369240,Board games,Board games
54369240,Ge refrigerator,Refrigerator
54369240,Iron,Iron
54369240,GE stainless steel oven,Oven
54369240,Radiant heating,Heating
54369240,Dishwasher,Washer
54369240,Free street parking,Parking
54369240,Microwave,Microwave
54369240,Hair dryer,Dryer
54369240,Kitchen,Kitchen
559249822516788574,Bluetooth sound system,Sound system
559249822516788574,Carbon monoxide alarm,Carbon monoxide alarm
559249822516788574,Dedicated workspace,Workspace
559249822516788574,Bikes,Other
559249822516788574,Lockbox,Lock
559249822516788574,Smoke alarm,Smoke alarm
559249822516788574,Essentials,Essentials
559249822516788574,Self check-in,Self check-in
559249822516788574,Stove,Oven
559249822516788574,Coffee,Coffee maker
559249822516788574,Long term stays allowed,Long term stays
559249822516788574,Refrigerator,Refrigerator
559249822516788574,Fire extinguisher,Fire extinguisher
559249822516788574,Wifi,WiFi
559249822516788574,TV,TV
559249822516788574,Iron,Iron
559249822516788574,Free parking on premises,Parking
559249822516788574,Heating,Heating
559249822516788574,First aid kit,First aid kit
559249822516788574,Exercise equipment,Gym
559249822516788574,Microwave,Microwave
559249822516788574,Hair dryer,Dryer
559249822516788574,Kitchen,Kitchen
581057744765912905,Exterior security cameras on property,Lock
581057744765912905,Carbon monoxide alarm,Carbon monoxide alarm
581057744765912905,Dedicated workspace,Workspace
581057744765912905,Hot water,Other
581057744765912905,Smoke alarm,Smoke alarm
581057744765912905,Essentials,Essentials
581057744765912905,Self check-in,Self check-in
581057744765912905,Stove,Oven
581057744765912905,Coffee,Coffee maker
581057744765912905,Long term stays allowed,Long term stays
581057744765912905,Refrigerator,Refrigerator
581057744765912905,Fire extinguisher,Fire extinguisher
581057744765912905,Wifi,WiFi
581057744765912905,Air conditioning,Air conditioning
581057744765912905,TV,TV
581057744765912905,Iron,Iron
581057744765912905,Free parking on premises,Parking
581057744765912905,Heating,Heating
581057744765912905,Free dryer – In unit,Dryer
581057744765912905,Dishwasher,Washer
581057744765912905,Private patio or balcony,Patio
581057744765912905,First aid kit,First aid kit
581057744765912905,Microwave,Microwave
581057744765912905,Pets allowed,Pets allowed
581057744765912905,Kitchen,Kitchen
588298411730694861,City skyline view,Other
588298411730694861,Exterior security cameras on property,Lock
588298411730694861,Host greets you,Host greets you
588298411730694861,Carbon monoxide alarm,Carbon monoxide alarm
588298411730694861,Dedicated workspace,Workspace
588298411730694861,Gas stove,Oven
588298411730694861,Hangers,Hangers
588298411730694861,Central heating,Heating
588298411730694861,Smoke alarm,Smoke alarm
588298411730694861,Essentials,Essentials
588298411730694861,Coffee maker: Keurig coffee machine,Coffee maker
588298411730694861,Long term stays allowed,Long term stays
588298411730694861,Fast wifi – 421 Mbps,WiFi
588298411730694861,Refrigerator,Refrigerator
588298411730694861,Free washer – In building,Washer
588298411730694861,Central air conditioning,Air conditioning
588298411730694861,TV,TV
588298411730694861,Free dryer – In building,Dryer
588298411730694861,Iron,Iron
588298411730694861,Free street parking,Parking
588298411730694861,Microwave,Microwave
588298411730694861,Kitchen,Kitchen
593272120497643087,Wolf stainless steel oven,Oven
593272120497643087,Pool table,Pool
593272120497643087,Exterior security cameras on property,Lock
593272120497643087,Carbon monoxide alarm,Carbon monoxide alarm
593272120497643087,Dedicated workspace,Workspace
593272120497643087,Hangers,Hangers
593272120497643087,Hot water kettle,Other
593272120497643087,Indoor fireplace: gas,Heating
593272120497643087,Barbecue utensils,BBQ grill
593272120497643087,Shared backyard – Fully fenced,Garden
593272120497643087,Smoke alarm,Smoke alarm
593272120497643087,Essentials,Essentials
593272120497643087,Shared patio or balcony,Patio
593272120497643087,Shared hot tub,Hot tub
593272120497643087,Self check-in,Self check-in
593272120497643087,Pack ’n play/Travel crib - always at the listing,Crib
593272120497643087,Coffee,Coffee maker
593272120497643087,Boston acoustics  sound system,Sound system
593272120497643087,Books and reading material,Books
593272120497643087,Paid parking lot on premises,Parking
593272120497643087,Long term stays allowed,Long term stays
593272120497643087,Refrigerator,Refrigerator
593272120497643087,Fire extinguisher,Fire extinguisher
593272120497643087,Wifi,WiFi
593272120497643087,Board games,Board games
593272120497643087,55 inch HDTV,TV
593272120497643087,Free washer – In building,Washer
593272120497643087,Central air conditioning,Air conditioning
593272120497643087,Free dryer – In building,Dryer
593272120497643087,Iron,Iron
593272120497643087,Microwave,Microwave
593272120497643087,Kitchen,Kitchen
617242073954595468,Smart lock,Lock
617242073954595468,Carbon monoxide alarm,Carbon monoxide alarm
617242073954595468,Dedicated workspace,Workspace
617242073954595468,Hangers,Hangers
617242073954595468,Hot water kettle,Other
617242073954595468,60 inch HDTV with Hulu,TV
617242073954595468,Essentials,Essentials
617242073954595468,Smoke alarm,Smoke alarm
617242073954595468,Coffee maker: Keurig coffee machine,Coffee maker
617242073954595468,Portable air conditioning,Air conditioning
617242073954595468,Shared patio or balcony,Patio
617242073954595468,Self check-in,Self check-in
617242073954595468,Stainless steel electric stove,Oven
617242073954595468,Refrigerator,Refrigerator
617242073954595468,Fire extinguisher,Fire extinguisher
617242073954595468,Wifi,WiFi
617242073954595468,Iron,Iron
617242073954595468,Heating - split type ductless system,Heating
617242073954595468,First aid kit,First aid kit
617242073954595468,Free street parking,Parking
617242073954595468,Microwave,Microwave
617242073954595468,Hair dryer,Dryer
617242073954595468,Pets allowed,Pets allowed
617242073954595468,Kitchen,Kitchen
619695112394148331,Exterior security cameras on property,Lock
619695112394148331,Host greets you,Host greets you
619695112394148331,Carbon monoxide alarm,Carbon monoxide alarm
619695112394148331,Dedicated workspace,Workspace
619695112394148331,Hangers,Hangers
619695112394148331,Smoke alarm,Smoke alarm
619695112394148331,Essentials,Essentials
619695112394148331,Long term stays allowed,Long term stays
619695112394148331,Air conditioning,Air conditioning
619695112394148331,TV,TV
619695112394148331,Iron,Iron
619695112394148331,Free parking on premises,Parking
619695112394148331,Fast wifi – 478 Mbps,WiFi
619695112394148331,Heating,Heating
619695112394148331,Cooking basics,Other
619695112394148331,Washer,Washer
619695112394148331,Dryer,Dryer
619695112394148331,Kitchen,Kitchen
621960198566758900,Bluetooth sound system,Sound system
621960198566758900,Pool table,Pool
621960198566758900,Exterior security cameras on property,Lock
621960198566758900,Carbon monoxide alarm,Carbon monoxide alarm
621960198566758900,Dedicated workspace,Workspace
621960198566758900,Hangers,Hangers
621960198566758900,Hot water kettle,Other
621960198566758900,Indoor fireplace: gas,Heating
621960198566758900,Smoke alarm,Smoke alarm
621960198566758900,Essentials,Essentials
621960198566758900,BBQ grill,BBQ grill
621960198566758900,Crib,Crib
621960198566758900,Self check-in,Self check-in
621960198566758900,65 inch HDTV with Amazon Prime Video,TV
621960198566758900,Coffee,Coffee maker
621960198566758900,Books and reading material,Books
621960198566758900,Stainless steel oven,Oven
621960198566758900,Refrigerator,Refrigerator
621960198566758900,Fire extinguisher,Fire extinguisher
621960198566758900,Wifi,WiFi
621960198566758900,Board games,Board games
621960198566758900,Free washer – In building,Washer
621960198566758900,Central air conditioning,Air conditioning
621960198566758900,Iron,Iron
621960198566758900,Free parking on premises,Parking
621960198566758900,Private backyard – Fully fenced,Garden
621960198566758900,Free dryer – In unit,Dryer
621960198566758900,Private patio or balcony,Patio
621960198566758900,Private hot tub,Hot tub
621960198566758900,Microwave,Microwave
621960198566758900,Pets allowed,Pets allowed
621960198566758900,Kitchen,Kitchen
628163387057233327,Carbon monoxide alarm,Carbon monoxide alarm
628163387057233327,Dedicated workspace,Workspace
628163387057233327,Hangers,Hangers
628163387057233327,Backyard,Garden
628163387057233327,Room-darkening shades,Other
628163387057233327,Lockbox,Lock
628163387057233327,Smoke alarm,Smoke alarm
628163387057233327,Essentials,Essentials
628163387057233327,Coffee maker: Keurig coffee machine,Coffee maker
628163387057233327,Self check-in,Self check-in
628163387057233327,Stove,Oven
628163387057233327,Long term stays allowed,Long term stays
628163387057233327,Refrigerator,Refrigerator
628163387057233327,Fire extinguisher,Fire extinguisher
628163387057233327,Wifi,WiFi
628163387057233327,Air conditioning,Air conditioning
628163387057233327,Patio or balcony,Patio
628163387057233327,TV,TV
628163387057233327,Iron,Iron
628163387057233327,Free parking on premises,Parking
628163387057233327,Heating,Heating
628163387057233327,Dishwasher,Washer
628163387057233327,First aid kit,First aid kit
628163387057233327,Dryer,Dryer
628163387057233327,Microwave,Microwave
628163387057233327,Pets allowed,Pets allowed
628163387057233327,Kitchen,Kitchen
628824127129967353,Smoke alarm,Smoke alarm
628824127129967353,Wifi,WiFi
628824127129967353,Hotpoint oven,Oven
628824127129967353,Exterior security cameras on property,Lock
628824127129967353,Air conditioning,Air conditioning
628824127129967353,Carbon monoxide alarm,Carbon monoxide alarm
628824127129967353,Self check-in,Self check-in
628824127129967353,Noise decibel monitors on property,Other
628824127129967353,Free street parking,Parking
628824127129967353,Central heating,Heating
628824127129967353,Hotpoint refrigerator,Refrigerator
628824127129967353,Pets allowed,Pets allowed
628824127129967353,Long term stays allowed,Long term stays
628824127129967353,Kitchen,Kitchen
631035244220396236,Carbon monoxide alarm,Carbon monoxide alarm
631035244220396236,Dedicated workspace,Workspace
631035244220396236,Hangers,Hangers
631035244220396236,Backyard,Garden
631035244220396236,Room-darkening shades,Other
631035244220396236,Lockbox,Lock
631035244220396236,Smoke alarm,Smoke alarm
631035244220396236,Essentials,Essentials
631035244220396236,Coffee maker: Keurig coffee machine,Coffee maker
631035244220396236,Self check-in,Self check-in
631035244220396236,Stove,Oven
631035244220396236,Long term stays allowed,Long term stays
631035244220396236,Refrigerator,Refrigerator
631035244220396236,Fire extinguisher,Fire extinguisher
631035244220396236,Wifi,WiFi
631035244220396236,Air conditioning,Air conditioning
631035244220396236,Patio or balcony,Patio
631035244220396236,TV,TV
631035244220396236,Iron,Iron
631035244220396236,Free parking on premises,Parking
631035244220396236,Heating,Heating
631035244220396236,Dishwasher,Washer
631035244220396236,First aid kit,First aid kit
631035244220396236,Dryer,Dryer
631035244220396236,Microwave,Microwave
631035244220396236,Pets allowed,Pets allowed
631035244220396236,Kitchen,Kitchen
634108143238179968,Bluetooth sound system,Sound system
634108143238179968,Smart lock,Lock
634108143238179968,Window AC unit,Air conditioning
634108143238179968,Kitchen,Kitchen
634108143238179968,Carbon monoxide alarm,Carbon monoxide alarm
634108143238179968,Dedicated workspace,Workspace
634108143238179968,Hangers,Hangers
634108143238179968,"Coffee maker: drip coffee maker, Keurig coffee machine",Coffee maker
634108143238179968,Park view,Other
634108143238179968,Smoke alarm,Smoke alarm
634108143238179968,Essentials,Essentials
634108143238179968,Crib,Crib
634108143238179968,Self check-in,Self check-in
634108143238179968,Stove,Oven
634108143238179968,Books and reading material,Books
634108143238179968,Long term stays allowed,Long term stays
634108143238179968,Refrigerator,Refrigerator
634108143238179968,Fire extinguisher,Fire extinguisher
634108143238179968,Wifi,WiFi
634108143238179968,Board games,Board games
634108143238179968,Iron,Iron
634108143238179968,Free washer – In unit,Washer
634108143238179968,Free dryer – In unit,Dryer
634108143238179968,Radiant heating,Heating
634108143238179968,First aid kit,First aid kit
634108143238179968,Free street parking,Parking
634108143238179968,"55 inch HDTV with Roku, Hulu",TV
634108143238179968,Microwave,Microwave
634108143238179968,Pets allowed,Pets allowed
638900897313146306,TRESemmé conditioner,Other
638900897313146306,Exterior security cameras on property,Lock
638900897313146306,Carbon monoxide alarm,Carbon monoxide alarm
638900897313146306,Dedicated workspace,Workspace
638900897313146306,Hangers,Hangers
638900897313146306,"HDTV with Amazon Prime Video, Hulu, Netflix, Roku",TV
638900897313146306,Smoke alarm,Smoke alarm
638900897313146306,Essentials,Essentials
638900897313146306,Self check-in,Self check-in
638900897313146306,Stove,Oven
638900897313146306,Coffee maker: french press,Coffee maker
638900897313146306,Pack ’n play/Travel crib - available upon request,Crib
638900897313146306,Fire extinguisher,Fire extinguisher
638900897313146306,Air conditioning,Air conditioning
638900897313146306,Private backyard,Garden
638900897313146306,Paid street parking off premises,Parking
638900897313146306,Kenmore refrigerator,Refrigerator
638900897313146306,Iron,Iron
638900897313146306,Heating,Heating
638900897313146306,First aid kit,First aid kit
638900897313146306,Microwave,Microwave
638900897313146306,Hair dryer,Dryer
638900897313146306,Wifi – 36 Mbps,WiFi
638900897313146306,Kitchen,Kitchen
649973892551492641,Exterior security cameras on property,Lock
649973892551492641,Host greets you,Host greets you
649973892551492641,Carbon monoxide alarm,Carbon monoxide alarm
649973892551492641,Dedicated workspace,Workspace
649973892551492641,Hangers,Hangers
649973892551492641,Smoke alarm,Smoke alarm
649973892551492641,Essentials,Essentials
649973892551492641,Long term stays allowed,Long term stays
649973892551492641,Air conditioning,Air conditioning
649973892551492641,Fast wifi – 453 Mbps,WiFi
649973892551492641,TV,TV
649973892551492641,Iron,Iron
649973892551492641,Free parking on premises,Parking
649973892551492641,Heating,Heating
649973892551492641,Cooking basics,Other
649973892551492641,Washer,Washer
649973892551492641,Dryer,Dryer
649973892551492641,Kitchen,Kitchen
658638185191740358,Smart lock,Lock
658638185191740358,Window AC unit,Air conditioning
658638185191740358,Carbon monoxide alarm,Carbon monoxide alarm
658638185191740358,Dedicated workspace,Workspace
658638185191740358,Hangers,Hangers
658638185191740358,Hot water kettle,Other
658638185191740358,Smoke alarm,Smoke alarm
658638185191740358,Essentials,Essentials
658638185191740358,Self check-in,Self check-in
658638185191740358,Crib,Crib
658638185191740358,Long term stays allowed,Long term stays
658638185191740358,Fire extinguisher,Fire extinguisher
658638185191740358,Amana stove,Oven
658638185191740358,Wifi,WiFi
658638185191740358,Board games,Board games
658638185191740358,TV,TV
658638185191740358,Iron,Iron
658638185191740358,Frigidaire  refrigerator,Refrigerator
658638185191740358,Free parking on premises,Parking
658638185191740358,Private backyard – Fully fenced,Garden
658638185191740358,Radiant heating,Heating
658638185191740358,Dishwasher,Washer
658638185191740358,Private patio or balcony,Patio
658638185191740358,First aid kit,First aid kit
658638185191740358,Dryer,Dryer
658638185191740358,Microwave,Microwave
658638185191740358,Pets allowed,Pets allowed
658638185191740358,Kitchen,Kitchen
658638185191740358,Coffee maker: drip coffee maker,Coffee maker
662132809952482192,Window AC unit,Air conditioning
662132809952482192,Exterior security cameras on property,Lock
662132809952482192,Carbon monoxide alarm,Carbon monoxide alarm
662132809952482192,Dedicated workspace,Workspace
662132809952482192,Hangers,Hangers
662132809952482192,Hot water kettle,Other
662132809952482192,Barbecue utensils,BBQ grill
662132809952482192,Smoke alarm,Smoke alarm
662132809952482192,Essentials,Essentials
662132809952482192,Self check-in,Self check-in
662132809952482192,GE oven,Oven
662132809952482192,Coffee,Coffee maker
662132809952482192,Books and reading material,Books
662132809952482192,Long term stays allowed,Long term stays
662132809952482192,Fire extinguisher,Fire extinguisher
662132809952482192,Wifi,WiFi
662132809952482192,"40 inch TV with Amazon Prime Video, Netflix, Roku, Fire TV",TV
662132809952482192,Board games,Board games
662132809952482192,Free washer – In building,Washer
662132809952482192,Free dryer – In building,Dryer
662132809952482192,Iron,Iron
662132809952482192,Frigidaire  refrigerator,Refrigerator
662132809952482192,Free parking on premises,Parking
662132809952482192,Radiant heating,Heating
662132809952482192,Private patio or balcony,Patio
662132809952482192,First aid kit,First aid kit
662132809952482192,Exercise equipment,Gym
662132809952482192,Microwave,Microwave
662132809952482192,Kitchen,Kitchen
667644674529935702,Fast wifi – 171 Mbps,WiFi
667644674529935702,Carbon monoxide alarm,Carbon monoxide alarm
667644674529935702,Dedicated workspace,Workspace
667644674529935702,Gas stove,Oven
667644674529935702,Hangers,Hangers
667644674529935702,32 inch HDTV,TV
667644674529935702,Hot water kettle,Other
667644674529935702,Sound system,Sound system
667644674529935702,Lockbox,Lock
667644674529935702,Smoke alarm,Smoke alarm
667644674529935702,Essentials,Essentials
667644674529935702,Portable air conditioning,Air conditioning
667644674529935702,Self check-in,Self check-in
667644674529935702,Coffee,Coffee maker
667644674529935702,Books and reading material,Books
667644674529935702,Long term stays allowed,Long term stays
667644674529935702,Refrigerator,Refrigerator
667644674529935702,Fire extinguisher,Fire extinguisher
667644674529935702,Iron,Iron
667644674529935702,Heating,Heating
667644674529935702,Free street parking,Parking
667644674529935702,Microwave,Microwave
667644674529935702,Hair dryer,Dryer
667644674529935702,Kitchen,Kitchen
668608096674070882,Pool table,Pool
668608096674070882,Exterior security cameras on property,Lock
668608096674070882,Carbon monoxide alarm,Carbon monoxide alarm
668608096674070882,Dedicated workspace,Workspace
668608096674070882,Hangers,Hangers
668608096674070882,Hot water kettle,Other
668608096674070882,Indoor fireplace: gas,Heating
668608096674070882,Barbecue utensils,BBQ grill
668608096674070882,Shared backyard – Fully fenced,Garden
668608096674070882,Smoke alarm,Smoke alarm
668608096674070882,Essentials,Essentials
668608096674070882,Shared patio or balcony,Patio
668608096674070882,Crib,Crib
668608096674070882,Shared hot tub,Hot tub
668608096674070882,Self check-in,Self check-in
668608096674070882,Stove,Oven
668608096674070882,Coffee,Coffee maker
668608096674070882,Books and reading material,Books
668608096674070882,Long term stays allowed,Long term stays
668608096674070882,Refrigerator,Refrigerator
668608096674070882,Fire extinguisher,Fire extinguisher
668608096674070882,Wifi,WiFi
668608096674070882,Beach essentials,Beach access
668608096674070882,32 inch HDTV with Amazon Prime Video,TV
668608096674070882,Board games,Board games
668608096674070882,Free washer – In building,Washer
668608096674070882,Central air conditioning,Air conditioning
668608096674070882,Free dryer – In building,Dryer
668608096674070882,Iron,Iron
668608096674070882,Free parking on premises,Parking
668608096674070882,Microwave,Microwave
668608096674070882,Kitchen,Kitchen
668608486588067880,Wolf stove,Oven
668608486588067880,Pool table,Pool
668608486588067880,Exterior security cameras on property,Lock
668608486588067880,Carbon monoxide alarm,Carbon monoxide alarm
668608486588067880,Dedicated workspace,Workspace
668608486588067880,Hangers,Hangers
668608486588067880,Hot water kettle,Other
668608486588067880,Indoor fireplace: gas,Heating
668608486588067880,Barbecue utensils,BBQ grill
668608486588067880,Shared backyard – Fully fenced,Garden
668608486588067880,Smoke alarm,Smoke alarm
668608486588067880,Essentials,Essentials
668608486588067880,Shared patio or balcony,Patio
668608486588067880,Crib,Crib
668608486588067880,52 inch HDTV with Amazon Prime Video,TV
668608486588067880,Shared hot tub,Hot tub
668608486588067880,Self check-in,Self check-in
668608486588067880,Coffee,Coffee maker
668608486588067880,Books and reading material,Books
668608486588067880,Long term stays allowed,Long term stays
668608486588067880,Fire extinguisher,Fire extinguisher
668608486588067880,Refrigerator,Refrigerator
668608486588067880,Wifi,WiFi
668608486588067880,Board games,Board games
668608486588067880,Central air conditioning,Air conditioning
668608486588067880,Iron,Iron
668608486588067880,Free parking on premises,Parking
668608486588067880,Free washer – In unit,Washer
668608486588067880,Free dryer – In unit,Dryer
668608486588067880,Microwave,Microwave
668608486588067880,Kitchen,Kitchen
677623197606854496,City skyline view,Other
677623197606854496,Exterior security cameras on property,Lock
677623197606854496,Carbon monoxide alarm,Carbon monoxide alarm
677623197606854496,Dedicated workspace,Workspace
677623197606854496,Hangers,Hangers
677623197606854496,Smoke alarm,Smoke alarm
677623197606854496,Essentials,Essentials
677623197606854496,Self check-in,Self check-in
677623197606854496,Stove,Oven
677623197606854496,Books and reading material,Books
677623197606854496,Refrigerator,Refrigerator
677623197606854496,Fire extinguisher,Fire extinguisher
677623197606854496,Wifi,WiFi
677623197606854496,Air conditioning,Air conditioning
677623197606854496,Board games,Board games
677623197606854496,TV,TV
677623197606854496,Iron,Iron
677623197606854496,Heating,Heating
677623197606854496,Dishwasher,Washer
677623197606854496,First aid kit,First aid kit
677623197606854496,Microwave,Microwave
677623197606854496,Hair dryer,Dryer
677623197606854496,Pets allowed,Pets allowed
677623197606854496,Kitchen,Kitchen
677623197606854496,Coffee maker: drip coffee maker,Coffee maker
681952268271889535,Paid parking on premises,Parking
681952268271889535,Carbon monoxide alarm,Carbon monoxide alarm
681952268271889535,Dedicated workspace,Workspace
681952268271889535,Smoke alarm,Smoke alarm
681952268271889535,Essentials,Essentials
681952268271889535,Outdoor dining area,Other
681952268271889535,Self check-in,Self check-in
681952268271889535,Fire extinguisher,Fire extinguisher
681952268271889535,Wifi,WiFi
681952268271889535,Air conditioning,Air conditioning
681952268271889535,TV,TV
681952268271889535,Keypad,Lock
681952268271889535,First aid kit,First aid kit
681952268271889535,Washer,Washer
681952268271889535,Dryer,Dryer
681952268271889535,Pets allowed,Pets allowed
681952268271889535,Indoor fireplace,Heating
681952268271889535,Kitchen,Kitchen
687496906843024117,Smoke alarm,Smoke alarm
687496906843024117,Wifi,WiFi
687496906843024117,Outdoor dining area,Other
687496906843024117,Paid parking on premises,Parking
687496906843024117,Kitchen,Kitchen
687496906843024117,Air conditioning,Air conditioning
687496906843024117,Carbon monoxide alarm,Carbon monoxide alarm
687496906843024117,Dedicated workspace,Workspace
687496906843024117,First aid kit,First aid kit
687496906843024117,Washer,Washer
687496906843024117,Pets allowed,Pets allowed
687496906843024117,Indoor fireplace,Heating
687496906843024117,TV,TV
687496906843024117,Fire extinguisher,Fire extinguisher
689719338468663432,City skyline view,Other
689719338468663432,Window AC unit,Air conditioning
689719338468663432,Carbon monoxide alarm,Carbon monoxide alarm
689719338468663432,Dedicated workspace,Workspace
689719338468663432,Hangers,Hangers
689719338468663432,Central heating,Heating
689719338468663432,Lockbox,Lock
689719338468663432,Smoke alarm,Smoke alarm
689719338468663432,Essentials,Essentials
689719338468663432,Self check-in,Self check-in
689719338468663432,Stove,Oven
689719338468663432,Coffee maker: french press,Coffee maker
689719338468663432,Refrigerator,Refrigerator
689719338468663432,Fire extinguisher,Fire extinguisher
689719338468663432,Wifi,WiFi
689719338468663432,Free washer – In building,Washer
689719338468663432,TV,TV
689719338468663432,Free dryer – In building,Dryer
689719338468663432,Iron,Iron
689719338468663432,First aid kit,First aid kit
689719338468663432,Free street parking,Parking
689719338468663432,Microwave,Microwave
689719338468663432,Kitchen,Kitchen
692807914756117019,Smart lock,Lock
692807914756117019,Window AC unit,Air conditioning
692807914756117019,Carbon monoxide alarm,Carbon monoxide alarm
692807914756117019,Dedicated workspace,Workspace
692807914756117019,Hangers,Hangers
692807914756117019,Hot water kettle,Other
692807914756117019,Central heating,Heating
692807914756117019,Smoke alarm,Smoke alarm
692807914756117019,Essentials,Essentials
692807914756117019,Coffee maker: Keurig coffee machine,Coffee maker
692807914756117019,Self check-in,Self check-in
692807914756117019,Books and reading material,Books
692807914756117019,Long term stays allowed,Long term stays
692807914756117019,Stainless steel oven,Oven
692807914756117019,Refrigerator,Refrigerator
692807914756117019,Fire extinguisher,Fire extinguisher
692807914756117019,Wifi,WiFi
692807914756117019,Board games,Board games
692807914756117019,"55 inch HDTV with Amazon Prime Video, premium cable",TV
692807914756117019,Iron,Iron
692807914756117019,Free washer – In unit,Washer
692807914756117019,Free dryer – In unit,Dryer
692807914756117019,Private patio or balcony,Patio
692807914756117019,First aid kit,First aid kit
692807914756117019,Microwave,Microwave
692807914756117019,Free driveway parking on premises – 1 space,Parking
692807914756117019,Kitchen,Kitchen
702275918734167701,Smoke alarm,Smoke alarm
702275918734167701,Heating,Heating
702275918734167701,Wifi,WiFi
702275918734167701,Smart lock,Lock
702275918734167701,Cooking basics,Other
702275918734167701,Air conditioning,Air conditioning
702275918734167701,Carbon monoxide alarm,Carbon monoxide alarm
702275918734167701,Kitchen,Kitchen
702275918734167701,Self check-in,Self check-in
702275918734167701,Washer,Washer
702275918734167701,TV,TV
702275918734167701,Free parking on premises,Parking
702275918734167701,Fire extinguisher,Fire extinguisher
703551649845095095,Smart lock,Lock
703551649845095095,Carbon monoxide alarm,Carbon monoxide alarm
703551649845095095,Dedicated workspace,Workspace
703551649845095095,Hangers,Hangers
703551649845095095,Central heating,Heating
703551649845095095,Room-darkening shades,Other
703551649845095095,Smoke alarm,Smoke alarm
703551649845095095,Essentials,Essentials
703551649845095095,Crib,Crib
703551649845095095,Self check-in,Self check-in
703551649845095095,Coffee,Coffee maker
703551649845095095,Long term stays allowed,Long term stays
703551649845095095,Stainless steel oven,Oven
703551649845095095,Refrigerator,Refrigerator
703551649845095095,Fire extinguisher,Fire extinguisher
703551649845095095,Wifi,WiFi
703551649845095095,Air conditioning,Air conditioning
703551649845095095,TV,TV
703551649845095095,Iron,Iron
703551649845095095,Free parking on premises,Parking
703551649845095095,Dishwasher,Washer
703551649845095095,Private patio or balcony,Patio
703551649845095095,First aid kit,First aid kit
703551649845095095,Microwave,Microwave
703551649845095095,Hair dryer,Dryer
703551649845095095,Kitchen,Kitchen
704544922160063127,Smart lock,Lock
704544922160063127,Window AC unit,Air conditioning
704544922160063127,Carbon monoxide alarm,Carbon monoxide alarm
704544922160063127,Gas stove,Oven
704544922160063127,Hangers,Hangers
704544922160063127,Hot water,Other
704544922160063127,Smoke alarm,Smoke alarm
704544922160063127,Essentials,Essentials
704544922160063127,TV with Roku,TV
704544922160063127,Coffee maker: Keurig coffee machine,Coffee maker
704544922160063127,Self check-in,Self check-in
704544922160063127,Fast wifi – 327 Mbps,WiFi
704544922160063127,Refrigerator,Refrigerator
704544922160063127,Fire extinguisher,Fire extinguisher
704544922160063127,Free washer – In building,Washer
704544922160063127,Free dryer – In building,Dryer
704544922160063127,Iron,Iron
704544922160063127,Radiant heating,Heating
704544922160063127,First aid kit,First aid kit
704544922160063127,Free street parking,Parking
704544922160063127,Microwave,Microwave
704544922160063127,Kitchen,Kitchen
705660262559003663,Exterior security cameras on property,Lock
705660262559003663,Host greets you,Host greets you
705660262559003663,Carbon monoxide alarm,Carbon monoxide alarm
705660262559003663,Dedicated workspace,Workspace
705660262559003663,Hangers,Hangers
705660262559003663,Bed linens,Other
705660262559003663,Smoke alarm,Smoke alarm
705660262559003663,Essentials,Essentials
705660262559003663,Shared patio or balcony,Patio
705660262559003663,Coffee maker: Keurig coffee machine,Coffee maker
705660262559003663,Long term stays allowed,Long term stays
705660262559003663,Refrigerator,Refrigerator
705660262559003663,Free driveway parking on premises – 2 spaces,Parking
705660262559003663,Air conditioning,Air conditioning
705660262559003663,TV,TV
705660262559003663,Heating - split type ductless system,Heating
705660262559003663,Free dryer – In building,Dryer
705660262559003663,Iron,Iron
705660262559003663,Dishwasher,Washer
705660262559003663,Fast wifi – 433 Mbps,WiFi
705660262559003663,GE gas stove,Oven
705660262559003663,Microwave,Microwave
705660262559003663,Kitchen,Kitchen
717373135846408345,Smart lock,Lock
717373135846408345,Carbon monoxide alarm,Carbon monoxide alarm
717373135846408345,Hangers,Hangers
717373135846408345,Hot water kettle,Other
717373135846408345,Backyard,Garden
717373135846408345,Smoke alarm,Smoke alarm
717373135846408345,Essentials,Essentials
717373135846408345,Coffee maker: Keurig coffee machine,Coffee maker
717373135846408345,Self check-in,Self check-in
717373135846408345,Stove,Oven
717373135846408345,Books and reading material,Books
717373135846408345,Long term stays allowed,Long term stays
717373135846408345,Free residential garage on premises,Parking
717373135846408345,Refrigerator,Refrigerator
717373135846408345,Fire extinguisher,Fire extinguisher
717373135846408345,Wifi,WiFi
717373135846408345,Air conditioning,Air conditioning
717373135846408345,TV,TV
717373135846408345,Iron,Iron
717373135846408345,Heating,Heating
717373135846408345,Dishwasher,Washer
717373135846408345,First aid kit,First aid kit
717373135846408345,Microwave,Microwave
717373135846408345,Hair dryer,Dryer
717373135846408345,Pets allowed,Pets allowed
717373135846408345,Kitchen,Kitchen
723956857052424266,Samsung electric stove,Oven
723956857052424266,Exterior security cameras on property,Lock
723956857052424266,Carbon monoxide alarm,Carbon monoxide alarm
723956857052424266,Dedicated workspace,Workspace
723956857052424266,Hangers,Hangers
723956857052424266,Hot water kettle,Other
723956857052424266,Backyard,Garden
723956857052424266,Central heating,Heating
723956857052424266,Smoke alarm,Smoke alarm
723956857052424266,Essentials,Essentials
723956857052424266,Self check-in,Self check-in
723956857052424266,Coffee,Coffee maker
723956857052424266,Refrigerator,Refrigerator
723956857052424266,Fire extinguisher,Fire extinguisher
723956857052424266,Wifi,WiFi
723956857052424266,55 inch HDTV,TV
723956857052424266,Central air conditioning,Air conditioning
723956857052424266,Crib - always at the listing,Crib
723956857052424266,Iron,Iron
723956857052424266,Free parking on premises,Parking
723956857052424266,Free washer – In unit,Washer
723956857052424266,Free dryer – In unit,Dryer
723956857052424266,Private patio or balcony,Patio
723956857052424266,Microwave,Microwave
723956857052424266,Pets allowed,Pets allowed
723956857052424266,Kitchen,Kitchen
724566770267420045,Smart lock,Lock
724566770267420045,Window AC unit,Air conditioning
724566770267420045,Carbon monoxide alarm,Carbon monoxide alarm
724566770267420045,Hangers,Hangers
724566770267420045,Single level home,Other
724566770267420045,Electric stove,Oven
724566770267420045,Smoke alarm,Smoke alarm
724566770267420045,Essentials,Essentials
724566770267420045,Self check-in,Self check-in
724566770267420045,Coffee maker: french press,Coffee maker
724566770267420045,55 inch HDTV with Netflix,TV
724566770267420045,Books and reading material,Books
724566770267420045,Refrigerator,Refrigerator
724566770267420045,Fire extinguisher,Fire extinguisher
724566770267420045,Wifi,WiFi
724566770267420045,Iron,Iron
724566770267420045,Private backyard – Fully fenced,Garden
724566770267420045,Free washer – In unit,Washer
724566770267420045,Free dryer – In unit,Dryer
724566770267420045,Radiant heating,Heating
724566770267420045,First aid kit,First aid kit
724566770267420045,Free street parking,Parking
724566770267420045,Microwave,Microwave
724566770267420045,Kitchen,Kitchen
733964865705013296,Smoke alarm,Smoke alarm
733964865705013296,Wifi,WiFi
733964865705013296,Paid parking on premises,Parking
733964865705013296,Kitchen,Kitchen
733964865705013296,Air conditioning,Air conditioning
733964865705013296,Carbon monoxide alarm,Carbon monoxide alarm
733964865705013296,Washer,Washer
733964865705013296,Indoor fireplace,Heating
733964865705013296,TV,TV
733964865705013296,Garden view,Garden
733964865705013296,Fire extinguisher,Fire extinguisher
735879623743921266,Smart lock,Lock
735879623743921266,Window AC unit,Air conditioning
735879623743921266,Carbon monoxide alarm,Carbon monoxide alarm
735879623743921266,Dedicated workspace,Workspace
735879623743921266,Hangers,Hangers
735879623743921266,Hot water kettle,Other
735879623743921266,Electric stove,Oven
735879623743921266,Shared backyard – Fully fenced,Garden
735879623743921266,Smoke alarm,Smoke alarm
735879623743921266,Essentials,Essentials
735879623743921266,Self check-in,Self check-in
735879623743921266,Coffee maker: french press,Coffee maker
735879623743921266,Long term stays allowed,Long term stays
735879623743921266,"55 inch HDTV with Amazon Prime Video, Chromecast, Disney+, Fire TV, Hulu, Netflix",TV
735879623743921266,Refrigerator,Refrigerator
735879623743921266,Fire extinguisher,Fire extinguisher
735879623743921266,Wifi,WiFi
735879623743921266,Paid street parking off premises,Parking
735879623743921266,Iron,Iron
735879623743921266,Radiant heating,Heating
735879623743921266,First aid kit,First aid kit
735879623743921266,Microwave,Microwave
735879623743921266,Hair dryer,Dryer
735879623743921266,Pets allowed,Pets allowed
735879623743921266,Kitchen,Kitchen
737574278276037589,Children’s dinnerware,Other
737574278276037589,Smart lock,Lock
737574278276037589,Window AC unit,Air conditioning
737574278276037589,Carbon monoxide alarm,Carbon monoxide alarm
737574278276037589,Dedicated workspace,Workspace
737574278276037589,Hangers,Hangers
737574278276037589,Central heating,Heating
737574278276037589,Shared backyard – Fully fenced,Garden
737574278276037589,Smoke alarm,Smoke alarm
737574278276037589,Essentials,Essentials
737574278276037589,Coffee maker: Keurig coffee machine,Coffee maker
737574278276037589,Self check-in,Self check-in
737574278276037589,Books and reading material,Books
737574278276037589,Long term stays allowed,Long term stays
737574278276037589,Stainless steel oven,Oven
737574278276037589,Refrigerator,Refrigerator
737574278276037589,Wifi,WiFi
737574278276037589,Board games,Board games
737574278276037589,Free washer – In building,Washer
737574278276037589,TV,TV
737574278276037589,Free dryer – In building,Dryer
737574278276037589,Iron,Iron
737574278276037589,First aid kit,First aid kit
737574278276037589,Microwave,Microwave
737574278276037589,Free driveway parking on premises – 1 space,Parking
737574278276037589,Standalone high chair - available upon request,High chair
737574278276037589,Kitchen,Kitchen
739722503092755616,Paid parking on premises,Parking
739722503092755616,Window AC unit,Air conditioning
739722503092755616,Kitchen,Kitchen
739722503092755616,Carbon monoxide alarm,Carbon monoxide alarm
739722503092755616,Dedicated workspace,Workspace
739722503092755616,Hangers,Hangers
739722503092755616,"Coffee maker: drip coffee maker, Keurig coffee machine",Coffee maker
739722503092755616,Hot water,Other
739722503092755616,Electric stove,Oven
739722503092755616,Smoke alarm,Smoke alarm
739722503092755616,Essentials,Essentials
739722503092755616,Shared patio or balcony,Patio
739722503092755616,Self check-in,Self check-in
739722503092755616,Books and reading material,Books
739722503092755616,Long term stays allowed,Long term stays
739722503092755616,Refrigerator,Refrigerator
739722503092755616,Wifi,WiFi
739722503092755616,Private backyard,Garden
739722503092755616,Lock on bedroom door,Lock
739722503092755616,TV,TV
739722503092755616,Iron,Iron
739722503092755616,Radiant heating,Heating
739722503092755616,First aid kit,First aid kit
739722503092755616,Washer,Washer
739722503092755616,Dryer,Dryer
739722503092755616,Microwave,Microwave
743600140734706394,Smart lock,Lock
743600140734706394,Window AC unit,Air conditioning
743600140734706394,Carbon monoxide alarm,Carbon monoxide alarm
743600140734706394,Dedicated workspace,Workspace
743600140734706394,Hangers,Hangers
743600140734706394,Room-darkening shades,Other
743600140734706394,Smoke alarm,Smoke alarm
743600140734706394,Essentials,Essentials
743600140734706394,Coffee maker: Keurig coffee machine,Coffee maker
743600140734706394,Self check-in,Self check-in
743600140734706394,Stove,Oven
743600140734706394,Long term stays allowed,Long term stays
743600140734706394,Refrigerator,Refrigerator
743600140734706394,Fire extinguisher,Fire extinguisher
743600140734706394,Wifi,WiFi
743600140734706394,Iron,Iron
743600140734706394,Free parking on premises,Parking
743600140734706394,Heating,Heating
743600140734706394,Free washer – In unit,Washer
743600140734706394,Free dryer – In unit,Dryer
743600140734706394,"55 inch HDTV with HBO Max, Netflix, Hulu, Fire TV, Amazon Prime Video, Disney+, Apple TV",TV
743600140734706394,Kitchen,Kitchen
744430701454304507,"32 inch HDTV with Amazon Prime Video, Netflix, DVD player",TV
744430701454304507,Window AC unit,Air conditioning
744430701454304507,Carbon monoxide alarm,Carbon monoxide alarm
744430701454304507,Dedicated workspace,Workspace
744430701454304507,Gas stove,Oven
744430701454304507,Hangers,Hangers
744430701454304507,Hot water kettle,Other
744430701454304507,Lockbox,Lock
744430701454304507,Smoke alarm,Smoke alarm
744430701454304507,Essentials,Essentials
744430701454304507,Coffee maker: Keurig coffee machine,Coffee maker
744430701454304507,Self check-in,Self check-in
744430701454304507,Books and reading material,Books
744430701454304507,Long term stays allowed,Long term stays
744430701454304507,Refrigerator,Refrigerator
744430701454304507,Fire extinguisher,Fire extinguisher
744430701454304507,Wifi,WiFi
744430701454304507,Iron,Iron
744430701454304507,Free parking on premises,Parking
744430701454304507,Heating,Heating
744430701454304507,Private backyard – Fully fenced,Garden
744430701454304507,First aid kit,First aid kit
744430701454304507,Microwave,Microwave
744430701454304507,Hair dryer,Dryer
744430701454304507,Kitchen,Kitchen
751421033442627559,Exterior security cameras on property,Lock
751421033442627559,Carbon monoxide alarm,Carbon monoxide alarm
751421033442627559,Gas stove,Oven
751421033442627559,Hangers,Hangers
751421033442627559,Hot water kettle,Other
751421033442627559,Central heating,Heating
751421033442627559,Shared backyard – Fully fenced,Garden
751421033442627559,Smoke alarm,Smoke alarm
751421033442627559,Essentials,Essentials
751421033442627559,Self check-in,Self check-in
751421033442627559,Books and reading material,Books
751421033442627559,Long term stays allowed,Long term stays
751421033442627559,Refrigerator,Refrigerator
751421033442627559,Fire extinguisher,Fire extinguisher
751421033442627559,Wifi,WiFi
751421033442627559,55 inch HDTV,TV
751421033442627559,Iron,Iron
751421033442627559,Dishwasher,Washer
751421033442627559,Microwave,Microwave
751421033442627559,Free street parking,Parking
751421033442627559,Hair dryer,Dryer
751421033442627559,Kitchen,Kitchen
756752556396798800,Host greets you,Host greets you
756752556396798800,Carbon monoxide alarm,Carbon monoxide alarm
756752556396798800,Dedicated workspace,Workspace
756752556396798800,Hangers,Hangers
756752556396798800,Single level home,Other
756752556396798800,Barbecue utensils,BBQ grill
756752556396798800,Smoke alarm,Smoke alarm
756752556396798800,Essentials,Essentials
756752556396798800,Stove,Oven
756752556396798800,Books and reading material,Books
756752556396798800,Long term stays allowed,Long term stays
756752556396798800,Refrigerator,Refrigerator
756752556396798800,Wifi,WiFi
756752556396798800,Air conditioning,Air conditioning
756752556396798800,Patio or balcony,Patio
756752556396798800,Lock on bedroom door,Lock
756752556396798800,Iron,Iron
756752556396798800,Heating,Heating
756752556396798800,Free street parking,Parking
756752556396798800,Washer,Washer
756752556396798800,Dryer,Dryer
756752556396798800,Microwave,Microwave
756752556396798800,Kitchen,Kitchen
756752556396798800,Coffee maker: drip coffee maker,Coffee maker
757342235277207834,Carbon monoxide alarm,Carbon monoxide alarm
757342235277207834,Dedicated workspace,Workspace
757342235277207834,Hangers,Hangers
757342235277207834,Hot water kettle,Other
757342235277207834,Lockbox,Lock
757342235277207834,Smoke alarm,Smoke alarm
757342235277207834,Essentials,Essentials
757342235277207834,Self check-in,Self check-in
757342235277207834,Stove,Oven
757342235277207834,Coffee,Coffee maker
757342235277207834,Books and reading material,Books
757342235277207834,Long term stays allowed,Long term stays
757342235277207834,Refrigerator,Refrigerator
757342235277207834,Fire extinguisher,Fire extinguisher
757342235277207834,Wifi,WiFi
757342235277207834,TV,TV
757342235277207834,Heating,Heating
757342235277207834,First aid kit,First aid kit
757342235277207834,Free street parking,Parking
757342235277207834,Hair dryer,Dryer
757342235277207834,Kitchen,Kitchen
757978037279611051,Smart lock,Lock
757978037279611051,Window AC unit,Air conditioning
757978037279611051,Carbon monoxide alarm,Carbon monoxide alarm
757978037279611051,Hangers,Hangers
757978037279611051,Bed linens,Other
757978037279611051,Smoke alarm,Smoke alarm
757978037279611051,Essentials,Essentials
757978037279611051,Coffee maker: Keurig coffee machine,Coffee maker
757978037279611051,Self check-in,Self check-in
757978037279611051,Stove,Oven
757978037279611051,Long term stays allowed,Long term stays
757978037279611051,Free residential garage on premises,Parking
757978037279611051,Refrigerator,Refrigerator
757978037279611051,Wifi,WiFi
757978037279611051,Board games,Board games
757978037279611051,TV,TV
757978037279611051,Iron,Iron
757978037279611051,Heating,Heating
757978037279611051,Microwave,Microwave
757978037279611051,Hair dryer,Dryer
757978037279611051,Kitchen,Kitchen
761141715827746314,Smoke alarm,Smoke alarm
761141715827746314,Heating,Heating
761141715827746314,Wifi,WiFi
761141715827746314,Cooking basics,Other
761141715827746314,Kitchen,Kitchen
761141715827746314,Air conditioning,Air conditioning
761141715827746314,Carbon monoxide alarm,Carbon monoxide alarm
761141715827746314,Dedicated workspace,Workspace
761141715827746314,Self check-in,Self check-in
761141715827746314,First aid kit,First aid kit
761141715827746314,Washer,Washer
761141715827746314,TV,TV
761141715827746314,Keypad,Lock
761141715827746314,Hair dryer,Dryer
761141715827746314,Free parking on premises,Parking
761141715827746314,Iron,Iron
764508866835218670,Window AC unit,Air conditioning
764508866835218670,Exterior security cameras on property,Lock
764508866835218670,Host greets you,Host greets you
764508866835218670,Carbon monoxide alarm,Carbon monoxide alarm
764508866835218670,Dedicated workspace,Workspace
764508866835218670,Hangers,Hangers
764508866835218670,Hot water kettle,Other
764508866835218670,Indoor fireplace: gas,Heating
764508866835218670,Barbecue utensils,BBQ grill
764508866835218670,Shared backyard – Fully fenced,Garden
764508866835218670,Smoke alarm,Smoke alarm
764508866835218670,Shared patio or balcony,Patio
764508866835218670,"Coffee maker: drip coffee maker, french press, pour-over coffee",Coffee maker
764508866835218670,Stove,Oven
764508866835218670,Books and reading material,Books
764508866835218670,"HDTV with Netflix, Hulu, Roku",TV
764508866835218670,Long term stays allowed,Long term stays
764508866835218670,IHome  Bluetooth sound system,Sound system
764508866835218670,Refrigerator,Refrigerator
764508866835218670,Fire extinguisher,Fire extinguisher
764508866835218670,Wifi,WiFi
764508866835218670,Board games,Board games
764508866835218670,Free washer – In building,Washer
764508866835218670,Free dryer – In building,Dryer
764508866835218670,Iron,Iron
764508866835218670,First aid kit,First aid kit
764508866835218670,Microwave,Microwave
764508866835218670,Free street parking,Parking
764508866835218670,Kitchen,Kitchen
774701102203414342,Window AC unit,Air conditioning
774701102203414342,Exterior security cameras on property,Lock
774701102203414342,Carbon monoxide alarm,Carbon monoxide alarm
774701102203414342,Dedicated workspace,Workspace
774701102203414342,Hangers,Hangers
774701102203414342,Hot water kettle,Other
774701102203414342,Central heating,Heating
774701102203414342,Smoke alarm,Smoke alarm
774701102203414342,Essentials,Essentials
774701102203414342,Self check-in,Self check-in
774701102203414342,Coffee,Coffee maker
774701102203414342,Long term stays allowed,Long term stays
774701102203414342,Refrigerator,Refrigerator
774701102203414342,Fire extinguisher,Fire extinguisher
774701102203414342,Wifi,WiFi
774701102203414342,TV,TV
774701102203414342,Iron,Iron
774701102203414342,Free parking on premises,Parking
774701102203414342,Private backyard – Fully fenced,Garden
774701102203414342,Exercise equipment,Gym
774701102203414342,Microwave,Microwave
774701102203414342,Hair dryer,Dryer
784781397995494758,Smoke alarm,Smoke alarm
784781397995494758,Heating,Heating
784781397995494758,Wifi,WiFi
784781397995494758,Clothing storage: closet,Hangers
784781397995494758,Air conditioning,Air conditioning
784781397995494758,Dedicated workspace,Workspace
784781397995494758,Hair dryer,Dryer
784781397995494758,Free driveway parking on premises – 1 space,Parking
784781397995494758,Extra pillows and blankets,Other
784781397995494758,TV,TV
786181179052991690,Paid parking on premises,Parking
786181179052991690,Carbon monoxide alarm,Carbon monoxide alarm
786181179052991690,Dedicated workspace,Workspace
786181179052991690,Bed linens,Other
786181179052991690,Lockbox,Lock
786181179052991690,Smoke alarm,Smoke alarm
786181179052991690,Self check-in,Self check-in
786181179052991690,Refrigerator,Refrigerator
786181179052991690,Fire extinguisher,Fire extinguisher
786181179052991690,Wifi,WiFi
786181179052991690,Air conditioning,Air conditioning
786181179052991690,Body soap,Essentials
786181179052991690,TV,TV
786181179052991690,Heating,Heating
786181179052991690,Oven,Oven
786181179052991690,First aid kit,First aid kit
786181179052991690,Kitchen,Kitchen
786196811078165173,GE electric stove,Oven
786196811078165173,Smart lock,Lock
786196811078165173,Carbon monoxide alarm,Carbon monoxide alarm
786196811078165173,Dedicated workspace,Workspace
786196811078165173,Hangers,Hangers
786196811078165173,Barbecue utensils,BBQ grill
786196811078165173,Bed linens,Other
786196811078165173,Smoke alarm,Smoke alarm
786196811078165173,Essentials,Essentials
786196811078165173,Self check-in,Self check-in
786196811078165173,Coffee,Coffee maker
786196811078165173,Fireplace guards,Heating
786196811078165173,Long term stays allowed,Long term stays
786196811078165173,Fire extinguisher,Fire extinguisher
786196811078165173,Wifi,WiFi
786196811078165173,Air conditioning,Air conditioning
786196811078165173,Patio or balcony,Patio
786196811078165173,GE refrigerator,Refrigerator
786196811078165173,Private backyard,Garden
786196811078165173,Iron,Iron
786196811078165173,Free parking on premises,Parking
786196811078165173,Free dryer – In unit,Dryer
786196811078165173,Dishwasher,Washer
786196811078165173,First aid kit,First aid kit
786196811078165173,Microwave,Microwave
786196811078165173,"65 inch HDTV with Fire TV, HBO Max, Amazon Prime Video, Apple TV, Hulu, Disney+, Netflix",TV
786196811078165173,Kitchen,Kitchen
786228331433922432,Paid parking on premises,Parking
786228331433922432,Carbon monoxide alarm,Carbon monoxide alarm
786228331433922432,Dedicated workspace,Workspace
786228331433922432,Hot water kettle,Other
786228331433922432,Lockbox,Lock
786228331433922432,Smoke alarm,Smoke alarm
786228331433922432,Essentials,Essentials
786228331433922432,Self check-in,Self check-in
786228331433922432,Coffee,Coffee maker
786228331433922432,Long term stays allowed,Long term stays
786228331433922432,Refrigerator,Refrigerator
786228331433922432,Fire extinguisher,Fire extinguisher
786228331433922432,Wifi,WiFi
786228331433922432,Air conditioning,Air conditioning
786228331433922432,TV,TV
786228331433922432,Radiant heating,Heating
786228331433922432,Oven,Oven
786228331433922432,First aid kit,First aid kit
786228331433922432,Kitchen,Kitchen
786316043239579100,Whirlpool gas stove,Pool
786316043239579100,Smart lock,Lock
786316043239579100,Window AC unit,Air conditioning
786316043239579100,Carbon monoxide alarm,Carbon monoxide alarm
786316043239579100,Dedicated workspace,Workspace
786316043239579100,Hangers,Hangers
786316043239579100,Single level home,Other
786316043239579100,Central heating,Heating
786316043239579100,LG refrigerator,Refrigerator
786316043239579100,"65 inch HDTV with Netflix, HBO Max, Amazon Prime Video",TV
786316043239579100,Smoke alarm,Smoke alarm
786316043239579100,Essentials,Essentials
786316043239579100,Coffee maker: Keurig coffee machine,Coffee maker
786316043239579100,Self check-in,Self check-in
786316043239579100,Pack ’n play/Travel crib - always at the listing,Crib
786316043239579100,Long term stays allowed,Long term stays
786316043239579100,Fire extinguisher,Fire extinguisher
786316043239579100,Board games,Board games
786316043239579100,Iron,Iron
786316043239579100,Free parking on premises,Parking
786316043239579100,Free washer – In unit,Washer
786316043239579100,Free dryer – In unit,Dryer
786316043239579100,Oven,Oven
786316043239579100,First aid kit,First aid kit
786316043239579100,Fast wifi – 458 Mbps,WiFi
786316043239579100,Microwave,Microwave
786316043239579100,Kitchen,Kitchen
787023821243442039,Samsung gas stove,Oven
787023821243442039,Smart lock,Lock
787023821243442039,Window AC unit,Air conditioning
787023821243442039,Carbon monoxide alarm,Carbon monoxide alarm
787023821243442039,Dedicated workspace,Workspace
787023821243442039,Hangers,Hangers
787023821243442039,Hot water kettle,Other
787023821243442039,Smoke alarm,Smoke alarm
787023821243442039,Essentials,Essentials
787023821243442039,Self check-in,Self check-in
787023821243442039,Coffee,Coffee maker
787023821243442039,Long term stays allowed,Long term stays
787023821243442039,50 inch HDTV with Roku,TV
787023821243442039,Refrigerator,Refrigerator
787023821243442039,Fire extinguisher,Fire extinguisher
787023821243442039,Wifi,WiFi
787023821243442039,Shared backyard – Not fully fenced,Garden
787023821243442039,Paid street parking off premises,Parking
787023821243442039,Iron,Iron
787023821243442039,Heating,Heating
787023821243442039,Free washer – In unit,Washer
787023821243442039,Free dryer – In unit,Dryer
787023821243442039,Private patio or balcony,Patio
787023821243442039,First aid kit,First aid kit
787023821243442039,Microwave,Microwave
787023821243442039,Kitchen,Kitchen
794723189688979530,Smart lock,Lock
794723189688979530,Carbon monoxide alarm,Carbon monoxide alarm
794723189688979530,Dedicated workspace,Workspace
794723189688979530,Hangers,Hangers
794723189688979530,Hot water kettle,Other
794723189688979530,Smoke alarm,Smoke alarm
794723189688979530,Essentials,Essentials
794723189688979530,Self check-in,Self check-in
794723189688979530,Stove,Oven
794723189688979530,Coffee,Coffee maker
794723189688979530,Long term stays allowed,Long term stays
794723189688979530,Refrigerator,Refrigerator
794723189688979530,Fire extinguisher,Fire extinguisher
794723189688979530,Fast wifi – 54 Mbps,WiFi
794723189688979530,50 inch TV with Fire TV,TV
794723189688979530,Iron,Iron
794723189688979530,Free washer – In unit,Washer
794723189688979530,Free dryer – In unit,Dryer
794723189688979530,Radiant heating,Heating
794723189688979530,First aid kit,First aid kit
794723189688979530,Free street parking,Parking
794723189688979530,Microwave,Microwave
794723189688979530,Pets allowed,Pets allowed
794723189688979530,Kitchen,Kitchen
795541666227926706,Smart lock,Lock
795541666227926706,Carbon monoxide alarm,Carbon monoxide alarm
795541666227926706,Dedicated workspace,Workspace
795541666227926706,Hangers,Hangers
795541666227926706,Public Goods shampoo,Essentials
795541666227926706,Hot water kettle,Other
795541666227926706,Central heating,Heating
795541666227926706,Smoke alarm,Smoke alarm
795541666227926706,Self check-in,Self check-in
795541666227926706,Stove,Oven
795541666227926706,Coffee,Coffee maker
795541666227926706,Books and reading material,Books
795541666227926706,Long term stays allowed,Long term stays
795541666227926706,Refrigerator,Refrigerator
795541666227926706,Fire extinguisher,Fire extinguisher
795541666227926706,Wifi,WiFi
795541666227926706,Air conditioning,Air conditioning
795541666227926706,TV,TV
795541666227926706,Iron,Iron
795541666227926706,Free parking on premises,Parking
795541666227926706,Dishwasher,Washer
795541666227926706,Private patio or balcony,Patio
795541666227926706,First aid kit,First aid kit
795541666227926706,Dryer,Dryer
795541666227926706,Microwave,Microwave
795541666227926706,Pets allowed,Pets allowed
795541666227926706,Kitchen,Kitchen
796231143904004713,Carbon monoxide alarm,Carbon monoxide alarm
796231143904004713,Dedicated workspace,Workspace
796231143904004713,Hangers,Hangers
796231143904004713,Central heating,Heating
796231143904004713,Hot water,Other
796231143904004713,Smoke alarm,Smoke alarm
796231143904004713,Essentials,Essentials
796231143904004713,BBQ grill,BBQ grill
796231143904004713,Coffee maker: Keurig coffee machine,Coffee maker
796231143904004713,Self check-in,Self check-in
796231143904004713,Long term stays allowed,Long term stays
796231143904004713,Fire extinguisher,Fire extinguisher
796231143904004713,Wifi,WiFi
796231143904004713,Air conditioning,Air conditioning
796231143904004713,Mini fridge,Refrigerator
796231143904004713,TV,TV
796231143904004713,Keypad,Lock
796231143904004713,Iron,Iron
796231143904004713,Free parking on premises,Parking
796231143904004713,Dishwasher,Washer
796231143904004713,First aid kit,First aid kit
796231143904004713,Pets allowed,Pets allowed
796231143904004713,Hair dryer,Dryer
796231143904004713,Kitchen,Kitchen
797455132224782470,Exterior security cameras on property,Lock
797455132224782470,Carbon monoxide alarm,Carbon monoxide alarm
797455132224782470,Dedicated workspace,Workspace
797455132224782470,Hangers,Hangers
797455132224782470,Bed linens,Other
797455132224782470,Smoke alarm,Smoke alarm
797455132224782470,Essentials,Essentials
797455132224782470,Self check-in,Self check-in
797455132224782470,Books and reading material,Books
797455132224782470,Long term stays allowed,Long term stays
797455132224782470,Fire extinguisher,Fire extinguisher
797455132224782470,Wifi,WiFi
797455132224782470,Mini fridge,Refrigerator
797455132224782470,"40 inch HDTV with Hulu, Netflix, Fire TV",TV
797455132224782470,Iron,Iron
797455132224782470,Radiant heating,Heating
797455132224782470,Private patio or balcony,Patio
797455132224782470,Free street parking,Parking
797455132224782470,Microwave,Microwave
797455132224782470,Hair dryer,Dryer
797455132224782470,Coffee maker: drip coffee maker,Coffee maker
802216634798169031,Smart lock,Lock
802216634798169031,Carbon monoxide alarm,Carbon monoxide alarm
802216634798169031,Dedicated workspace,Workspace
802216634798169031,Hangers,Hangers
802216634798169031,Hot water kettle,Other
802216634798169031,Central heating,Heating
802216634798169031,Smoke alarm,Smoke alarm
802216634798169031,Essentials,Essentials
802216634798169031,BBQ grill,BBQ grill
802216634798169031,Coffee maker: Keurig coffee machine,Coffee maker
802216634798169031,Self check-in,Self check-in
802216634798169031,Long term stays allowed,Long term stays
802216634798169031,Fire extinguisher,Fire extinguisher
802216634798169031,Wifi,WiFi
802216634798169031,Air conditioning,Air conditioning
802216634798169031,TV,TV
802216634798169031,Free dryer – In building,Dryer
802216634798169031,Iron,Iron
802216634798169031,Free parking on premises,Parking
802216634798169031,Dishwasher,Washer
802216634798169031,Oven,Oven
802216634798169031,First aid kit,First aid kit
802216634798169031,Pets allowed,Pets allowed
802216634798169031,Kitchen,Kitchen
803604897479679272,Exterior security cameras on property,Lock
803604897479679272,Carbon monoxide alarm,Carbon monoxide alarm
803604897479679272,Dedicated workspace,Workspace
803604897479679272,Hangers,Hangers
803604897479679272,Hot water,Other
803604897479679272,Smoke alarm,Smoke alarm
803604897479679272,Essentials,Essentials
803604897479679272,Self check-in,Self check-in
803604897479679272,Stove,Oven
803604897479679272,Fire extinguisher,Fire extinguisher
803604897479679272,Wifi,WiFi
803604897479679272,Air conditioning,Air conditioning
803604897479679272,TV,TV
803604897479679272,Free parking on premises,Parking
803604897479679272,Heating,Heating
803604897479679272,Dryer,Dryer
803604897479679272,Washer,Washer
803604897479679272,Pets allowed,Pets allowed
803604897479679272,Kitchen,Kitchen
803682039097862541,Window AC unit,Air conditioning
803682039097862541,Exterior security cameras on property,Lock
803682039097862541,Paid parking off premises,Parking
803682039097862541,Carbon monoxide alarm,Carbon monoxide alarm
803682039097862541,Dedicated workspace,Workspace
803682039097862541,Hangers,Hangers
803682039097862541,Single level home,Other
803682039097862541,"Coffee maker: drip coffee maker, Keurig coffee machine",Coffee maker
803682039097862541,Barbecue utensils,BBQ grill
803682039097862541,Shared backyard – Fully fenced,Garden
803682039097862541,Smoke alarm,Smoke alarm
803682039097862541,Essentials,Essentials
803682039097862541,Self check-in,Self check-in
803682039097862541,Pack ’n play/Travel crib - always at the listing,Crib
803682039097862541,Books and reading material,Books
803682039097862541,Long term stays allowed,Long term stays
803682039097862541,Fire extinguisher,Fire extinguisher
803682039097862541,Whirlpool  refrigerator,Pool
803682039097862541,Wifi,WiFi
803682039097862541,Mini fridge,Refrigerator
803682039097862541,Board games,Board games
803682039097862541,Free washer – In building,Washer
803682039097862541,Patio or balcony,Patio
803682039097862541,Free dryer – In building,Dryer
803682039097862541,Iron,Iron
803682039097862541,Radiant heating,Heating
803682039097862541,"80 inch HDTV with Roku, premium cable",TV
803682039097862541,First aid kit,First aid kit
803682039097862541,Exercise equipment,Gym
803682039097862541,Microwave,Microwave
803682039097862541,Kitchen,Kitchen
803814397190632412,Smart lock,Lock
803814397190632412,Carbon monoxide alarm,Carbon monoxide alarm
803814397190632412,Dedicated workspace,Workspace
803814397190632412,Hangers,Hangers
803814397190632412,Hot water kettle,Other
803814397190632412,Smoke alarm,Smoke alarm
803814397190632412,Essentials,Essentials
803814397190632412,BBQ grill,BBQ grill
803814397190632412,Coffee maker: Keurig coffee machine,Coffee maker
803814397190632412,Self check-in,Self check-in
803814397190632412,Long term stays allowed,Long term stays
803814397190632412,Fire extinguisher,Fire extinguisher
803814397190632412,Wifi,WiFi
803814397190632412,Air conditioning,Air conditioning
803814397190632412,Mini fridge,Refrigerator
803814397190632412,Shared backyard – Not fully fenced,Garden
803814397190632412,TV,TV
803814397190632412,Free dryer – In building,Dryer
803814397190632412,Iron,Iron
803814397190632412,Free parking on premises,Parking
803814397190632412,Heating,Heating
803814397190632412,Dishwasher,Washer
803814397190632412,Oven,Oven
803814397190632412,First aid kit,First aid kit
803814397190632412,Pets allowed,Pets allowed
803814397190632412,Kitchen,Kitchen
803867986023966300,Smart lock,Lock
803867986023966300,Carbon monoxide alarm,Carbon monoxide alarm
803867986023966300,Dedicated workspace,Workspace
803867986023966300,Hangers,Hangers
803867986023966300,Hot water kettle,Other
803867986023966300,Smoke alarm,Smoke alarm
803867986023966300,Essentials,Essentials
803867986023966300,BBQ grill,BBQ grill
803867986023966300,Coffee maker: Keurig coffee machine,Coffee maker
803867986023966300,Self check-in,Self check-in
803867986023966300,Stove,Oven
803867986023966300,Long term stays allowed,Long term stays
803867986023966300,Refrigerator,Refrigerator
803867986023966300,Fire extinguisher,Fire extinguisher
803867986023966300,Wifi,WiFi
803867986023966300,Air conditioning,Air conditioning
803867986023966300,Shared backyard – Not fully fenced,Garden
803867986023966300,TV,TV
803867986023966300,Free dryer – In building,Dryer
803867986023966300,Iron,Iron
803867986023966300,Free parking on premises,Parking
803867986023966300,Heating,Heating
803867986023966300,Dishwasher,Washer
803867986023966300,First aid kit,First aid kit
803867986023966300,Microwave,Microwave
803867986023966300,Pets allowed,Pets allowed
803867986023966300,Kitchen,Kitchen
806767523952124375,Exterior security cameras on property,Lock
806767523952124375,Carbon monoxide alarm,Carbon monoxide alarm
806767523952124375,Hangers,Hangers
806767523952124375,Central heating,Heating
806767523952124375,Trash compactor,Other
806767523952124375,Smoke alarm,Smoke alarm
806767523952124375,Essentials,Essentials
806767523952124375,Self check-in,Self check-in
806767523952124375,Private backyard – Not fully fenced,Garden
806767523952124375,Long term stays allowed,Long term stays
806767523952124375,Stainless steel oven,Oven
806767523952124375,Refrigerator,Refrigerator
806767523952124375,Fire extinguisher,Fire extinguisher
806767523952124375,Wifi,WiFi
806767523952124375,Air conditioning,Air conditioning
806767523952124375,TV,TV
806767523952124375,Coffee maker,Coffee maker
806767523952124375,Iron,Iron
806767523952124375,Free parking on premises,Parking
806767523952124375,Free dryer – In unit,Dryer
806767523952124375,Dishwasher,Washer
806767523952124375,Private patio or balcony,Patio
806767523952124375,Microwave,Microwave
806767523952124375,Kitchen,Kitchen
809524698302742033,Carbon monoxide alarm,Carbon monoxide alarm
809524698302742033,Hot water kettle,Other
809524698302742033,"Coffee maker: drip coffee maker, Keurig coffee machine",Coffee maker
809524698302742033,Central heating,Heating
809524698302742033,Smoke alarm,Smoke alarm
809524698302742033,Stove,Oven
809524698302742033,Clothing storage: closet and dresser,Hangers
809524698302742033,Refrigerator,Refrigerator
809524698302742033,Fire extinguisher,Fire extinguisher
809524698302742033,Wifi,WiFi
809524698302742033,Air conditioning,Air conditioning
809524698302742033,TV,TV
809524698302742033,Free dryer – In unit,Dryer
809524698302742033,Dishwasher,Washer
809524698302742033,First aid kit,First aid kit
809524698302742033,Microwave,Microwave
809524698302742033,Pets allowed,Pets allowed
809524698302742033,Kitchen,Kitchen
813640070361665090,Exterior security cameras on property,Lock
813640070361665090,Carbon monoxide alarm,Carbon monoxide alarm
813640070361665090,Dedicated workspace,Workspace
813640070361665090,Hot water kettle,Other
813640070361665090,Backyard,Garden
813640070361665090,Central heating,Heating
813640070361665090,Smoke alarm,Smoke alarm
813640070361665090,Essentials,Essentials
813640070361665090,BBQ grill,BBQ grill
813640070361665090,Self check-in,Self check-in
813640070361665090,Coffee,Coffee maker
813640070361665090,Long term stays allowed,Long term stays
813640070361665090,Refrigerator,Refrigerator
813640070361665090,Fire extinguisher,Fire extinguisher
813640070361665090,Wifi,WiFi
813640070361665090,Air conditioning,Air conditioning
813640070361665090,TV,TV
813640070361665090,Iron,Iron
813640070361665090,Kitchenette,Kitchen
813640070361665090,First aid kit,First aid kit
813640070361665090,Free street parking,Parking
813640070361665090,Microwave,Microwave
813640070361665090,Pets allowed,Pets allowed
813640070361665090,Hair dryer,Dryer
816085193659797849,Smoke alarm,Smoke alarm
816085193659797849,Heating,Heating
816085193659797849,Wifi,WiFi
816085193659797849,Smart lock,Lock
816085193659797849,Cooking basics,Other
816085193659797849,Air conditioning,Air conditioning
816085193659797849,Carbon monoxide alarm,Carbon monoxide alarm
816085193659797849,Kitchen,Kitchen
816085193659797849,Self check-in,Self check-in
816085193659797849,First aid kit,First aid kit
816085193659797849,TV,TV
816085193659797849,Hair dryer,Dryer
816085193659797849,Free parking on premises,Parking
816085193659797849,Iron,Iron
821566342267452838,Exterior security cameras on property,Lock
821566342267452838,Host greets you,Host greets you
821566342267452838,Carbon monoxide alarm,Carbon monoxide alarm
821566342267452838,Dedicated workspace,Workspace
821566342267452838,Hangers,Hangers
821566342267452838,"Coffee maker: french press, Keurig coffee machine",Coffee maker
821566342267452838,Central heating,Heating
821566342267452838,Electric stove,Oven
821566342267452838,Room-darkening shades,Other
821566342267452838,Smoke alarm,Smoke alarm
821566342267452838,Essentials,Essentials
821566342267452838,40 inch HDTV with Netflix,TV
821566342267452838,Refrigerator,Refrigerator
821566342267452838,Fire extinguisher,Fire extinguisher
821566342267452838,Wifi,WiFi
821566342267452838,Air conditioning,Air conditioning
821566342267452838,Free parking on premises,Parking
821566342267452838,Free dryer – In unit,Dryer
821566342267452838,Dishwasher,Washer
821566342267452838,First aid kit,First aid kit
821566342267452838,Microwave,Microwave
821566342267452838,Kitchen,Kitchen
823275570359807298,Paid parking on premises,Parking
823275570359807298,Window AC unit,Air conditioning
823275570359807298,Carbon monoxide alarm,Carbon monoxide alarm
823275570359807298,Hangers,Hangers
823275570359807298,Hot water kettle,Other
823275570359807298,Paid dryer – In building,Dryer
823275570359807298,Smoke alarm,Smoke alarm
823275570359807298,Essentials,Essentials
823275570359807298,Coffee maker: Keurig coffee machine,Coffee maker
823275570359807298,Self check-in,Self check-in
823275570359807298,Stove,Oven
823275570359807298,Long term stays allowed,Long term stays
823275570359807298,Refrigerator,Refrigerator
823275570359807298,Wifi,WiFi
823275570359807298,Free washer – In building,Washer
823275570359807298,TV,TV
823275570359807298,Keypad,Lock
823275570359807298,Iron,Iron
823275570359807298,Radiant heating,Heating
823275570359807298,Private patio or balcony,Patio
823275570359807298,Microwave,Microwave
823275570359807298,Pets allowed,Pets allowed
823275570359807298,Kitchen,Kitchen
826301775871257033,Window AC unit,Air conditioning
826301775871257033,Exterior security cameras on property,Lock
826301775871257033,Carbon monoxide alarm,Carbon monoxide alarm
826301775871257033,Hangers,Hangers
826301775871257033,Central heating,Heating
826301775871257033,Bed linens,Other
826301775871257033,Smoke alarm,Smoke alarm
826301775871257033,Essentials,Essentials
826301775871257033,Coffee maker: Keurig coffee machine,Coffee maker
826301775871257033,Self check-in,Self check-in
826301775871257033,Stove,Oven
826301775871257033,Long term stays allowed,Long term stays
826301775871257033,Refrigerator,Refrigerator
826301775871257033,Wifi,WiFi
826301775871257033,TV,TV
826301775871257033,Iron,Iron
826301775871257033,Free parking on premises,Parking
826301775871257033,Free washer – In unit,Washer
826301775871257033,Free dryer – In unit,Dryer
826301775871257033,Microwave,Microwave
826301775871257033,Kitchen,Kitchen
831122937768017113,Window AC unit,Air conditioning
831122937768017113,Exterior security cameras on property,Lock
831122937768017113,Carbon monoxide alarm,Carbon monoxide alarm
831122937768017113,Hangers,Hangers
831122937768017113,Hot water kettle,Other
831122937768017113,"Coffee maker: drip coffee maker, Keurig coffee machine",Coffee maker
831122937768017113,Electric stove,Oven
831122937768017113,"Exercise equipment: free weights, stationary bike, yoga mat, workout bench",Gym
831122937768017113,Smoke alarm,Smoke alarm
831122937768017113,Essentials,Essentials
831122937768017113,Self check-in,Self check-in
831122937768017113,Pack ’n play/Travel crib - always at the listing,Crib
831122937768017113,Long term stays allowed,Long term stays
831122937768017113,Refrigerator,Refrigerator
831122937768017113,Fire extinguisher,Fire extinguisher
831122937768017113,Free driveway parking on premises,Parking
831122937768017113,Wifi,WiFi
831122937768017113,Board games,Board games
831122937768017113,Patio or balcony,Patio
831122937768017113,TV,TV
831122937768017113,Iron,Iron
831122937768017113,Private backyard – Fully fenced,Garden
831122937768017113,Free washer – In unit,Washer
831122937768017113,Free dryer – In unit,Dryer
831122937768017113,Radiant heating,Heating
831122937768017113,First aid kit,First aid kit
831122937768017113,Microwave,Microwave
831122937768017113,Kitchen,Kitchen
841524382518312215,Smoke alarm,Smoke alarm
841524382518312215,Wifi,WiFi
841524382518312215,Exterior security cameras on property,Lock
841524382518312215,Air conditioning,Air conditioning
841524382518312215,Carbon monoxide alarm,Carbon monoxide alarm
841524382518312215,Kitchen,Kitchen
841524382518312215,First aid kit,First aid kit
841524382518312215,TV,TV
841524382518312215,Fire extinguisher,Fire extinguisher
841524433909352403,Smoke alarm,Smoke alarm
841524433909352403,Wifi,WiFi
841524433909352403,Laundromat nearby,Other
841524433909352403,Exterior security cameras on property,Lock
841524433909352403,Radiant heating,Heating
841524433909352403,Portable air conditioning,Air conditioning
841524433909352403,Carbon monoxide alarm,Carbon monoxide alarm
841524433909352403,Kitchen,Kitchen
841524433909352403,Private patio or balcony,Patio
841524433909352403,Self check-in,Self check-in
841524433909352403,First aid kit,First aid kit
841524433909352403,Long term stays allowed,Long term stays
841524433909352403,TV,TV
841524433909352403,Stainless steel electric stove,Oven
841524433909352403,Fire extinguisher,Fire extinguisher
843481456379840308,Smoke alarm,Smoke alarm
843481456379840308,Heating,Heating
843481456379840308,Wifi,WiFi
843481456379840308,Outdoor dining area,Other
843481456379840308,Kitchen,Kitchen
843481456379840308,Air conditioning,Air conditioning
843481456379840308,Carbon monoxide alarm,Carbon monoxide alarm
843481456379840308,Dedicated workspace,Workspace
843481456379840308,Self check-in,Self check-in
843481456379840308,First aid kit,First aid kit
843481456379840308,TV,TV
843481456379840308,Fire extinguisher,Fire extinguisher
843481456379840308,Lockbox,Lock
846586211673806912,Exterior security cameras on property,Lock
846586211673806912,Carbon monoxide alarm,Carbon monoxide alarm
846586211673806912,Hangers,Hangers
846586211673806912,Bed linens,Other
846586211673806912,Smoke alarm,Smoke alarm
846586211673806912,Essentials,Essentials
846586211673806912,Self check-in,Self check-in
846586211673806912,Stove,Oven
846586211673806912,Refrigerator,Refrigerator
846586211673806912,Fire extinguisher,Fire extinguisher
846586211673806912,Wifi,WiFi
846586211673806912,Air conditioning,Air conditioning
846586211673806912,TV,TV
846586211673806912,Coffee maker,Coffee maker
846586211673806912,Heating - split type ductless system,Heating
846586211673806912,Iron,Iron
846586211673806912,Free dryer – In unit,Dryer
846586211673806912,Dishwasher,Washer
846586211673806912,First aid kit,First aid kit
846586211673806912,Microwave,Microwave
846586211673806912,Kitchen,Kitchen
850173470105833039,Kitchen,Kitchen
850173470105833039,Carbon monoxide alarm,Carbon monoxide alarm
850173470105833039,Dedicated workspace,Workspace
850173470105833039,Bikes,Other
850173470105833039,Hangers,Hangers
850173470105833039,Children’s books and toys for ages 2-5 years old and 5-10 years old,Books
850173470105833039,Central heating,Heating
850173470105833039,Sound system,Sound system
850173470105833039,Barbecue utensils,BBQ grill
850173470105833039,Shared backyard – Fully fenced,Garden
850173470105833039,Smoke alarm,Smoke alarm
850173470105833039,Essentials,Essentials
850173470105833039,Shared patio or balcony,Patio
850173470105833039,Crib,Crib
850173470105833039,Self check-in,Self check-in
850173470105833039,Coffee,Coffee maker
850173470105833039,Single oven,Oven
850173470105833039,Long term stays allowed,Long term stays
850173470105833039,Refrigerator,Refrigerator
850173470105833039,Fire extinguisher,Fire extinguisher
850173470105833039,Wifi,WiFi
850173470105833039,Beach essentials,Beach access
850173470105833039,Lock on bedroom door,Lock
850173470105833039,Central air conditioning,Air conditioning
850173470105833039,Iron,Iron
850173470105833039,Free parking on premises,Parking
850173470105833039,Dishwasher,Washer
850173470105833039,"HDTV with Apple TV, Disney+, Amazon Prime Video, HBO Max, Hulu, Netflix",TV
850173470105833039,First aid kit,First aid kit
850173470105833039,Microwave,Microwave
850173470105833039,Hair dryer,Dryer
850653820133738660,Window AC unit,Air conditioning
850653820133738660,Exterior security cameras on property,Lock
850653820133738660,Host greets you,Host greets you
850653820133738660,Carbon monoxide alarm,Carbon monoxide alarm
850653820133738660,Hot water kettle,Other
850653820133738660,Barbecue utensils,BBQ grill
850653820133738660,HDTV with Roku,TV
850653820133738660,Stainless steel single oven,Oven
850653820133738660,Shared backyard – Fully fenced,Garden
850653820133738660,Smoke alarm,Smoke alarm
850653820133738660,Shared patio or balcony,Patio
850653820133738660,Coffee,Coffee maker
850653820133738660,Books and reading material,Books
850653820133738660,Long term stays allowed,Long term stays
850653820133738660,Refrigerator,Refrigerator
850653820133738660,Fire extinguisher,Fire extinguisher
850653820133738660,Wifi,WiFi
850653820133738660,Clothing storage: closet,Hangers
850653820133738660,Free washer – In building,Washer
850653820133738660,Free parking on premises,Parking
850653820133738660,Free dryer – In unit,Dryer
850653820133738660,Radiant heating,Heating
850653820133738660,First aid kit,First aid kit
850653820133738660,Microwave,Microwave
850653820133738660,Kitchen,Kitchen
857981934159027424,Window AC unit,Air conditioning
857981934159027424,Carbon monoxide alarm,Carbon monoxide alarm
857981934159027424,Dedicated workspace,Workspace
857981934159027424,"42 inch TV with Amazon Prime Video, Hulu, Netflix, Roku",TV
857981934159027424,Gas stove,Oven
857981934159027424,Hangers,Hangers
857981934159027424,Hot water kettle,Other
857981934159027424,Lockbox,Lock
857981934159027424,Smoke alarm,Smoke alarm
857981934159027424,Essentials,Essentials
857981934159027424,Self check-in,Self check-in
857981934159027424,Coffee,Coffee maker
857981934159027424,Long term stays allowed,Long term stays
857981934159027424,Refrigerator,Refrigerator
857981934159027424,Fire extinguisher,Fire extinguisher
857981934159027424,Wifi,WiFi
857981934159027424,Free washer – In building,Washer
857981934159027424,Iron,Iron
857981934159027424,Free parking on premises,Parking
857981934159027424,Free dryer – In unit,Dryer
857981934159027424,Radiant heating,Heating
857981934159027424,First aid kit,First aid kit
857981934159027424,Microwave,Microwave
857981934159027424,Kitchen,Kitchen
870457209918967324,Exterior security cameras on property,Lock
870457209918967324,Host greets you,Host greets you
870457209918967324,Carbon monoxide alarm,Carbon monoxide alarm
870457209918967324,Hangers,Hangers
870457209918967324,Electric stove,Oven
870457209918967324,Bed linens,Other
870457209918967324,Smoke alarm,Smoke alarm
870457209918967324,Essentials,Essentials
870457209918967324,Coffee maker: Keurig coffee machine,Coffee maker
870457209918967324,Refrigerator,Refrigerator
870457209918967324,Fire extinguisher,Fire extinguisher
870457209918967324,Wifi,WiFi
870457209918967324,Air conditioning,Air conditioning
870457209918967324,TV,TV
870457209918967324,Free parking on premises,Parking
870457209918967324,Heating,Heating
870457209918967324,Dishwasher,Washer
870457209918967324,First aid kit,First aid kit
870457209918967324,Dryer,Dryer
870457209918967324,Microwave,Microwave
870457209918967324,Kitchen,Kitchen
881231954286264195,Smart lock,Lock
881231954286264195,Carbon monoxide alarm,Carbon monoxide alarm
881231954286264195,Dedicated workspace,Workspace
881231954286264195,Hangers,Hangers
881231954286264195,Hot water,Other
881231954286264195,Smoke alarm,Smoke alarm
881231954286264195,Shampoo,Essentials
881231954286264195,Self check-in,Self check-in
881231954286264195,Fire extinguisher,Fire extinguisher
881231954286264195,Wifi,WiFi
881231954286264195,Air conditioning,Air conditioning
881231954286264195,TV,TV
881231954286264195,Iron,Iron
881231954286264195,Heating,Heating
881231954286264195,First aid kit,First aid kit
881231954286264195,Hair dryer,Dryer
881231954286264195,Kitchen,Kitchen
882229561343619620,Smart lock,Lock
882229561343619620,Window AC unit,Air conditioning
882229561343619620,GE stainless steel electric stove,Oven
882229561343619620,Carbon monoxide alarm,Carbon monoxide alarm
882229561343619620,Dedicated workspace,Workspace
882229561343619620,Central heating,Heating
882229561343619620,Smoke alarm,Smoke alarm
882229561343619620,HDTV with Netflix,TV
882229561343619620,Self check-in,Self check-in
882229561343619620,Dishes and silverware,Other
882229561343619620,Fire extinguisher,Fire extinguisher
882229561343619620,Wifi,WiFi
882229561343619620,Coffee maker,Coffee maker
882229561343619620,Iron,Iron
882229561343619620,Private backyard – Fully fenced,Garden
882229561343619620,General Electric (GE) refrigerator,Refrigerator
882229561343619620,Free street parking,Parking
882229561343619620,Microwave,Microwave
882229561343619620,Hair dryer,Dryer
882229561343619620,Kitchen,Kitchen
887167811237271928,Smart lock,Lock
887167811237271928,Carbon monoxide alarm,Carbon monoxide alarm
887167811237271928,Dedicated workspace,Workspace
887167811237271928,Free dryer,Dryer
887167811237271928,Hangers,Hangers
887167811237271928,Trash compactor,Other
887167811237271928,Smoke alarm,Smoke alarm
887167811237271928,Essentials,Essentials
887167811237271928,Coffee maker: pour-over coffee,Coffee maker
887167811237271928,Self check-in,Self check-in
887167811237271928,Long term stays allowed,Long term stays
887167811237271928,Refrigerator,Refrigerator
887167811237271928,Fire extinguisher,Fire extinguisher
887167811237271928,Wifi,WiFi
887167811237271928,Air conditioning,Air conditioning
887167811237271928,TV,TV
887167811237271928,Heating - split type ductless system,Heating
887167811237271928,Iron,Iron
887167811237271928,Free parking on premises,Parking
887167811237271928,Washer,Washer
887167811237271928,Microwave,Microwave
887167811237271928,Kitchen,Kitchen
887179061681202083,Smart lock,Lock
887179061681202083,Carbon monoxide alarm,Carbon monoxide alarm
887179061681202083,Dedicated workspace,Workspace
887179061681202083,Hangers,Hangers
887179061681202083,Bed linens,Other
887179061681202083,Smoke alarm,Smoke alarm
887179061681202083,Self check-in,Self check-in
887179061681202083,Fire extinguisher,Fire extinguisher
887179061681202083,Wifi,WiFi
887179061681202083,Air conditioning,Air conditioning
887179061681202083,Mini fridge,Refrigerator
887179061681202083,TV,TV
887179061681202083,Heating - split type ductless system,Heating
887179061681202083,Iron,Iron
887179061681202083,First aid kit,First aid kit
887179061681202083,Exercise equipment,Gym
887179061681202083,Washer,Washer
887179061681202083,Dryer,Dryer
887179061681202083,Microwave,Microwave
887179061681202083,Kitchen,Kitchen
888859204851381094,Window AC unit,Air conditioning
888859204851381094,Exterior security cameras on property,Lock
888859204851381094,Carbon monoxide alarm,Carbon monoxide alarm
888859204851381094,Dedicated workspace,Workspace
888859204851381094,Hangers,Hangers
888859204851381094,Central heating,Heating
888859204851381094,Hot water,Other
888859204851381094,Smoke alarm,Smoke alarm
888859204851381094,Washer – In building,Washer
888859204851381094,Essentials,Essentials
888859204851381094,High chair,High chair
888859204851381094,Crib,Crib
888859204851381094,Self check-in,Self check-in
888859204851381094,Long term stays allowed,Long term stays
888859204851381094,Fire extinguisher,Fire extinguisher
888859204851381094,Refrigerator,Refrigerator
888859204851381094,Wifi,WiFi
888859204851381094,Board games,Board games
888859204851381094,TV,TV
888859204851381094,Coffee maker,Coffee maker
888859204851381094,Iron,Iron
888859204851381094,Free parking on premises,Parking
888859204851381094,Oven,Oven
888859204851381094,First aid kit,First aid kit
888859204851381094,Microwave,Microwave
888859204851381094,Hair dryer,Dryer
888859204851381094,Kitchen,Kitchen
902166216060824525,Carbon monoxide alarm,Carbon monoxide alarm
902166216060824525,Dedicated workspace,Workspace
902166216060824525,Hangers,Hangers
902166216060824525,Hot water kettle,Other
902166216060824525,Central heating,Heating
902166216060824525,Electric stove,Oven
902166216060824525,Smoke alarm,Smoke alarm
902166216060824525,Coffee maker: Keurig coffee machine,Coffee maker
902166216060824525,Shampoo,Essentials
902166216060824525,Self check-in,Self check-in
902166216060824525,Long term stays allowed,Long term stays
902166216060824525,Refrigerator,Refrigerator
902166216060824525,Fire extinguisher,Fire extinguisher
902166216060824525,Wifi,WiFi
902166216060824525,Air conditioning,Air conditioning
902166216060824525,Board games,Board games
902166216060824525,TV,TV
902166216060824525,Keypad,Lock
902166216060824525,Iron,Iron
902166216060824525,Dishwasher,Washer
902166216060824525,Private patio or balcony,Patio
902166216060824525,First aid kit,First aid kit
902166216060824525,Microwave,Microwave
902166216060824525,Hair dryer,Dryer
902166216060824525,Free driveway parking on premises – 1 space,Parking
902166216060824525,Pets allowed,Pets allowed
902166216060824525,Kitchen,Kitchen
902326803627859755,Window AC unit,Air conditioning
902326803627859755,Exterior security cameras on property,Lock
902326803627859755,Carbon monoxide alarm,Carbon monoxide alarm
902326803627859755,Hangers,Hangers
902326803627859755,Hot water kettle,Other
902326803627859755,Smoke alarm,Smoke alarm
902326803627859755,Essentials,Essentials
902326803627859755,Self check-in,Self check-in
902326803627859755,Fireplace guards,Heating
902326803627859755,Samsung stainless steel single oven,Oven
902326803627859755,Long term stays allowed,Long term stays
902326803627859755,Refrigerator,Refrigerator
902326803627859755,Fire extinguisher,Fire extinguisher
902326803627859755,Wifi,WiFi
902326803627859755,Shared backyard – Not fully fenced,Garden
902326803627859755,TV,TV
902326803627859755,Iron,Iron
902326803627859755,Coffee maker,Coffee maker
902326803627859755,Free washer – In unit,Washer
902326803627859755,Free dryer – In unit,Dryer
902326803627859755,First aid kit,First aid kit
902326803627859755,Microwave,Microwave
902326803627859755,Free street parking,Parking
902326803627859755,Kitchen,Kitchen
904392960639597224,Exterior security cameras on property,Lock
904392960639597224,Carbon monoxide alarm,Carbon monoxide alarm
904392960639597224,Hangers,Hangers
904392960639597224,Hot water kettle,Other
904392960639597224,Central heating,Heating
904392960639597224,Barbecue utensils,BBQ grill
904392960639597224,Stainless steel single oven,Oven
904392960639597224,Smoke alarm,Smoke alarm
904392960639597224,Essentials,Essentials
904392960639597224,Shared patio or balcony,Patio
904392960639597224,Self check-in,Self check-in
904392960639597224,Coffee,Coffee maker
904392960639597224,Long term stays allowed,Long term stays
904392960639597224,Refrigerator,Refrigerator
904392960639597224,Fire extinguisher,Fire extinguisher
904392960639597224,Wifi,WiFi
904392960639597224,Shared backyard – Not fully fenced,Garden
904392960639597224,TV,TV
904392960639597224,Central air conditioning,Air conditioning
904392960639597224,Iron,Iron
904392960639597224,Free parking on premises,Parking
904392960639597224,Free washer – In unit,Washer
904392960639597224,Free dryer – In unit,Dryer
904392960639597224,Outdoor kitchen,Kitchen
904392960639597224,First aid kit,First aid kit
904392960639597224,Microwave,Microwave
904392960639597224,Pets allowed,Pets allowed
905007131419044966,Window AC unit,Air conditioning
905007131419044966,Carbon monoxide alarm,Carbon monoxide alarm
905007131419044966,Hangers,Hangers
905007131419044966,Barbecue utensils,BBQ grill
905007131419044966,Room-darkening shades,Other
905007131419044966,Stainless steel single oven,Oven
905007131419044966,Smoke alarm,Smoke alarm
905007131419044966,Essentials,Essentials
905007131419044966,Self check-in,Self check-in
905007131419044966,Coffee,Coffee maker
905007131419044966,Fireplace guards,Heating
905007131419044966,Long term stays allowed,Long term stays
905007131419044966,50 inch HDTV with Roku,TV
905007131419044966,Refrigerator,Refrigerator
905007131419044966,Fire extinguisher,Fire extinguisher
905007131419044966,Wifi,WiFi
905007131419044966,Shared backyard – Not fully fenced,Garden
905007131419044966,Keypad,Lock
905007131419044966,Iron,Iron
905007131419044966,Free washer – In unit,Washer
905007131419044966,Free dryer – In unit,Dryer
905007131419044966,Private patio or balcony,Patio
905007131419044966,First aid kit,First aid kit
905007131419044966,Free street parking,Parking
905007131419044966,Microwave,Microwave
905007131419044966,Kitchen,Kitchen
916983723755256572,"65 inch TV with Chromecast, Netflix, Roku",TV
916983723755256572,Window AC unit,Air conditioning
916983723755256572,Exterior security cameras on property,Lock
916983723755256572,Host greets you,Host greets you
916983723755256572,Carbon monoxide alarm,Carbon monoxide alarm
916983723755256572,Dedicated workspace,Workspace
916983723755256572,Bikes,Other
916983723755256572,Hangers,Hangers
916983723755256572,Dryer – In unit,Dryer
916983723755256572,Central heating,Heating
916983723755256572,Barbecue utensils,BBQ grill
916983723755256572,Electric stove,Oven
916983723755256572,Shared backyard – Fully fenced,Garden
916983723755256572,Smoke alarm,Smoke alarm
916983723755256572,Essentials,Essentials
916983723755256572,Coffee,Coffee maker
916983723755256572,Long term stays allowed,Long term stays
916983723755256572,Refrigerator,Refrigerator
916983723755256572,Fire extinguisher,Fire extinguisher
916983723755256572,Wifi,WiFi
916983723755256572,Free washer – In building,Washer
916983723755256572,Iron,Iron
916983723755256572,First aid kit,First aid kit
916983723755256572,Microwave,Microwave
916983723755256572,Free street parking,Parking
916983723755256572,Kitchen,Kitchen
917510613914219375,Window AC unit,Air conditioning
917510613914219375,Exterior security cameras on property,Lock
917510613914219375,Host greets you,Host greets you
917510613914219375,Carbon monoxide alarm,Carbon monoxide alarm
917510613914219375,Gas stove,Oven
917510613914219375,Hangers,Hangers
917510613914219375,Hot water kettle,Other
917510613914219375,Indoor fireplace: gas,Heating
917510613914219375,Barbecue utensils,BBQ grill
917510613914219375,Shared backyard – Fully fenced,Garden
917510613914219375,Smoke alarm,Smoke alarm
917510613914219375,Essentials,Essentials
917510613914219375,Shared patio or balcony,Patio
917510613914219375,"Coffee maker: drip coffee maker, french press, pour-over coffee",Coffee maker
917510613914219375,Books and reading material,Books
917510613914219375,Long term stays allowed,Long term stays
917510613914219375,IHome Bluetooth sound system,Sound system
917510613914219375,Refrigerator,Refrigerator
917510613914219375,Fire extinguisher,Fire extinguisher
917510613914219375,Wifi,WiFi
917510613914219375,Board games,Board games
917510613914219375,Free washer – In building,Washer
917510613914219375,Free dryer – In building,Dryer
917510613914219375,Iron,Iron
917510613914219375,First aid kit,First aid kit
917510613914219375,"HDTV with Hulu, Netflix, Roku",TV
917510613914219375,Microwave,Microwave
917510613914219375,Free street parking,Parking
917510613914219375,Kitchen,Kitchen
919055506310955442,Smoke alarm,Smoke alarm
919055506310955442,Wifi,WiFi
919055506310955442,Washer,Washer
919055506310955442,TV,TV
919055506310955442,Free parking on premises,Parking
919055506310955442,Kitchen,Kitchen
921076441920995839,Carbon monoxide alarm,Carbon monoxide alarm
921076441920995839,Dedicated workspace,Workspace
921076441920995839,Hangers,Hangers
921076441920995839,Electric stove,Oven
921076441920995839,Toaster,Other
921076441920995839,Smoke alarm,Smoke alarm
921076441920995839,Essentials,Essentials
921076441920995839,Coffee maker: Keurig coffee machine,Coffee maker
921076441920995839,Self check-in,Self check-in
921076441920995839,Long term stays allowed,Long term stays
921076441920995839,Refrigerator,Refrigerator
921076441920995839,Fire extinguisher,Fire extinguisher
921076441920995839,Wifi,WiFi
921076441920995839,Air conditioning,Air conditioning
921076441920995839,TV,TV
921076441920995839,Keypad,Lock
921076441920995839,Iron,Iron
921076441920995839,Heating,Heating
921076441920995839,First aid kit,First aid kit
921076441920995839,Free street parking,Parking
921076441920995839,Microwave,Microwave
921076441920995839,Pets allowed,Pets allowed
921076441920995839,Kitchen,Kitchen
928948908785846870,Window AC unit,Air conditioning
928948908785846870,Exterior security cameras on property,Lock
928948908785846870,Carbon monoxide alarm,Carbon monoxide alarm
928948908785846870,Dedicated workspace,Workspace
928948908785846870,Gas stove,Oven
928948908785846870,Hangers,Hangers
928948908785846870,Room-darkening shades,Other
928948908785846870,42 inch HDTV,TV
928948908785846870,Smoke alarm,Smoke alarm
928948908785846870,Essentials,Essentials
928948908785846870,Coffee maker: Keurig coffee machine,Coffee maker
928948908785846870,Self check-in,Self check-in
928948908785846870,Books and reading material,Books
928948908785846870,Long term stays allowed,Long term stays
928948908785846870,Refrigerator,Refrigerator
928948908785846870,Fire extinguisher,Fire extinguisher
928948908785846870,Wifi,WiFi
928948908785846870,Shared backyard – Not fully fenced,Garden
928948908785846870,Iron,Iron
928948908785846870,Radiant heating,Heating
928948908785846870,Dishwasher,Washer
928948908785846870,Private patio or balcony,Patio
928948908785846870,First aid kit,First aid kit
928948908785846870,Free street parking,Parking
928948908785846870,Microwave,Microwave
928948908785846870,Hair dryer,Dryer
928948908785846870,Pets allowed,Pets allowed
928948908785846870,Kitchen,Kitchen
932618854176539492,Carbon monoxide alarm,Carbon monoxide alarm
932618854176539492,Hangers,Hangers
932618854176539492,Single level home,Other
932618854176539492,Central heating,Heating
932618854176539492,Smoke alarm,Smoke alarm
932618854176539492,Essentials,Essentials
932618854176539492,Coffee maker: Keurig coffee machine,Coffee maker
932618854176539492,Self check-in,Self check-in
932618854176539492,Stove,Oven
932618854176539492,Books and reading material,Books
932618854176539492,Long term stays allowed,Long term stays
932618854176539492,Free residential garage on premises,Parking
932618854176539492,Refrigerator,Refrigerator
932618854176539492,Fire extinguisher,Fire extinguisher
932618854176539492,Wifi,WiFi
932618854176539492,Air conditioning,Air conditioning
932618854176539492,TV,TV
932618854176539492,Keypad,Lock
932618854176539492,Iron,Iron
932618854176539492,Dishwasher,Washer
932618854176539492,First aid kit,First aid kit
932618854176539492,Microwave,Microwave
932618854176539492,Hair dryer,Dryer
932618854176539492,Kitchen,Kitchen
932642358896439621,Smart lock,Lock
932642358896439621,Carbon monoxide alarm,Carbon monoxide alarm
932642358896439621,Hangers,Hangers
932642358896439621,Bed linens,Other
932642358896439621,Smoke alarm,Smoke alarm
932642358896439621,Essentials,Essentials
932642358896439621,Coffee maker: Keurig coffee machine,Coffee maker
932642358896439621,Self check-in,Self check-in
932642358896439621,Stove,Oven
932642358896439621,Long term stays allowed,Long term stays
932642358896439621,Free residential garage on premises,Parking
932642358896439621,Refrigerator,Refrigerator
932642358896439621,Fire extinguisher,Fire extinguisher
932642358896439621,Wifi,WiFi
932642358896439621,Air conditioning,Air conditioning
932642358896439621,TV,TV
932642358896439621,Iron,Iron
932642358896439621,Heating,Heating
932642358896439621,Dishwasher,Washer
932642358896439621,First aid kit,First aid kit
932642358896439621,Microwave,Microwave
932642358896439621,Hair dryer,Dryer
932642358896439621,Kitchen,Kitchen
934035097653060273,Smart lock,Lock
934035097653060273,Dedicated workspace,Workspace
934035097653060273,Hot water kettle,Other
934035097653060273,Smoke alarm,Smoke alarm
934035097653060273,Shared patio or balcony,Patio
934035097653060273,Coffee maker: Keurig coffee machine,Coffee maker
934035097653060273,Shampoo,Essentials
934035097653060273,Self check-in,Self check-in
934035097653060273,Stove,Oven
934035097653060273,Long term stays allowed,Long term stays
934035097653060273,Refrigerator,Refrigerator
934035097653060273,Fire extinguisher,Fire extinguisher
934035097653060273,Wifi,WiFi
934035097653060273,Air conditioning,Air conditioning
934035097653060273,TV,TV
934035097653060273,Iron,Iron
934035097653060273,Free parking on premises,Parking
934035097653060273,Heating,Heating
934035097653060273,Dishwasher,Washer
934035097653060273,Microwave,Microwave
934035097653060273,Pets allowed,Pets allowed
934035097653060273,Hair dryer,Dryer
934035097653060273,Kitchen,Kitchen
937837897631191844,Smoke alarm,Smoke alarm
937837897631191844,Wifi,WiFi
937837897631191844,BBQ grill,BBQ grill
937837897631191844,Kitchen,Kitchen
937837897631191844,Shampoo,Essentials
937837897631191844,Air conditioning,Air conditioning
937837897631191844,Dedicated workspace,Workspace
937837897631191844,Self check-in,Self check-in
937837897631191844,Keypad,Lock
937837897631191844,Hangers,Hangers
937837897631191844,First aid kit,First aid kit
937837897631191844,Indoor fireplace,Heating
937837897631191844,TV,TV
937837897631191844,Conditioner,Other
937837897631191844,Hair dryer,Dryer
937837897631191844,Free parking on premises,Parking
937837897631191844,Fire extinguisher,Fire extinguisher
937838302933205871,Dedicated workspace,Workspace
937838302933205871,Hangers,Hangers
937838302933205871,Smoke alarm,Smoke alarm
937838302933205871,Outdoor dining area,Other
937838302933205871,Shampoo,Essentials
937838302933205871,Self check-in,Self check-in
937838302933205871,Long term stays allowed,Long term stays
937838302933205871,Fire extinguisher,Fire extinguisher
937838302933205871,Wifi,WiFi
937838302933205871,Air conditioning,Air conditioning
937838302933205871,TV,TV
937838302933205871,Keypad,Lock
937838302933205871,Free parking on premises,Parking
937838302933205871,First aid kit,First aid kit
937838302933205871,Hair dryer,Dryer
937838302933205871,Indoor fireplace,Heating
937838302933205871,BBQ grill,BBQ grill
937838302933205871,Kitchen,Kitchen
937917144482762419,Dedicated workspace,Workspace
937917144482762419,Hangers,Hangers
937917144482762419,Smoke alarm,Smoke alarm
937917144482762419,Outdoor dining area,Other
937917144482762419,Shared patio or balcony,Patio
937917144482762419,Shampoo,Essentials
937917144482762419,Self check-in,Self check-in
937917144482762419,Long term stays allowed,Long term stays
937917144482762419,Elevator,Elevator
937917144482762419,Fire extinguisher,Fire extinguisher
937917144482762419,Wifi,WiFi
937917144482762419,Air conditioning,Air conditioning
937917144482762419,TV,TV
937917144482762419,Keypad,Lock
937917144482762419,Free parking on premises,Parking
937917144482762419,First aid kit,First aid kit
937917144482762419,Hair dryer,Dryer
937917144482762419,Indoor fireplace,Heating
937917144482762419,BBQ grill,BBQ grill
937917144482762419,Kitchen,Kitchen
937927979762952955,Dedicated workspace,Workspace
937927979762952955,Hangers,Hangers
937927979762952955,Smoke alarm,Smoke alarm
937927979762952955,Shampoo,Essentials
937927979762952955,Self check-in,Self check-in
937927979762952955,EV charger - level 1,Other
937927979762952955,Long term stays allowed,Long term stays
937927979762952955,Elevator,Elevator
937927979762952955,Fire extinguisher,Fire extinguisher
937927979762952955,Wifi,WiFi
937927979762952955,Air conditioning,Air conditioning
937927979762952955,TV,TV
937927979762952955,Keypad,Lock
937927979762952955,Free parking on premises,Parking
937927979762952955,First aid kit,First aid kit
937927979762952955,Hair dryer,Dryer
937927979762952955,Pets allowed,Pets allowed
937927979762952955,Indoor fireplace,Heating
937927979762952955,BBQ grill,BBQ grill
937927979762952955,Kitchen,Kitchen
937935210290408974,Dedicated workspace,Workspace
937935210290408974,Hangers,Hangers
937935210290408974,Smoke alarm,Smoke alarm
937935210290408974,Shared patio or balcony,Patio
937935210290408974,Shampoo,Essentials
937935210290408974,EV charger - level 1,Other
937935210290408974,Long term stays allowed,Long term stays
937935210290408974,Elevator,Elevator
937935210290408974,Fire extinguisher,Fire extinguisher
937935210290408974,Wifi,WiFi
937935210290408974,Air conditioning,Air conditioning
937935210290408974,TV,TV
937935210290408974,Free parking on premises,Parking
937935210290408974,First aid kit,First aid kit
937935210290408974,Hair dryer,Dryer
937935210290408974,Pets allowed,Pets allowed
937935210290408974,Indoor fireplace,Heating
937935210290408974,BBQ grill,BBQ grill
937935210290408974,Kitchen,Kitchen
937943638262956751,Dedicated workspace,Workspace
937943638262956751,Hangers,Hangers
937943638262956751,Smoke alarm,Smoke alarm
937943638262956751,Outdoor dining area,Other
937943638262956751,Shared patio or balcony,Patio
937943638262956751,Shampoo,Essentials
937943638262956751,Self check-in,Self check-in
937943638262956751,Long term stays allowed,Long term stays
937943638262956751,Fire extinguisher,Fire extinguisher
937943638262956751,Elevator,Elevator
937943638262956751,Wifi,WiFi
937943638262956751,Air conditioning,Air conditioning
937943638262956751,TV,TV
937943638262956751,Keypad,Lock
937943638262956751,Free parking on premises,Parking
937943638262956751,First aid kit,First aid kit
937943638262956751,Hair dryer,Dryer
937943638262956751,Indoor fireplace,Heating
937943638262956751,BBQ grill,BBQ grill
937943638262956751,Kitchen,Kitchen
937959604296602771,Smoke alarm,Smoke alarm
937959604296602771,Wifi,WiFi
937959604296602771,Outdoor dining area,Other
937959604296602771,Kitchen,Kitchen
937959604296602771,Air conditioning,Air conditioning
937959604296602771,Dedicated workspace,Workspace
937959604296602771,Self check-in,Self check-in
937959604296602771,First aid kit,First aid kit
937959604296602771,Indoor fireplace,Heating
937959604296602771,TV,TV
937959604296602771,Keypad,Lock
937959604296602771,BBQ grill,BBQ grill
937959604296602771,Free parking on premises,Parking
937959604296602771,Fire extinguisher,Fire extinguisher
937966967490420635,Dedicated workspace,Workspace
937966967490420635,Smoke alarm,Smoke alarm
937966967490420635,Outdoor dining area,Other
937966967490420635,Shared patio or balcony,Patio
937966967490420635,Shampoo,Essentials
937966967490420635,Long term stays allowed,Long term stays
937966967490420635,Elevator,Elevator
937966967490420635,Fire extinguisher,Fire extinguisher
937966967490420635,Wifi,WiFi
937966967490420635,Air conditioning,Air conditioning
937966967490420635,TV,TV
937966967490420635,Free parking on premises,Parking
937966967490420635,First aid kit,First aid kit
937966967490420635,Hair dryer,Dryer
937966967490420635,Indoor fireplace,Heating
937966967490420635,BBQ grill,BBQ grill
937966967490420635,Kitchen,Kitchen
938260134617291567,Dedicated workspace,Workspace
938260134617291567,Hangers,Hangers
938260134617291567,Smoke alarm,Smoke alarm
938260134617291567,Outdoor dining area,Other
938260134617291567,Shampoo,Essentials
938260134617291567,Self check-in,Self check-in
938260134617291567,Long term stays allowed,Long term stays
938260134617291567,Elevator,Elevator
938260134617291567,Fire extinguisher,Fire extinguisher
938260134617291567,Wifi,WiFi
938260134617291567,Air conditioning,Air conditioning
938260134617291567,TV,TV
938260134617291567,Keypad,Lock
938260134617291567,Free parking on premises,Parking
938260134617291567,First aid kit,First aid kit
938260134617291567,Indoor fireplace,Heating
938260134617291567,Hair dryer,Dryer
938260134617291567,Kitchen,Kitchen
938266199766701429,Dedicated workspace,Workspace
938266199766701429,Hangers,Hangers
938266199766701429,Smoke alarm,Smoke alarm
938266199766701429,Outdoor dining area,Other
938266199766701429,Shared patio or balcony,Patio
938266199766701429,Shampoo,Essentials
938266199766701429,Self check-in,Self check-in
938266199766701429,Long term stays allowed,Long term stays
938266199766701429,Fire extinguisher,Fire extinguisher
938266199766701429,Elevator,Elevator
938266199766701429,Wifi,WiFi
938266199766701429,Air conditioning,Air conditioning
938266199766701429,TV,TV
938266199766701429,Keypad,Lock
938266199766701429,Free parking on premises,Parking
938266199766701429,First aid kit,First aid kit
938266199766701429,Hair dryer,Dryer
938266199766701429,Indoor fireplace,Heating
938266199766701429,BBQ grill,BBQ grill
938266199766701429,Kitchen,Kitchen
938271786418327576,Dedicated workspace,Workspace
938271786418327576,Hangers,Hangers
938271786418327576,Smoke alarm,Smoke alarm
938271786418327576,Outdoor dining area,Other
938271786418327576,Shampoo,Essentials
938271786418327576,Self check-in,Self check-in
938271786418327576,Long term stays allowed,Long term stays
938271786418327576,Fire extinguisher,Fire extinguisher
938271786418327576,Elevator,Elevator
938271786418327576,Wifi,WiFi
938271786418327576,Air conditioning,Air conditioning
938271786418327576,Mini fridge,Refrigerator
938271786418327576,TV,TV
938271786418327576,Keypad,Lock
938271786418327576,Free parking on premises,Parking
938271786418327576,Private patio or balcony,Patio
938271786418327576,First aid kit,First aid kit
938271786418327576,Microwave,Microwave
938271786418327576,Hair dryer,Dryer
938271786418327576,Indoor fireplace,Heating
938271786418327576,BBQ grill,BBQ grill
938271786418327576,Kitchen,Kitchen
938280419686165005,Dedicated workspace,Workspace
938280419686165005,Hangers,Hangers
938280419686165005,Hot water kettle,Other
938280419686165005,Central heating,Heating
938280419686165005,Smoke alarm,Smoke alarm
938280419686165005,Essentials,Essentials
938280419686165005,Shared patio or balcony,Patio
938280419686165005,Self check-in,Self check-in
938280419686165005,Stove,Oven
938280419686165005,Coffee,Coffee maker
938280419686165005,Private backyard – Not fully fenced,Garden
938280419686165005,Long term stays allowed,Long term stays
938280419686165005,Refrigerator,Refrigerator
938280419686165005,Fire extinguisher,Fire extinguisher
938280419686165005,Wifi,WiFi
938280419686165005,Air conditioning,Air conditioning
938280419686165005,TV,TV
938280419686165005,Keypad,Lock
938280419686165005,Free parking on premises,Parking
938280419686165005,Dishwasher,Washer
938280419686165005,First aid kit,First aid kit
938280419686165005,Microwave,Microwave
938280419686165005,Hair dryer,Dryer
938280419686165005,Kitchen,Kitchen
938421117122010799,Exterior security cameras on property,Lock
938421117122010799,Carbon monoxide alarm,Carbon monoxide alarm
938421117122010799,Dedicated workspace,Workspace
938421117122010799,Hangers,Hangers
938421117122010799,Hot water kettle,Other
938421117122010799,Backyard,Garden
938421117122010799,Central heating,Heating
938421117122010799,Non specific  shampoo,Essentials
938421117122010799,Smoke alarm,Smoke alarm
938421117122010799,BBQ grill,BBQ grill
938421117122010799,Self check-in,Self check-in
938421117122010799,Coffee,Coffee maker
938421117122010799,Long term stays allowed,Long term stays
938421117122010799,Refrigerator,Refrigerator
938421117122010799,Fire extinguisher,Fire extinguisher
938421117122010799,Wifi,WiFi
938421117122010799,Air conditioning,Air conditioning
938421117122010799,Board games,Board games
938421117122010799,TV,TV
938421117122010799,Kitchenette,Kitchen
938421117122010799,First aid kit,First aid kit
938421117122010799,Free street parking,Parking
938421117122010799,Microwave,Microwave
938421117122010799,Pets allowed,Pets allowed
938421117122010799,Children’s books and toys,Books
938431811499141903,Window AC unit,Air conditioning
938431811499141903,Exterior security cameras on property,Lock
938431811499141903,Carbon monoxide alarm,Carbon monoxide alarm
938431811499141903,Dedicated workspace,Workspace
938431811499141903,Hot water kettle,Other
938431811499141903,Backyard,Garden
938431811499141903,Central heating,Heating
938431811499141903,Smoke alarm,Smoke alarm
938431811499141903,Essentials,Essentials
938431811499141903,BBQ grill,BBQ grill
938431811499141903,Self check-in,Self check-in
938431811499141903,Long term stays allowed,Long term stays
938431811499141903,Refrigerator,Refrigerator
938431811499141903,Fire extinguisher,Fire extinguisher
938431811499141903,Wifi,WiFi
938431811499141903,TV,TV
938431811499141903,Kitchenette,Kitchen
938431811499141903,Iron,Iron
938431811499141903,First aid kit,First aid kit
938431811499141903,Free street parking,Parking
938431811499141903,Hair dryer,Dryer
938431811499141903,Pets allowed,Pets allowed
938431811499141903,Children’s books and toys,Books
942750363293463100,Smart lock,Lock
942750363293463100,Carbon monoxide alarm,Carbon monoxide alarm
942750363293463100,Dedicated workspace,Workspace
942750363293463100,Hangers,Hangers
942750363293463100,Hot water kettle,Other
942750363293463100,Central heating,Heating
942750363293463100,Smoke alarm,Smoke alarm
942750363293463100,Essentials,Essentials
942750363293463100,BBQ grill,BBQ grill
942750363293463100,Self check-in,Self check-in
942750363293463100,Books and reading material,Books
942750363293463100,Fire extinguisher,Fire extinguisher
942750363293463100,Wifi,WiFi
942750363293463100,Air conditioning,Air conditioning
942750363293463100,TV,TV
942750363293463100,Kitchenette,Kitchen
942750363293463100,Iron,Iron
942750363293463100,First aid kit,First aid kit
942750363293463100,Microwave,Microwave
942750363293463100,Pets allowed,Pets allowed
950211425725610511,Carbon monoxide alarm,Carbon monoxide alarm
950211425725610511,Dedicated workspace,Workspace
950211425725610511,Hangers,Hangers
950211425725610511,Hot water kettle,Other
950211425725610511,Central heating,Heating
950211425725610511,Electric stove,Oven
950211425725610511,Lockbox,Lock
950211425725610511,Smoke alarm,Smoke alarm
950211425725610511,Essentials,Essentials
950211425725610511,Self check-in,Self check-in
950211425725610511,Coffee,Coffee maker
950211425725610511,Books and reading material,Books
950211425725610511,Courtyard view,Garden
950211425725610511,Refrigerator,Refrigerator
950211425725610511,Fire extinguisher,Fire extinguisher
950211425725610511,Wifi,WiFi
950211425725610511,Air conditioning,Air conditioning
950211425725610511,TV,TV
950211425725610511,Free dryer – In building,Dryer
950211425725610511,Iron,Iron
950211425725610511,Dishwasher,Washer
950211425725610511,First aid kit,First aid kit
950211425725610511,Free street parking,Parking
950211425725610511,Microwave,Microwave
950211425725610511,Kitchen,Kitchen
950613505102507073,Smoke alarm,Smoke alarm
950613505102507073,Wifi,WiFi
950613505102507073,Outdoor dining area,Other
950613505102507073,Exterior security cameras on property,Lock
950613505102507073,Air conditioning,Air conditioning
950613505102507073,Carbon monoxide alarm,Carbon monoxide alarm
950613505102507073,Dedicated workspace,Workspace
950613505102507073,Kitchen,Kitchen
950613505102507073,Washer,Washer
950613505102507073,TV,TV
950613505102507073,Free parking on premises,Parking
950613505102507073,Fire extinguisher,Fire extinguisher
958199983873241221,Window AC unit,Air conditioning
958199983873241221,Exterior security cameras on property,Lock
958199983873241221,Carbon monoxide alarm,Carbon monoxide alarm
958199983873241221,Dedicated workspace,Workspace
958199983873241221,Hangers,Hangers
958199983873241221,Central heating,Heating
958199983873241221,Kayak,Other
958199983873241221,Barbecue utensils,BBQ grill
958199983873241221,Sound system,Sound system
958199983873241221,Electric stove,Oven
958199983873241221,Smoke alarm,Smoke alarm
958199983873241221,Essentials,Essentials
958199983873241221,Coffee maker: Keurig coffee machine,Coffee maker
958199983873241221,Self check-in,Self check-in
958199983873241221,Books and reading material,Books
958199983873241221,Private backyard – Not fully fenced,Garden
958199983873241221,Long term stays allowed,Long term stays
958199983873241221,Refrigerator,Refrigerator
958199983873241221,Fire extinguisher,Fire extinguisher
958199983873241221,Wifi,WiFi
958199983873241221,TV,TV
958199983873241221,Iron,Iron
958199983873241221,Free parking on premises,Parking
958199983873241221,Free dryer – In unit,Dryer
958199983873241221,Private patio or balcony,Patio
958199983873241221,Private gym in building,Gym
958199983873241221,Washer,Washer
958199983873241221,Microwave,Microwave
958199983873241221,Pets allowed,Pets allowed
958199983873241221,Kitchen,Kitchen
963920695464462572,Smart lock,Lock
963920695464462572,Carbon monoxide alarm,Carbon monoxide alarm
963920695464462572,Dedicated workspace,Workspace
963920695464462572,Gas stove,Oven
963920695464462572,Hangers,Hangers
963920695464462572,Central heating,Heating
963920695464462572,Bed linens,Other
963920695464462572,Smoke alarm,Smoke alarm
963920695464462572,Essentials,Essentials
963920695464462572,Coffee maker: Keurig coffee machine,Coffee maker
963920695464462572,Self check-in,Self check-in
963920695464462572,Long term stays allowed,Long term stays
963920695464462572,50 inch HDTV with Roku,TV
963920695464462572,Refrigerator,Refrigerator
963920695464462572,Wifi,WiFi
963920695464462572,Air conditioning,Air conditioning
963920695464462572,Iron,Iron
963920695464462572,Free dryer – In unit,Dryer
963920695464462572,Dishwasher,Washer
963920695464462572,Free street parking,Parking
963920695464462572,Microwave,Microwave
963920695464462572,Kitchen,Kitchen
965313684808466476,Exterior security cameras on property,Lock
965313684808466476,Carbon monoxide alarm,Carbon monoxide alarm
965313684808466476,Hangers,Hangers
965313684808466476,Hot water kettle,Other
965313684808466476,Central heating,Heating
965313684808466476,Electric stove,Oven
965313684808466476,Smoke alarm,Smoke alarm
965313684808466476,Essentials,Essentials
965313684808466476,Self check-in,Self check-in
965313684808466476,Coffee,Coffee maker
965313684808466476,Books and reading material,Books
965313684808466476,Long term stays allowed,Long term stays
965313684808466476,Refrigerator,Refrigerator
965313684808466476,Fire extinguisher,Fire extinguisher
965313684808466476,Wifi,WiFi
965313684808466476,Air conditioning,Air conditioning
965313684808466476,TV,TV
965313684808466476,Iron,Iron
965313684808466476,Free dryer – In unit,Dryer
965313684808466476,Dishwasher,Washer
965313684808466476,Private patio or balcony,Patio
965313684808466476,Free street parking,Parking
965313684808466476,Microwave,Microwave
965313684808466476,Pets allowed,Pets allowed
965313684808466476,Kitchen,Kitchen
966287799980701967,GE electric stove,Oven
966287799980701967,Window guards,Other
966287799980701967,Smart lock,Lock
966287799980701967,Carbon monoxide alarm,Carbon monoxide alarm
966287799980701967,Dedicated workspace,Workspace
966287799980701967,Hangers,Hangers
966287799980701967,Fast wifi – 549 Mbps,WiFi
966287799980701967,Smoke alarm,Smoke alarm
966287799980701967,Essentials,Essentials
966287799980701967,Shared backyard – Fully fenced,Garden
966287799980701967,Coffee maker: Keurig coffee machine,Coffee maker
966287799980701967,Self check-in,Self check-in
966287799980701967,Frigidaire refrigerator,Refrigerator
966287799980701967,Long term stays allowed,Long term stays
966287799980701967,Fire extinguisher,Fire extinguisher
966287799980701967,Air conditioning,Air conditioning
966287799980701967,Free washer – In building,Washer
966287799980701967,Free dryer – In building,Dryer
966287799980701967,Iron,Iron
966287799980701967,Free parking on premises,Parking
966287799980701967,Radiant heating,Heating
966287799980701967,First aid kit,First aid kit
966287799980701967,Microwave,Microwave
966287799980701967,65 inch HDTV with Roku,TV
966287799980701967,Kitchen,Kitchen
969886763377526954,Exterior security cameras on property,Lock
969886763377526954,Carbon monoxide alarm,Carbon monoxide alarm
969886763377526954,Dedicated workspace,Workspace
969886763377526954,Gas stove,Oven
969886763377526954,Hangers,Hangers
969886763377526954,Hot water kettle,Other
969886763377526954,Central heating,Heating
969886763377526954,Shared hot tub - available all year,Hot tub
969886763377526954,Head and Shoulders shampoo,Essentials
969886763377526954,Shared backyard – Fully fenced,Garden
969886763377526954,Smoke alarm,Smoke alarm
969886763377526954,BBQ grill,BBQ grill
969886763377526954,Self check-in,Self check-in
969886763377526954,Coffee,Coffee maker
969886763377526954,Long term stays allowed,Long term stays
969886763377526954,Refrigerator,Refrigerator
969886763377526954,Fire extinguisher,Fire extinguisher
969886763377526954,Wifi,WiFi
969886763377526954,Board games,Board games
969886763377526954,55 inch HDTV,TV
969886763377526954,Free washer – In building,Washer
969886763377526954,Central air conditioning,Air conditioning
969886763377526954,Free dryer – In building,Dryer
969886763377526954,Iron,Iron
969886763377526954,Free parking on premises,Parking
969886763377526954,First aid kit,First aid kit
969886763377526954,Microwave,Microwave
969886763377526954,Kitchen,Kitchen
980034348801186320,Kitchen,Kitchen
980034348801186320,Carbon monoxide alarm,Carbon monoxide alarm
980034348801186320,Dedicated workspace,Workspace
980034348801186320,Gas stove,Oven
980034348801186320,Hangers,Hangers
980034348801186320,Hot water kettle,Other
980034348801186320,Smoke alarm,Smoke alarm
980034348801186320,Essentials,Essentials
980034348801186320,Coffee maker: Keurig coffee machine,Coffee maker
980034348801186320,Self check-in,Self check-in
980034348801186320,Long term stays allowed,Long term stays
980034348801186320,Refrigerator,Refrigerator
980034348801186320,Fire extinguisher,Fire extinguisher
980034348801186320,Wifi,WiFi
980034348801186320,Air conditioning,Air conditioning
980034348801186320,Board games,Board games
980034348801186320,TV,TV
980034348801186320,Iron,Iron
980034348801186320,Free parking on premises,Parking
980034348801186320,Keypad,Lock
980034348801186320,Heating,Heating
980034348801186320,Backyard - Fully fenced,Garden
980034348801186320,Private patio or balcony,Patio
980034348801186320,First aid kit,First aid kit
980034348801186320,Microwave,Microwave
980034348801186320,Hair dryer,Dryer
983306819910081094,Bluetooth sound system,Sound system
983306819910081094,Exterior security cameras on property,Lock
983306819910081094,Kitchen,Kitchen
983306819910081094,Carbon monoxide alarm,Carbon monoxide alarm
983306819910081094,Dedicated workspace,Workspace
983306819910081094,Hangers,Hangers
983306819910081094,Single level home,Other
983306819910081094,Backyard,Garden
983306819910081094,Barbecue utensils,BBQ grill
983306819910081094,Electric stove,Oven
983306819910081094,Smoke alarm,Smoke alarm
983306819910081094,Essentials,Essentials
983306819910081094,Shared patio or balcony,Patio
983306819910081094,Self check-in,Self check-in
983306819910081094,Coffee,Coffee maker
983306819910081094,Books and reading material,Books
983306819910081094,Refrigerator,Refrigerator
983306819910081094,Fire extinguisher,Fire extinguisher
983306819910081094,Wifi,WiFi
983306819910081094,Air conditioning,Air conditioning
983306819910081094,Board games,Board games
983306819910081094,TV,TV
983306819910081094,Heating,Heating
983306819910081094,First aid kit,First aid kit
983306819910081094,Free street parking,Parking
983306819910081094,Washer,Washer
983306819910081094,Dryer,Dryer
983306819910081094,Microwave,Microwave
989010058281318863,Exterior security cameras on property,Lock
989010058281318863,Carbon monoxide alarm,Carbon monoxide alarm
989010058281318863,Dedicated workspace,Workspace
989010058281318863,Dryer – In unit,Dryer
989010058281318863,Central heating,Heating
989010058281318863,Hot water,Other
989010058281318863,Smoke alarm,Smoke alarm
989010058281318863,Essentials,Essentials
989010058281318863,Self check-in,Self check-in
989010058281318863,Fire extinguisher,Fire extinguisher
989010058281318863,Wifi,WiFi
989010058281318863,Air conditioning,Air conditioning
989010058281318863,TV,TV
989010058281318863,Washer – In unit,Washer
989010058281318863,First aid kit,First aid kit
989010058281318863,Kitchen,Kitchen
990935487146379699,Smart lock,Lock
990935487146379699,Carbon monoxide alarm,Carbon monoxide alarm
990935487146379699,Bed linens,Other
990935487146379699,Smoke alarm,Smoke alarm
990935487146379699,Shampoo,Essentials
990935487146379699,Self check-in,Self check-in
990935487146379699,Stove,Oven
990935487146379699,Coffee,Coffee maker
990935487146379699,Books and reading material,Books
990935487146379699,Refrigerator,Refrigerator
990935487146379699,Fire extinguisher,Fire extinguisher
990935487146379699,Wifi,WiFi
990935487146379699,Air conditioning,Air conditioning
990935487146379699,TV,TV
990935487146379699,Heating,Heating
990935487146379699,Free street parking,Parking
990935487146379699,Microwave,Microwave
990935487146379699,Kitchen,Kitchen
992119832780871644,Samsung electric stove,Oven
992119832780871644,Carbon monoxide alarm,Carbon monoxide alarm
992119832780871644,Dedicated workspace,Workspace
992119832780871644,Hangers,Hangers
992119832780871644,Hot water kettle,Other
992119832780871644,"Coffee maker: drip coffee maker, Keurig coffee machine",Coffee maker
992119832780871644,Central heating,Heating
992119832780871644,Smoke alarm,Smoke alarm
992119832780871644,Essentials,Essentials
992119832780871644,Long term stays allowed,Long term stays
992119832780871644,Wifi,WiFi
992119832780871644,Air conditioning,Air conditioning
992119832780871644,TV,TV
992119832780871644,Iron,Iron
992119832780871644,Fridgeair refrigerator,Refrigerator
992119832780871644,Free parking on premises,Parking
992119832780871644,Free dryer – In unit,Dryer
992119832780871644,Washer,Washer
992119832780871644,Microwave,Microwave
992119832780871644,Kitchen,Kitchen
992554549672159765,Babysitter recommendations,Other
992554549672159765,Carbon monoxide alarm,Carbon monoxide alarm
992554549672159765,Dedicated workspace,Workspace
992554549672159765,Hangers,Hangers
992554549672159765,Central heating,Heating
992554549672159765,Barbecue utensils,BBQ grill
992554549672159765,Smoke alarm,Smoke alarm
992554549672159765,Essentials,Essentials
992554549672159765,Stove,Oven
992554549672159765,Coffee,Coffee maker
992554549672159765,Books and reading material,Books
992554549672159765,Long term stays allowed,Long term stays
992554549672159765,Pack ’n play/Travel crib,Crib
992554549672159765,Fire extinguisher,Fire extinguisher
992554549672159765,Refrigerator,Refrigerator
992554549672159765,Wifi,WiFi
992554549672159765,Air conditioning,Air conditioning
992554549672159765,Board games,Board games
992554549672159765,Patio or balcony,Patio
992554549672159765,Private backyard,Garden
992554549672159765,Free dryer – In building,Dryer
992554549672159765,Iron,Iron
992554549672159765,Free parking on premises,Parking
992554549672159765,Dishwasher,Washer
992554549672159765,First aid kit,First aid kit
992554549672159765,Microwave,Microwave
992554549672159765,Pets allowed,Pets allowed
992554549672159765,Kitchen,Kitchen
993431459821117738,Carbon monoxide alarm,Carbon monoxide alarm
993431459821117738,Free dryer,Dryer
993431459821117738,Hangers,Hangers
993431459821117738,Central heating,Heating
993431459821117738,Bed linens,Other
993431459821117738,Lockbox,Lock
993431459821117738,Smoke alarm,Smoke alarm
993431459821117738,Essentials,Essentials
993431459821117738,Self check-in,Self check-in
993431459821117738,Fire extinguisher,Fire extinguisher
993431459821117738,Wifi,WiFi
993431459821117738,Air conditioning,Air conditioning
993431459821117738,TV,TV
993431459821117738,Dishwasher,Washer
993431459821117738,Whirlpool refrigerator,Pool
993431459821117738,Microwave,Microwave
993431459821117738,Kitchen,Kitchen
999161887055542119,Exterior security cameras on property,Lock
999161887055542119,Carbon monoxide alarm,Carbon monoxide alarm
999161887055542119,Hangers,Hangers
999161887055542119,Hot water kettle,Other
999161887055542119,Central heating,Heating
999161887055542119,Smoke alarm,Smoke alarm
999161887055542119,Essentials,Essentials
999161887055542119,Coffee maker: Keurig coffee machine,Coffee maker
999161887055542119,Portable air conditioning,Air conditioning
999161887055542119,Self check-in,Self check-in
999161887055542119,"55 inch HDTV with Fire TV, Amazon Prime Video, Roku",TV
999161887055542119,Long term stays allowed,Long term stays
999161887055542119,Stainless steel oven,Oven
999161887055542119,Refrigerator,Refrigerator
999161887055542119,Fire extinguisher,Fire extinguisher
999161887055542119,Wifi,WiFi
999161887055542119,Board games,Board games
999161887055542119,Iron,Iron
999161887055542119,Free washer – In unit,Washer
999161887055542119,Free dryer – In unit,Dryer
999161887055542119,First aid kit,First aid kit
999161887055542119,Free street parking,Parking
999161887055542119,Microwave,Microwave
999161887055542119,Kitchen,Kitchen
1004978540001566331,Children’s dinnerware,Other
1004978540001566331,Window AC unit,Air conditioning
1004978540001566331,Exterior security cameras on property,Lock
1004978540001566331,Carbon monoxide alarm,Carbon monoxide alarm
1004978540001566331,Dedicated workspace,Workspace
1004978540001566331,Hangers,Hangers
1004978540001566331,Central heating,Heating
1004978540001566331,Smoke alarm,Smoke alarm
1004978540001566331,Essentials,Essentials
1004978540001566331,Free driveway parking on premises – 3 spaces,Parking
1004978540001566331,Self check-in,Self check-in
1004978540001566331,"TV with Roku, standard cable",TV
1004978540001566331,Books and reading material,Books
1004978540001566331,Pack ’n play/Travel crib - available upon request,Crib
1004978540001566331,Fire extinguisher,Fire extinguisher
1004978540001566331,Wifi,WiFi
1004978540001566331,Board games,Board games
1004978540001566331,Iron,Iron
1004978540001566331,Private backyard – Fully fenced,Garden
1004978540001566331,Free washer – In unit,Washer
1004978540001566331,Free dryer – In unit,Dryer
1004978540001566331,First aid kit,First aid kit
1004978540001566331,Kitchen,Kitchen
1004978540001566331,Coffee maker: drip coffee maker,Coffee maker
1005978346817864540,Frigidaire electric stove,Oven
1005978346817864540,Paid parking on premises,Parking
1005978346817864540,Smart lock,Lock
1005978346817864540,Window AC unit,Air conditioning
1005978346817864540,Carbon monoxide alarm,Carbon monoxide alarm
1005978346817864540,Dedicated workspace,Workspace
1005978346817864540,Hangers,Hangers
1005978346817864540,Paid dryer – In building,Dryer
1005978346817864540,Room-darkening shades,Other
1005978346817864540,Shared backyard – Fully fenced,Garden
1005978346817864540,Smoke alarm,Smoke alarm
1005978346817864540,Essentials,Essentials
1005978346817864540,Self check-in,Self check-in
1005978346817864540,Coffee,Coffee maker
1005978346817864540,Pack ’n play/Travel crib - available upon request,Crib
1005978346817864540,Frigidaire refrigerator,Refrigerator
1005978346817864540,Long term stays allowed,Long term stays
1005978346817864540,Fire extinguisher,Fire extinguisher
1005978346817864540,Wifi,WiFi
1005978346817864540,Free washer – In building,Washer
1005978346817864540,Iron,Iron
1005978346817864540,"70 inch HDTV with Amazon Prime Video, Disney+, Hulu, Netflix, Roku, Chromecast",TV
1005978346817864540,Radiant heating,Heating
1005978346817864540,First aid kit,First aid kit
1005978346817864540,Microwave,Microwave
1005978346817864540,Pets allowed,Pets allowed
1005978346817864540,Kitchen,Kitchen
1007354086435981132,Children’s dinnerware,Other
1007354086435981132,Smart lock,Lock
1007354086435981132,Carbon monoxide alarm,Carbon monoxide alarm
1007354086435981132,Hangers,Hangers
1007354086435981132,Backyard,Garden
1007354086435981132,Smoke alarm,Smoke alarm
1007354086435981132,Essentials,Essentials
1007354086435981132,High chair,High chair
1007354086435981132,Coffee maker: Keurig coffee machine,Coffee maker
1007354086435981132,Self check-in,Self check-in
1007354086435981132,Stove,Oven
1007354086435981132,Books and reading material,Books
1007354086435981132,Long term stays allowed,Long term stays
1007354086435981132,Free residential garage on premises,Parking
1007354086435981132,Refrigerator,Refrigerator
1007354086435981132,Wifi,WiFi
1007354086435981132,Air conditioning,Air conditioning
1007354086435981132,Board games,Board games
1007354086435981132,TV,TV
1007354086435981132,Iron,Iron
1007354086435981132,Heating,Heating
1007354086435981132,First aid kit,First aid kit
1007354086435981132,Washer,Washer
1007354086435981132,Dryer,Dryer
1007354086435981132,Microwave,Microwave
1007354086435981132,Kitchen,Kitchen
1010759793485911351,Exterior security cameras on property,Lock
1010759793485911351,Carbon monoxide alarm,Carbon monoxide alarm
1010759793485911351,Dedicated workspace,Workspace
1010759793485911351,Hangers,Hangers
1010759793485911351,Backyard,Garden
1010759793485911351,Hot water,Other
1010759793485911351,Smoke alarm,Smoke alarm
1010759793485911351,Essentials,Essentials
1010759793485911351,Self check-in,Self check-in
1010759793485911351,"Shared hot tub - available all year, open 24 hours",Hot tub
1010759793485911351,Long term stays allowed,Long term stays
1010759793485911351,Refrigerator,Refrigerator
1010759793485911351,Fire extinguisher,Fire extinguisher
1010759793485911351,Wifi,WiFi
1010759793485911351,Air conditioning,Air conditioning
1010759793485911351,TV,TV
1010759793485911351,Coffee maker,Coffee maker
1010759793485911351,Iron,Iron
1010759793485911351,Free parking on premises,Parking
1010759793485911351,Heating,Heating
1010759793485911351,Dryer,Dryer
1010759793485911351,Washer,Washer
1010759793485911351,Kitchen,Kitchen
1010759799610182054,Exterior security cameras on property,Lock
1010759799610182054,Carbon monoxide alarm,Carbon monoxide alarm
1010759799610182054,Dedicated workspace,Workspace
1010759799610182054,Gas stove,Oven
1010759799610182054,Hangers,Hangers
1010759799610182054,Hot water kettle,Other
1010759799610182054,"Coffee maker: drip coffee maker, Keurig coffee machine, Nespresso",Coffee maker
1010759799610182054,Central heating,Heating
1010759799610182054,Shared hot tub - available all year,Hot tub
1010759799610182054,Head and Shoulders shampoo,Essentials
1010759799610182054,Barbecue utensils,BBQ grill
1010759799610182054,Smoke alarm,Smoke alarm
1010759799610182054,Shared patio or balcony,Patio
1010759799610182054,Self check-in,Self check-in
1010759799610182054,Books and reading material,Books
1010759799610182054,Long term stays allowed,Long term stays
1010759799610182054,Refrigerator,Refrigerator
1010759799610182054,Fire extinguisher,Fire extinguisher
1010759799610182054,Wifi,WiFi
1010759799610182054,Board games,Board games
1010759799610182054,Free washer – In building,Washer
1010759799610182054,TV,TV
1010759799610182054,Free dryer – In building,Dryer
1010759799610182054,Central air conditioning,Air conditioning
1010759799610182054,Iron,Iron
1010759799610182054,Private backyard – Fully fenced,Garden
1010759799610182054,Free parking on premises,Parking
1010759799610182054,First aid kit,First aid kit
1010759799610182054,Microwave,Microwave
1010759799610182054,Kitchen,Kitchen
1010760496997974537,Exterior security cameras on property,Lock
1010760496997974537,Carbon monoxide alarm,Carbon monoxide alarm
1010760496997974537,Dedicated workspace,Workspace
1010760496997974537,Hangers,Hangers
1010760496997974537,Hot water kettle,Other
1010760496997974537,Backyard,Garden
1010760496997974537,Shared hot tub - available all year,Hot tub
1010760496997974537,Barbecue utensils,BBQ grill
1010760496997974537,Smoke alarm,Smoke alarm
1010760496997974537,Essentials,Essentials
1010760496997974537,Shared patio or balcony,Patio
1010760496997974537,Self check-in,Self check-in
1010760496997974537,Stove,Oven
1010760496997974537,Coffee,Coffee maker
1010760496997974537,Fireplace guards,Heating
1010760496997974537,Books and reading material,Books
1010760496997974537,Long term stays allowed,Long term stays
1010760496997974537,Refrigerator,Refrigerator
1010760496997974537,Fire extinguisher,Fire extinguisher
1010760496997974537,Wifi,WiFi
1010760496997974537,Air conditioning,Air conditioning
1010760496997974537,Board games,Board games
1010760496997974537,TV,TV
1010760496997974537,Iron,Iron
1010760496997974537,Free parking on premises,Parking
1010760496997974537,Dishwasher,Washer
1010760496997974537,First aid kit,First aid kit
1010760496997974537,Dryer,Dryer
1010760496997974537,Microwave,Microwave
1010760496997974537,Kitchen,Kitchen
1012862218478447339,Exterior security cameras on property,Lock
1012862218478447339,Carbon monoxide alarm,Carbon monoxide alarm
1012862218478447339,Dedicated workspace,Workspace
1012862218478447339,Hangers,Hangers
1012862218478447339,Hot water kettle,Other
1012862218478447339,Backyard,Garden
1012862218478447339,Shared hot tub - available all year,Hot tub
1012862218478447339,Barbecue utensils,BBQ grill
1012862218478447339,Smoke alarm,Smoke alarm
1012862218478447339,Essentials,Essentials
1012862218478447339,Self check-in,Self check-in
1012862218478447339,Stove,Oven
1012862218478447339,Coffee,Coffee maker
1012862218478447339,Books and reading material,Books
1012862218478447339,Long term stays allowed,Long term stays
1012862218478447339,Refrigerator,Refrigerator
1012862218478447339,Fire extinguisher,Fire extinguisher
1012862218478447339,Elevator,Elevator
1012862218478447339,Wifi,WiFi
1012862218478447339,Air conditioning,Air conditioning
1012862218478447339,Board games,Board games
1012862218478447339,TV,TV
1012862218478447339,Iron,Iron
1012862218478447339,Free parking on premises,Parking
1012862218478447339,Heating,Heating
1012862218478447339,Dishwasher,Washer
1012862218478447339,Private patio or balcony,Patio
1012862218478447339,First aid kit,First aid kit
1012862218478447339,Dryer,Dryer
1012862218478447339,Microwave,Microwave
1012862218478447339,Pets allowed,Pets allowed
1012862218478447339,Kitchen,Kitchen
1013659440189111738,Exterior security cameras on property,Lock
1013659440189111738,Carbon monoxide alarm,Carbon monoxide alarm
1013659440189111738,Dedicated workspace,Workspace
1013659440189111738,Hangers,Hangers
1013659440189111738,Hot water kettle,Other
1013659440189111738,Backyard,Garden
1013659440189111738,Smoke alarm,Smoke alarm
1013659440189111738,Essentials,Essentials
1013659440189111738,BBQ grill,BBQ grill
1013659440189111738,Self check-in,Self check-in
1013659440189111738,Stove,Oven
1013659440189111738,Coffee,Coffee maker
1013659440189111738,"Shared hot tub - available all year, open 24 hours",Hot tub
1013659440189111738,Long term stays allowed,Long term stays
1013659440189111738,Refrigerator,Refrigerator
1013659440189111738,Fire extinguisher,Fire extinguisher
1013659440189111738,Wifi,WiFi
1013659440189111738,Air conditioning,Air conditioning
1013659440189111738,Board games,Board games
1013659440189111738,TV,TV
1013659440189111738,Iron,Iron
1013659440189111738,Free parking on premises,Parking
1013659440189111738,Heating,Heating
1013659440189111738,Dishwasher,Washer
1013659440189111738,First aid kit,First aid kit
1013659440189111738,Dryer,Dryer
1013659440189111738,Microwave,Microwave
1013659440189111738,Kitchen,Kitchen
1014739415604882278,Exterior security cameras on property,Lock
1014739415604882278,Carbon monoxide alarm,Carbon monoxide alarm
1014739415604882278,Dedicated workspace,Workspace
1014739415604882278,Hangers,Hangers
1014739415604882278,Hot water kettle,Other
1014739415604882278,Paid dryer – In building,Dryer
1014739415604882278,Central heating,Heating
1014739415604882278,Smoke alarm,Smoke alarm
1014739415604882278,Essentials,Essentials
1014739415604882278,Ninja Convection Air Fryer Oven stainless steel double oven,Oven
1014739415604882278,Coffee,Coffee maker
1014739415604882278,Long term stays allowed,Long term stays
1014739415604882278,Fire extinguisher,Fire extinguisher
1014739415604882278,Wifi,WiFi
1014739415604882278,Air conditioning,Air conditioning
1014739415604882278,TV,TV
1014739415604882278,Iron,Iron
1014739415604882278,Free parking on premises,Parking
1014739415604882278,Dishwasher,Washer
1014739415604882278,Microwave,Microwave
1014739415604882278,Hotpoint refrigerator,Refrigerator
1014739415604882278,Kitchen,Kitchen
1015385216942267174,Smoke alarm,Smoke alarm
1015385216942267174,Wifi,WiFi
1015385216942267174,Exterior security cameras on property,Lock
1015385216942267174,Washer,Washer
1015385216942267174,Free parking on premises,Parking
1015385216942267174,Kitchen,Kitchen
1016050146219474145,Smart lock,Lock
1016050146219474145,Carbon monoxide alarm,Carbon monoxide alarm
1016050146219474145,Dedicated workspace,Workspace
1016050146219474145,Hangers,Hangers
1016050146219474145,Hot water kettle,Other
1016050146219474145,Central heating,Heating
1016050146219474145,Smoke alarm,Smoke alarm
1016050146219474145,Essentials,Essentials
1016050146219474145,Self check-in,Self check-in
1016050146219474145,Stove,Oven
1016050146219474145,Coffee,Coffee maker
1016050146219474145,Long term stays allowed,Long term stays
1016050146219474145,Refrigerator,Refrigerator
1016050146219474145,Fire extinguisher,Fire extinguisher
1016050146219474145,Wifi,WiFi
1016050146219474145,TV,TV
1016050146219474145,Iron,Iron
1016050146219474145,First aid kit,First aid kit
1016050146219474145,Free street parking,Parking
1016050146219474145,Microwave,Microwave
1016050146219474145,Hair dryer,Dryer
1016050146219474145,Kitchen,Kitchen
1018295677909928470,Exterior security cameras on property,Lock
1018295677909928470,Carbon monoxide alarm,Carbon monoxide alarm
1018295677909928470,Dedicated workspace,Workspace
1018295677909928470,Hangers,Hangers
1018295677909928470,Hot water kettle,Other
1018295677909928470,Backyard,Garden
1018295677909928470,Smoke alarm,Smoke alarm
1018295677909928470,Essentials,Essentials
1018295677909928470,BBQ grill,BBQ grill
1018295677909928470,Self check-in,Self check-in
1018295677909928470,Stove,Oven
1018295677909928470,Coffee,Coffee maker
1018295677909928470,"Shared hot tub - available all year, open 24 hours",Hot tub
1018295677909928470,Long term stays allowed,Long term stays
1018295677909928470,Refrigerator,Refrigerator
1018295677909928470,Fire extinguisher,Fire extinguisher
1018295677909928470,Wifi,WiFi
1018295677909928470,Air conditioning,Air conditioning
1018295677909928470,Board games,Board games
1018295677909928470,TV,TV
1018295677909928470,Iron,Iron
1018295677909928470,Free parking on premises,Parking
1018295677909928470,Heating,Heating
1018295677909928470,Dishwasher,Washer
1018295677909928470,First aid kit,First aid kit
1018295677909928470,Dryer,Dryer
1018295677909928470,Microwave,Microwave
1018295677909928470,Kitchen,Kitchen
1018299533220989494,Exterior security cameras on property,Lock
1018299533220989494,Carbon monoxide alarm,Carbon monoxide alarm
1018299533220989494,Dedicated workspace,Workspace
1018299533220989494,Hangers,Hangers
1018299533220989494,Hot water kettle,Other
1018299533220989494,Backyard,Garden
1018299533220989494,Smoke alarm,Smoke alarm
1018299533220989494,Essentials,Essentials
1018299533220989494,BBQ grill,BBQ grill
1018299533220989494,Self check-in,Self check-in
1018299533220989494,Stove,Oven
1018299533220989494,Coffee,Coffee maker
1018299533220989494,"Shared hot tub - available all year, open 24 hours",Hot tub
1018299533220989494,Long term stays allowed,Long term stays
1018299533220989494,Refrigerator,Refrigerator
1018299533220989494,Fire extinguisher,Fire extinguisher
1018299533220989494,Wifi,WiFi
1018299533220989494,Air conditioning,Air conditioning
1018299533220989494,Board games,Board games
1018299533220989494,TV,TV
1018299533220989494,Iron,Iron
1018299533220989494,Free parking on premises,Parking
1018299533220989494,Heating,Heating
1018299533220989494,Dishwasher,Washer
1018299533220989494,First aid kit,First aid kit
1018299533220989494,Dryer,Dryer
1018299533220989494,Microwave,Microwave
1018299533220989494,Kitchen,Kitchen
1018972187574908115,Smoke alarm,Smoke alarm
1018972187574908115,Heating,Heating
1018972187574908115,Wifi,WiFi
1018972187574908115,Smart lock,Lock
1018972187574908115,Cooking basics,Other
1018972187574908115,Kitchen,Kitchen
1018972187574908115,Air conditioning,Air conditioning
1018972187574908115,Carbon monoxide alarm,Carbon monoxide alarm
1018972187574908115,Self check-in,Self check-in
1018972187574908115,First aid kit,First aid kit
1018972187574908115,Fire extinguisher,Fire extinguisher
1018972187574908115,TV,TV
1018972187574908115,Hair dryer,Dryer
1018972187574908115,Iron,Iron
1020518500251473070,City skyline view,Other
1020518500251473070,Paid parking on premises,Parking
1020518500251473070,Smart lock,Lock
1020518500251473070,Window AC unit,Air conditioning
1020518500251473070,Carbon monoxide alarm,Carbon monoxide alarm
1020518500251473070,Dedicated workspace,Workspace
1020518500251473070,Hangers,Hangers
1020518500251473070,Central heating,Heating
1020518500251473070,Electric stove,Oven
1020518500251473070,Smoke alarm,Smoke alarm
1020518500251473070,Essentials,Essentials
1020518500251473070,Coffee maker: Keurig coffee machine,Coffee maker
1020518500251473070,Self check-in,Self check-in
1020518500251473070,Wifi,WiFi
1020518500251473070,TV,TV
1020518500251473070,Refrigerator refrigerator,Refrigerator
1020518500251473070,Microwave,Microwave
1020518500251473070,Hair dryer,Dryer
1020518500251473070,Kitchen,Kitchen
1020993107237604444,Carbon monoxide alarm,Carbon monoxide alarm
1020993107237604444,Dedicated workspace,Workspace
1020993107237604444,Hangers,Hangers
1020993107237604444,Hot water,Other
1020993107237604444,Lockbox,Lock
1020993107237604444,Smoke alarm,Smoke alarm
1020993107237604444,Essentials,Essentials
1020993107237604444,Coffee maker: Keurig coffee machine,Coffee maker
1020993107237604444,Self check-in,Self check-in
1020993107237604444,Stove,Oven
1020993107237604444,Long term stays allowed,Long term stays
1020993107237604444,Refrigerator,Refrigerator
1020993107237604444,Wifi,WiFi
1020993107237604444,Air conditioning,Air conditioning
1020993107237604444,TV,TV
1020993107237604444,Heating - split type ductless system,Heating
1020993107237604444,Iron,Iron
1020993107237604444,Free dryer – In unit,Dryer
1020993107237604444,Dishwasher,Washer
1020993107237604444,Free street parking,Parking
1020993107237604444,Microwave,Microwave
1020993107237604444,Pets allowed,Pets allowed
1020993107237604444,Kitchen,Kitchen
1021011347006185640,Carbon monoxide alarm,Carbon monoxide alarm
1021011347006185640,Dedicated workspace,Workspace
1021011347006185640,Hangers,Hangers
1021011347006185640,Single level home,Other
1021011347006185640,Lockbox,Lock
1021011347006185640,Smoke alarm,Smoke alarm
1021011347006185640,Essentials,Essentials
1021011347006185640,Coffee maker: Keurig coffee machine,Coffee maker
1021011347006185640,Self check-in,Self check-in
1021011347006185640,Stove,Oven
1021011347006185640,Long term stays allowed,Long term stays
1021011347006185640,Refrigerator,Refrigerator
1021011347006185640,Wifi,WiFi
1021011347006185640,Air conditioning,Air conditioning
1021011347006185640,TV,TV
1021011347006185640,Heating - split type ductless system,Heating
1021011347006185640,Iron,Iron
1021011347006185640,Free dryer – In unit,Dryer
1021011347006185640,Dishwasher,Washer
1021011347006185640,Microwave,Microwave
1021011347006185640,Pets allowed,Pets allowed
1021011347006185640,Kitchen,Kitchen
1034722814589239236,Host greets you,Host greets you
1034722814589239236,Carbon monoxide alarm,Carbon monoxide alarm
1034722814589239236,Dedicated workspace,Workspace
1034722814589239236,River view,Other
1034722814589239236,Hangers,Hangers
1034722814589239236,Paid dryer – In building,Dryer
1034722814589239236,Central heating,Heating
1034722814589239236,Smoke alarm,Smoke alarm
1034722814589239236,Essentials,Essentials
1034722814589239236,Coffee maker: Keurig coffee machine,Coffee maker
1034722814589239236,Stove,Oven
1034722814589239236,Books and reading material,Books
1034722814589239236,Long term stays allowed,Long term stays
1034722814589239236,Refrigerator,Refrigerator
1034722814589239236,Fire extinguisher,Fire extinguisher
1034722814589239236,Paid washer – In building,Washer
1034722814589239236,Wifi,WiFi
1034722814589239236,Air conditioning,Air conditioning
1034722814589239236,55 inch HDTV,TV
1034722814589239236,Iron,Iron
1034722814589239236,Private patio or balcony,Patio
1034722814589239236,First aid kit,First aid kit
1034722814589239236,Free street parking,Parking
1034722814589239236,Microwave,Microwave
1034722814589239236,Pets allowed,Pets allowed
1034722814589239236,Kitchen,Kitchen
1043565517982254841,Exterior security cameras on property,Lock
1043565517982254841,Carbon monoxide alarm,Carbon monoxide alarm
1043565517982254841,Hangers,Hangers
1043565517982254841,Hot water kettle,Other
1043565517982254841,Electric stove,Oven
1043565517982254841,Smoke alarm,Smoke alarm
1043565517982254841,Essentials,Essentials
1043565517982254841,Long term stays allowed,Long term stays
1043565517982254841,Refrigerator,Refrigerator
1043565517982254841,Fire extinguisher,Fire extinguisher
1043565517982254841,Wifi,WiFi
1043565517982254841,Air conditioning,Air conditioning
1043565517982254841,TV,TV
1043565517982254841,Iron,Iron
1043565517982254841,Heating,Heating
1043565517982254841,First aid kit,First aid kit
1043565517982254841,Free street parking,Parking
1043565517982254841,Microwave,Microwave
1043565517982254841,Pets allowed,Pets allowed
1043565517982254841,Kitchen,Kitchen
1052381112116173923,Exterior security cameras on property,Lock
1052381112116173923,Carbon monoxide alarm,Carbon monoxide alarm
1052381112116173923,Dedicated workspace,Workspace
1052381112116173923,Hangers,Hangers
1052381112116173923,Backyard,Garden
1052381112116173923,Hot water,Other
1052381112116173923,Smoke alarm,Smoke alarm
1052381112116173923,Essentials,Essentials
1052381112116173923,Self check-in,Self check-in
1052381112116173923,Stove,Oven
1052381112116173923,Long term stays allowed,Long term stays
1052381112116173923,Refrigerator,Refrigerator
1052381112116173923,Fire extinguisher,Fire extinguisher
1052381112116173923,Wifi,WiFi
1052381112116173923,Air conditioning,Air conditioning
1052381112116173923,TV,TV
1052381112116173923,Iron,Iron
1052381112116173923,Radiant heating,Heating
1052381112116173923,First aid kit,First aid kit
1052381112116173923,Free street parking,Parking
1052381112116173923,Pets allowed,Pets allowed
1052381112116173923,Hair dryer,Dryer
1052381112116173923,Kitchen,Kitchen
1052381112116173923,Coffee maker: drip coffee maker,Coffee maker
1056469473906808728,Smoke alarm,Smoke alarm
1056469473906808728,Wifi,WiFi
1056469473906808728,Exterior security cameras on property,Lock
1056469473906808728,Air conditioning,Air conditioning
1056469473906808728,Carbon monoxide alarm,Carbon monoxide alarm
1056469473906808728,Dedicated workspace,Workspace
1056469473906808728,Kitchen,Kitchen
1056469473906808728,Host greets you,Host greets you
1056469473906808728,First aid kit,First aid kit
1056469473906808728,Washer,Washer
1056469473906808728,Indoor fireplace,Heating
1056469473906808728,TV,TV
1056469473906808728,Iron,Iron
1056469473906808728,Free parking on premises,Parking
1056469473906808728,Fire extinguisher,Fire extinguisher
1061814091773376272,Paid parking on premises,Parking
1061814091773376272,Smart lock,Lock
1061814091773376272,Carbon monoxide alarm,Carbon monoxide alarm
1061814091773376272,Dedicated workspace,Workspace
1061814091773376272,Hangers,Hangers
1061814091773376272,Hot water kettle,Other
1061814091773376272,Backyard,Garden
1061814091773376272,Smoke alarm,Smoke alarm
1061814091773376272,Essentials,Essentials
1061814091773376272,Self check-in,Self check-in
1061814091773376272,Stove,Oven
1061814091773376272,Coffee,Coffee maker
1061814091773376272,Long term stays allowed,Long term stays
1061814091773376272,Pack ’n play/Travel crib,Crib
1061814091773376272,Fire extinguisher,Fire extinguisher
1061814091773376272,Refrigerator,Refrigerator
1061814091773376272,Wifi,WiFi
1061814091773376272,Air conditioning,Air conditioning
1061814091773376272,Patio or balcony,Patio
1061814091773376272,TV,TV
1061814091773376272,Iron,Iron
1061814091773376272,Heating,Heating
1061814091773376272,Dishwasher,Washer
1061814091773376272,First aid kit,First aid kit
1061814091773376272,Dryer,Dryer
1061814091773376272,Microwave,Microwave
1061814091773376272,Pets allowed,Pets allowed
1061814091773376272,Kitchen,Kitchen
1062527013885315764,Exterior security cameras on property,Lock
1062527013885315764,Carbon monoxide alarm,Carbon monoxide alarm
1062527013885315764,Hangers,Hangers
1062527013885315764,Smoking allowed,Smoking allowed
1062527013885315764,Hot water kettle,Other
1062527013885315764,Backyard,Garden
1062527013885315764,Smoke alarm,Smoke alarm
1062527013885315764,Essentials,Essentials
1062527013885315764,Self check-in,Self check-in
1062527013885315764,Stove,Oven
1062527013885315764,Long term stays allowed,Long term stays
1062527013885315764,Refrigerator,Refrigerator
1062527013885315764,Fire extinguisher,Fire extinguisher
1062527013885315764,Wifi,WiFi
1062527013885315764,Air conditioning,Air conditioning
1062527013885315764,Patio or balcony,Patio
1062527013885315764,TV,TV
1062527013885315764,Coffee maker,Coffee maker
1062527013885315764,Free parking on premises,Parking
1062527013885315764,Heating,Heating
1062527013885315764,Free washer – In unit,Washer
1062527013885315764,Free dryer – In unit,Dryer
1062527013885315764,First aid kit,First aid kit
1062527013885315764,Microwave,Microwave
1062527013885315764,Kitchen,Kitchen
1075444056381274297,Smart lock,Lock
1075444056381274297,Carbon monoxide alarm,Carbon monoxide alarm
1075444056381274297,Hangers,Hangers
1075444056381274297,"Coffee maker: french press, Keurig coffee machine",Coffee maker
1075444056381274297,Single level home,Other
1075444056381274297,Central heating,Heating
1075444056381274297,Smoke alarm,Smoke alarm
1075444056381274297,Washer – In building,Washer
1075444056381274297,Self check-in,Self check-in
1075444056381274297,Stove,Oven
1075444056381274297,Refrigerator,Refrigerator
1075444056381274297,Fire extinguisher,Fire extinguisher
1075444056381274297,Wifi,WiFi
1075444056381274297,Private backyard,Garden
1075444056381274297,Central air conditioning,Air conditioning
1075444056381274297,TV,TV
1075444056381274297,Free parking on premises – 2 spaces,Parking
1075444056381274297,Private patio or balcony,Patio
1075444056381274297,First aid kit,First aid kit
1075444056381274297,Dryer,Dryer
1075444056381274297,Microwave,Microwave
1075444056381274297,Pets allowed,Pets allowed
1075444056381274297,Kitchen,Kitchen
1079742757364810916,Smoke alarm,Smoke alarm
1079742757364810916,Heating,Heating
1079742757364810916,Wifi,WiFi
1079742757364810916,Smart lock,Lock
1079742757364810916,Cooking basics,Other
1079742757364810916,Kitchen,Kitchen
1079742757364810916,Air conditioning,Air conditioning
1079742757364810916,Carbon monoxide alarm,Carbon monoxide alarm
1079742757364810916,Dedicated workspace,Workspace
1079742757364810916,Self check-in,Self check-in
1079742757364810916,First aid kit,First aid kit
1079742757364810916,Free parking garage on premises,Parking
1079742757364810916,Washer,Washer
1079742757364810916,Pets allowed,Pets allowed
1079742757364810916,TV,TV
1079742757364810916,Iron,Iron
1079742757364810916,Fire extinguisher,Fire extinguisher
1091500387329731524,Exterior security cameras on property,Lock
1091500387329731524,Carbon monoxide alarm,Carbon monoxide alarm
1091500387329731524,Hangers,Hangers
1091500387329731524,Central heating,Heating
1091500387329731524,Bed linens,Other
1091500387329731524,Smoke alarm,Smoke alarm
1091500387329731524,Essentials,Essentials
1091500387329731524,Coffee maker: Keurig coffee machine,Coffee maker
1091500387329731524,Stove,Oven
1091500387329731524,Long term stays allowed,Long term stays
1091500387329731524,Refrigerator,Refrigerator
1091500387329731524,Fire extinguisher,Fire extinguisher
1091500387329731524,Wifi,WiFi
1091500387329731524,Air conditioning,Air conditioning
1091500387329731524,Free parking garage on premises,Parking
1091500387329731524,TV,TV
1091500387329731524,Iron,Iron
1091500387329731524,Dishwasher,Washer
1091500387329731524,First aid kit,First aid kit
1091500387329731524,Microwave,Microwave
1091500387329731524,Hair dryer,Dryer
1091500387329731524,Kitchen,Kitchen
1097201673425863720,Exterior security cameras on property,Lock
1097201673425863720,Carbon monoxide alarm,Carbon monoxide alarm
1097201673425863720,Hangers,Hangers
1097201673425863720,Central heating,Heating
1097201673425863720,Trash compactor,Other
1097201673425863720,Smoke alarm,Smoke alarm
1097201673425863720,Essentials,Essentials
1097201673425863720,Self check-in,Self check-in
1097201673425863720,Stove,Oven
1097201673425863720,Refrigerator,Refrigerator
1097201673425863720,Fire extinguisher,Fire extinguisher
1097201673425863720,Wifi,WiFi
1097201673425863720,Air conditioning,Air conditioning
1097201673425863720,TV,TV
1097201673425863720,Iron,Iron
1097201673425863720,Free street parking,Parking
1097201673425863720,Microwave,Microwave
1097201673425863720,Hair dryer,Dryer
1097201673425863720,Kitchen,Kitchen
1097995825442731795,Carbon monoxide alarm,Carbon monoxide alarm
1097995825442731795,Hangers,Hangers
1097995825442731795,Electric stove,Oven
1097995825442731795,Bed linens,Other
1097995825442731795,Lockbox,Lock
1097995825442731795,Smoke alarm,Smoke alarm
1097995825442731795,Essentials,Essentials
1097995825442731795,Coffee maker: Keurig coffee machine,Coffee maker
1097995825442731795,Self check-in,Self check-in
1097995825442731795,Long term stays allowed,Long term stays
1097995825442731795,Refrigerator,Refrigerator
1097995825442731795,Wifi,WiFi
1097995825442731795,Air conditioning,Air conditioning
1097995825442731795,TV,TV
1097995825442731795,Heating - split type ductless system,Heating
1097995825442731795,Iron,Iron
1097995825442731795,Dishwasher,Washer
1097995825442731795,Microwave,Microwave
1097995825442731795,Kitchen,Kitchen
1100876731732967826,Carbon monoxide alarm,Carbon monoxide alarm
1100876731732967826,Dedicated workspace,Workspace
1100876731732967826,Hangers,Hangers
1100876731732967826,Hot water kettle,Other
1100876731732967826,Central heating,Heating
1100876731732967826,Lockbox,Lock
1100876731732967826,Smoke alarm,Smoke alarm
1100876731732967826,Coffee maker: Keurig coffee machine,Coffee maker
1100876731732967826,Shampoo,Essentials
1100876731732967826,Self check-in,Self check-in
1100876731732967826,Wifi,WiFi
1100876731732967826,Air conditioning,Air conditioning
1100876731732967826,TV,TV
1100876731732967826,Iron,Iron
1100876731732967826,Free parking on premises,Parking
1100876731732967826,Free dryer – In unit,Dryer
1100876731732967826,Oven,Oven
1100876731732967826,Washer,Washer
1100876731732967826,Microwave,Microwave
1100876731732967826,Kitchen,Kitchen
1102984130027939637,Carbon monoxide alarm,Carbon monoxide alarm
1102984130027939637,Hot water kettle,Other
1102984130027939637,Smoke alarm,Smoke alarm
1102984130027939637,Essentials,Essentials
1102984130027939637,Stove,Oven
1102984130027939637,Coffee,Coffee maker
1102984130027939637,Refrigerator,Refrigerator
1102984130027939637,Wifi,WiFi
1102984130027939637,Air conditioning,Air conditioning
1102984130027939637,Heating,Heating
1102984130027939637,First aid kit,First aid kit
1102984130027939637,Microwave,Microwave
1104977057298366617,Exterior security cameras on property,Lock
1104977057298366617,Carbon monoxide alarm,Carbon monoxide alarm
1104977057298366617,Hangers,Hangers
1104977057298366617,Hot water kettle,Other
1104977057298366617,Backyard,Garden
1104977057298366617,Smoke alarm,Smoke alarm
1104977057298366617,Essentials,Essentials
1104977057298366617,BBQ grill,BBQ grill
1104977057298366617,Self check-in,Self check-in
1104977057298366617,Stove,Oven
1104977057298366617,Coffee,Coffee maker
1104977057298366617,Long term stays allowed,Long term stays
1104977057298366617,Refrigerator,Refrigerator
1104977057298366617,Fire extinguisher,Fire extinguisher
1104977057298366617,Wifi,WiFi
1104977057298366617,Air conditioning,Air conditioning
1104977057298366617,Board games,Board games
1104977057298366617,Hot tub,Hot tub
1104977057298366617,TV,TV
1104977057298366617,Iron,Iron
1104977057298366617,Free parking on premises,Parking
1104977057298366617,Heating,Heating
1104977057298366617,Dishwasher,Washer
1104977057298366617,First aid kit,First aid kit
1104977057298366617,Dryer,Dryer
1104977057298366617,Microwave,Microwave
1104977057298366617,Kitchen,Kitchen
1105303461851883481,Paid parking on premises,Parking
1105303461851883481,Exterior security cameras on property,Lock
1105303461851883481,Carbon monoxide alarm,Carbon monoxide alarm
1105303461851883481,Hangers,Hangers
1105303461851883481,Bed linens,Other
1105303461851883481,Smoke alarm,Smoke alarm
1105303461851883481,Shampoo,Essentials
1105303461851883481,Self check-in,Self check-in
1105303461851883481,Air conditioning,Air conditioning
1105303461851883481,Heating,Heating
1105303461851883481,Hair dryer,Dryer
1105303461851883481,Pets allowed,Pets allowed
1108060100336766656,Smoke alarm,Smoke alarm
1108060100336766656,Wifi,WiFi
1108060100336766656,Air conditioning,Air conditioning
1108060100336766656,Lock on bedroom door,Lock
1108060100336766656,TV,TV
1111221935683053416,Exterior security cameras on property,Lock
1111221935683053416,Carbon monoxide alarm,Carbon monoxide alarm
1111221935683053416,Dedicated workspace,Workspace
1111221935683053416,Bed linens,Other
1111221935683053416,Stainless steel single oven,Oven
1111221935683053416,Smoke alarm,Smoke alarm
1111221935683053416,Essentials,Essentials
1111221935683053416,Coffee maker: Keurig coffee machine,Coffee maker
1111221935683053416,Portable air conditioning,Air conditioning
1111221935683053416,Self check-in,Self check-in
1111221935683053416,Long term stays allowed,Long term stays
1111221935683053416,Refrigerator,Refrigerator
1111221935683053416,Fire extinguisher,Fire extinguisher
1111221935683053416,Wifi,WiFi
1111221935683053416,TV,TV
1111221935683053416,Iron,Iron
1111221935683053416,Free parking on premises,Parking
1111221935683053416,Radiant heating,Heating
1111221935683053416,Arcade games,Board games
1111221935683053416,Dishwasher,Washer
1111221935683053416,Private patio or balcony,Patio
1111221935683053416,First aid kit,First aid kit
1111221935683053416,Exercise equipment,Gym
1111221935683053416,Hair dryer,Dryer
1111221935683053416,Microwave,Microwave
1111221935683053416,Pets allowed,Pets allowed
1111221935683053416,Kitchen,Kitchen
1119691401020641385,Exterior security cameras on property,Lock
1119691401020641385,Carbon monoxide alarm,Carbon monoxide alarm
1119691401020641385,Dedicated workspace,Workspace
1119691401020641385,Hot water,Other
1119691401020641385,Smoke alarm,Smoke alarm
1119691401020641385,Shampoo,Essentials
1119691401020641385,Self check-in,Self check-in
1119691401020641385,Stove,Oven
1119691401020641385,Coffee,Coffee maker
1119691401020641385,Long term stays allowed,Long term stays
1119691401020641385,Refrigerator,Refrigerator
1119691401020641385,Fire extinguisher,Fire extinguisher
1119691401020641385,Wifi,WiFi
1119691401020641385,Air conditioning,Air conditioning
1119691401020641385,Private backyard,Garden
1119691401020641385,TV,TV
1119691401020641385,Iron,Iron
1119691401020641385,Free parking on premises,Parking
1119691401020641385,Heating,Heating
1119691401020641385,First aid kit,First aid kit
1119691401020641385,Washer,Washer
1119691401020641385,Dryer,Dryer
1119691401020641385,Microwave,Microwave
1119691401020641385,Kitchen,Kitchen
1120212616553191970,Exterior security cameras on property,Lock
1120212616553191970,Carbon monoxide alarm,Carbon monoxide alarm
1120212616553191970,Dedicated workspace,Workspace
1120212616553191970,Hangers,Hangers
1120212616553191970,Backyard,Garden
1120212616553191970,Bed linens,Other
1120212616553191970,Smoke alarm,Smoke alarm
1120212616553191970,Shampoo,Essentials
1120212616553191970,Self check-in,Self check-in
1120212616553191970,Stove,Oven
1120212616553191970,Coffee,Coffee maker
1120212616553191970,Long term stays allowed,Long term stays
1120212616553191970,Refrigerator,Refrigerator
1120212616553191970,Fire extinguisher,Fire extinguisher
1120212616553191970,Wifi,WiFi
1120212616553191970,Air conditioning,Air conditioning
1120212616553191970,Patio or balcony,Patio
1120212616553191970,TV,TV
1120212616553191970,Iron,Iron
1120212616553191970,Free parking on premises,Parking
1120212616553191970,Heating,Heating
1120212616553191970,First aid kit,First aid kit
1120212616553191970,Washer,Washer
1120212616553191970,Dryer,Dryer
1120212616553191970,Microwave,Microwave
1120212616553191970,Kitchen,Kitchen
1123231471304541808,Exterior security cameras on property,Lock
1123231471304541808,Carbon monoxide alarm,Carbon monoxide alarm
1123231471304541808,Dedicated workspace,Workspace
1123231471304541808,Central heating,Heating
1123231471304541808,Hot water,Other
1123231471304541808,Smoke alarm,Smoke alarm
1123231471304541808,Coffee maker: Keurig coffee machine,Coffee maker
1123231471304541808,Shampoo,Essentials
1123231471304541808,Self check-in,Self check-in
1123231471304541808,Stove,Oven
1123231471304541808,Refrigerator,Refrigerator
1123231471304541808,Fire extinguisher,Fire extinguisher
1123231471304541808,Wifi,WiFi
1123231471304541808,Air conditioning,Air conditioning
1123231471304541808,TV,TV
1123231471304541808,Free parking on premises,Parking
1123231471304541808,Microwave,Microwave
1123231471304541808,Pets allowed,Pets allowed
1123231471304541808,Hair dryer,Dryer
1123231471304541808,Kitchen,Kitchen
1124558577325015506,Window guards,Other
1124558577325015506,Electric stove,Oven
1124558577325015506,Smoke alarm,Smoke alarm
1124558577325015506,Essentials,Essentials
1124558577325015506,Coffee,Coffee maker
1124558577325015506,Long term stays allowed,Long term stays
1124558577325015506,Refrigerator,Refrigerator
1124558577325015506,Fire extinguisher,Fire extinguisher
1124558577325015506,Wifi,WiFi
1124558577325015506,Clothing storage: closet,Hangers
1124558577325015506,Air conditioning,Air conditioning
1124558577325015506,TV,TV
1124558577325015506,Iron,Iron
1124558577325015506,Private backyard – Fully fenced,Garden
1124558577325015506,Heating,Heating
1124558577325015506,Free dryer – In unit,Dryer
1124558577325015506,First aid kit,First aid kit
1124558577325015506,Free street parking,Parking
1124558577325015506,Washer,Washer
1124558577325015506,Pets allowed,Pets allowed
1124558577325015506,Kitchen,Kitchen
1124632058968031818,Exterior security cameras on property,Lock
1124632058968031818,Carbon monoxide alarm,Carbon monoxide alarm
1124632058968031818,Dedicated workspace,Workspace
1124632058968031818,Hangers,Hangers
1124632058968031818,Central heating,Heating
1124632058968031818,Barbecue utensils,BBQ grill
1124632058968031818,Electric stove,Oven
1124632058968031818,Bed linens,Other
1124632058968031818,Shared backyard – Fully fenced,Garden
1124632058968031818,Smoke alarm,Smoke alarm
1124632058968031818,Essentials,Essentials
1124632058968031818,Coffee,Coffee maker
1124632058968031818,Books and reading material,Books
1124632058968031818,Long term stays allowed,Long term stays
1124632058968031818,Refrigerator,Refrigerator
1124632058968031818,Fire extinguisher,Fire extinguisher
1124632058968031818,Wifi,WiFi
1124632058968031818,Air conditioning,Air conditioning
1124632058968031818,TV,TV
1124632058968031818,Iron,Iron
1124632058968031818,Free dryer – In unit,Dryer
1124632058968031818,Dishwasher,Washer
1124632058968031818,Private patio or balcony,Patio
1124632058968031818,First aid kit,First aid kit
1124632058968031818,Free street parking,Parking
1124632058968031818,Microwave,Microwave
1124632058968031818,Pets allowed,Pets allowed
1124632058968031818,Kitchen,Kitchen
1128332989288304495,Exterior security cameras on property,Lock
1128332989288304495,Carbon monoxide alarm,Carbon monoxide alarm
1128332989288304495,Hangers,Hangers
1128332989288304495,Central heating,Heating
1128332989288304495,Outdoor playground,Other
1128332989288304495,Smoke alarm,Smoke alarm
1128332989288304495,Essentials,Essentials
1128332989288304495,Self check-in,Self check-in
1128332989288304495,Refrigerator,Refrigerator
1128332989288304495,Fire extinguisher,Fire extinguisher
1128332989288304495,Wifi,WiFi
1128332989288304495,Board games,Board games
1128332989288304495,Central air conditioning,Air conditioning
1128332989288304495,TV,TV
1128332989288304495,Iron,Iron
1128332989288304495,Coffee maker,Coffee maker
1128332989288304495,Free parking on premises,Parking
1128332989288304495,Dishwasher,Washer
1128332989288304495,Oven,Oven
1128332989288304495,First aid kit,First aid kit
1128332989288304495,Microwave,Microwave
1128332989288304495,Pets allowed,Pets allowed
1128332989288304495,Hair dryer,Dryer
1128332989288304495,Kitchen,Kitchen
1128386510439836615,Carbon monoxide alarm,Carbon monoxide alarm
1128386510439836615,Dedicated workspace,Workspace
1128386510439836615,Hangers,Hangers
1128386510439836615,Single level home,Other
1128386510439836615,Electric stove,Oven
1128386510439836615,Lockbox,Lock
1128386510439836615,Smoke alarm,Smoke alarm
1128386510439836615,Coffee maker: Keurig coffee machine,Coffee maker
1128386510439836615,Self check-in,Self check-in
1128386510439836615,Long term stays allowed,Long term stays
1128386510439836615,Refrigerator,Refrigerator
1128386510439836615,Wifi,WiFi
1128386510439836615,Air conditioning,Air conditioning
1128386510439836615,TV,TV
1128386510439836615,Iron,Iron
1128386510439836615,Private backyard – Fully fenced,Garden
1128386510439836615,Free washer – In unit,Washer
1128386510439836615,Free dryer – In unit,Dryer
1128386510439836615,Radiant heating,Heating
1128386510439836615,Microwave,Microwave
1128386510439836615,Pets allowed,Pets allowed
1128386510439836615,Kitchen,Kitchen
1131258472427093335,Exterior security cameras on property,Lock
1131258472427093335,Carbon monoxide alarm,Carbon monoxide alarm
1131258472427093335,Dedicated workspace,Workspace
1131258472427093335,Hangers,Hangers
1131258472427093335,Bed linens,Other
1131258472427093335,Smoke alarm,Smoke alarm
1131258472427093335,Essentials,Essentials
1131258472427093335,Coffee maker: Keurig coffee machine,Coffee maker
1131258472427093335,Portable air conditioning,Air conditioning
1131258472427093335,Self check-in,Self check-in
1131258472427093335,Stove,Oven
1131258472427093335,Refrigerator,Refrigerator
1131258472427093335,Wifi,WiFi
1131258472427093335,Free driveway parking on premises – 2 spaces,Parking
1131258472427093335,TV,TV
1131258472427093335,Free washer – In unit,Washer
1131258472427093335,Free dryer – In unit,Dryer
1131258472427093335,Radiant heating,Heating
1131258472427093335,Microwave,Microwave
1131258472427093335,Kitchen,Kitchen
1134940445251354534,Carbon monoxide alarm,Carbon monoxide alarm
1134940445251354534,Dedicated workspace,Workspace
1134940445251354534,Hangers,Hangers
1134940445251354534,Room-darkening shades,Other
1134940445251354534,Smoke alarm,Smoke alarm
1134940445251354534,Self check-in,Self check-in
1134940445251354534,Coffee,Coffee maker
1134940445251354534,Long term stays allowed,Long term stays
1134940445251354534,Refrigerator,Refrigerator
1134940445251354534,Fire extinguisher,Fire extinguisher
1134940445251354534,Wifi,WiFi
1134940445251354534,Air conditioning,Air conditioning
1134940445251354534,TV,TV
1134940445251354534,Keypad,Lock
1134940445251354534,Free parking on premises,Parking
1134940445251354534,Heating,Heating
1134940445251354534,Oven,Oven
1134940445251354534,First aid kit,First aid kit
1134940445251354534,Microwave,Microwave
1134940445251354534,Pets allowed,Pets allowed
1134940445251354534,Kitchen,Kitchen
1135812630237897119,Carbon monoxide alarm,Carbon monoxide alarm
1135812630237897119,Dedicated workspace,Workspace
1135812630237897119,Hangers,Hangers
1135812630237897119,Bed linens,Other
1135812630237897119,Smoke alarm,Smoke alarm
1135812630237897119,Stove,Oven
1135812630237897119,Long term stays allowed,Long term stays
1135812630237897119,Refrigerator,Refrigerator
1135812630237897119,Wifi,WiFi
1135812630237897119,Air conditioning,Air conditioning
1135812630237897119,Iron,Iron
1135812630237897119,Dishwasher,Washer
1135812630237897119,Microwave,Microwave
1135812630237897119,"TV with Netflix, Roku",TV
1135812630237897119,Kitchen,Kitchen
1136433500940918827,Exterior security cameras on property,Lock
1136433500940918827,Carbon monoxide alarm,Carbon monoxide alarm
1136433500940918827,Hangers,Hangers
1136433500940918827,Hot water kettle,Other
1136433500940918827,Backyard,Garden
1136433500940918827,Smoke alarm,Smoke alarm
1136433500940918827,Essentials,Essentials
1136433500940918827,Self check-in,Self check-in
1136433500940918827,Stove,Oven
1136433500940918827,Fireplace guards,Heating
1136433500940918827,Long term stays allowed,Long term stays
1136433500940918827,Refrigerator,Refrigerator
1136433500940918827,Fire extinguisher,Fire extinguisher
1136433500940918827,Wifi,WiFi
1136433500940918827,Air conditioning,Air conditioning
1136433500940918827,TV,TV
1136433500940918827,Coffee maker,Coffee maker
1136433500940918827,Iron,Iron
1136433500940918827,Dishwasher,Washer
1136433500940918827,First aid kit,First aid kit
1136433500940918827,Free street parking,Parking
1136433500940918827,Dryer,Dryer
1136433500940918827,Microwave,Microwave
1136433500940918827,Kitchen,Kitchen
1141525488442370659,Paid parking off premises,Parking
1141525488442370659,Dedicated workspace,Workspace
1141525488442370659,Hangers,Hangers
1141525488442370659,Bed linens,Other
1141525488442370659,Smoke alarm,Smoke alarm
1141525488442370659,Stove,Oven
1141525488442370659,Refrigerator,Refrigerator
1141525488442370659,Wifi,WiFi
1141525488442370659,Air conditioning,Air conditioning
1141525488442370659,Patio or balcony,Patio
1141525488442370659,Iron,Iron
1141525488442370659,Heating,Heating
1141525488442370659,Dishwasher,Washer
1141525488442370659,Microwave,Microwave
1141525488442370659,"TV with Netflix, Roku",TV
1141525488442370659,Kitchen,Kitchen
1142828940864329671,Smoke alarm,Smoke alarm
1142828940864329671,Heating,Heating
1142828940864329671,Wifi,WiFi
1142828940864329671,Exterior security cameras on property,Lock
1142828940864329671,Dishwasher,Washer
1142828940864329671,Carbon monoxide alarm,Carbon monoxide alarm
1142828940864329671,Baking sheet,Other
1142828940864329671,Free parking on premises,Parking
1142828940864329671,Microwave,Microwave
1142828940864329671,Coffee,Coffee maker
1142828940864329671,TV,TV
1142828940864329671,Kitchen,Kitchen
1142832011692120213,Exterior security cameras on property,Lock
1142832011692120213,Carbon monoxide alarm,Carbon monoxide alarm
1142832011692120213,Hangers,Hangers
1142832011692120213,Paid dryer – In building,Dryer
1142832011692120213,Central heating,Heating
1142832011692120213,Hot water,Other
1142832011692120213,Electric stove,Oven
1142832011692120213,Smoke alarm,Smoke alarm
1142832011692120213,Essentials,Essentials
1142832011692120213,Self check-in,Self check-in
1142832011692120213,Portable air conditioning,Air conditioning
1142832011692120213,Books and reading material,Books
1142832011692120213,Long term stays allowed,Long term stays
1142832011692120213,Fire extinguisher,Fire extinguisher
1142832011692120213,Paid washer – In building,Washer
1142832011692120213,Wifi,WiFi
1142832011692120213,TV,TV
1142832011692120213,Free parking on premises,Parking
1142832011692120213,First aid kit,First aid kit
1142832011692120213,Microwave,Microwave
1142832011692120213,Pets allowed,Pets allowed
1142832011692120213,Kitchen,Kitchen
1146241260871564965,Exterior security cameras on property,Lock
1146241260871564965,Carbon monoxide alarm,Carbon monoxide alarm
1146241260871564965,Hangers,Hangers
1146241260871564965,Hot water kettle,Other
1146241260871564965,Paid dryer – In building,Dryer
1146241260871564965,Central heating,Heating
1146241260871564965,Smoke alarm,Smoke alarm
1146241260871564965,Essentials,Essentials
1146241260871564965,Self check-in,Self check-in
1146241260871564965,Stove,Oven
1146241260871564965,Coffee,Coffee maker
1146241260871564965,Books and reading material,Books
1146241260871564965,Long term stays allowed,Long term stays
1146241260871564965,Refrigerator,Refrigerator
1146241260871564965,Paid washer – In building,Washer
1146241260871564965,Wifi,WiFi
1146241260871564965,TV,TV
1146241260871564965,Central air conditioning,Air conditioning
1146241260871564965,Iron,Iron
1146241260871564965,Free street parking,Parking
1146241260871564965,Microwave,Microwave
1146241260871564965,Kitchen,Kitchen
1146352622413555849,Smoke alarm,Smoke alarm
1146352622413555849,Wifi,WiFi
1146352622413555849,Kitchen,Kitchen
1146352622413555849,Dedicated workspace,Workspace
1146352622413555849,Washer,Washer
1146352622413555849,Lock on bedroom door,Lock
1146352622413555849,TV,TV
1146352622413555849,Free parking on premises,Parking
1146352622413555849,Fire extinguisher,Fire extinguisher
1147092019793504034,Exterior security cameras on property,Lock
1147092019793504034,Carbon monoxide alarm,Carbon monoxide alarm
1147092019793504034,Hangers,Hangers
1147092019793504034,Hot water kettle,Other
1147092019793504034,Paid dryer – In building,Dryer
1147092019793504034,Smoke alarm,Smoke alarm
1147092019793504034,Essentials,Essentials
1147092019793504034,Self check-in,Self check-in
1147092019793504034,Stove,Oven
1147092019793504034,Coffee,Coffee maker
1147092019793504034,Books and reading material,Books
1147092019793504034,Long term stays allowed,Long term stays
1147092019793504034,Refrigerator,Refrigerator
1147092019793504034,Paid washer – In building,Washer
1147092019793504034,Wifi,WiFi
1147092019793504034,Air conditioning,Air conditioning
1147092019793504034,TV,TV
1147092019793504034,Iron,Iron
1147092019793504034,Heating,Heating
1147092019793504034,Free street parking,Parking
1147092019793504034,Microwave,Microwave
1147092019793504034,Kitchen,Kitchen
1150611568915810847,Smoke alarm,Smoke alarm
1150611568915810847,Wifi,WiFi
1150611568915810847,Exterior security cameras on property,Lock
1150611568915810847,Air conditioning,Air conditioning
1150611568915810847,Carbon monoxide alarm,Carbon monoxide alarm
1150611568915810847,Dedicated workspace,Workspace
1150611568915810847,Kitchen,Kitchen
1150611568915810847,Washer,Washer
1150611568915810847,Pets allowed,Pets allowed
1150611568915810847,TV,TV
1150611568915810847,Fire extinguisher,Fire extinguisher
1158059552251999833,Exterior security cameras on property,Lock
1158059552251999833,Carbon monoxide alarm,Carbon monoxide alarm
1158059552251999833,Hangers,Hangers
1158059552251999833,Hot water kettle,Other
1158059552251999833,Stainless steel single oven,Oven
1158059552251999833,Smoke alarm,Smoke alarm
1158059552251999833,Coffee maker: pour-over coffee,Coffee maker
1158059552251999833,Shared backyard,Garden
1158059552251999833,Self check-in,Self check-in
1158059552251999833,Long term stays allowed,Long term stays
1158059552251999833,Refrigerator,Refrigerator
1158059552251999833,Fire extinguisher,Fire extinguisher
1158059552251999833,Wifi,WiFi
1158059552251999833,Air conditioning,Air conditioning
1158059552251999833,TV,TV
1158059552251999833,Iron,Iron
1158059552251999833,Free dryer – In unit,Dryer
1158059552251999833,Radiant heating,Heating
1158059552251999833,Dishwasher,Washer
1158059552251999833,First aid kit,First aid kit
1158059552251999833,Free street parking,Parking
1158059552251999833,Microwave,Microwave
1158059552251999833,Kitchen,Kitchen
1158239701426064904,Smoke alarm,Smoke alarm
1158239701426064904,Wifi,WiFi
1158239701426064904,Outdoor dining area,Other
1158239701426064904,Exterior security cameras on property,Lock
1158239701426064904,Air conditioning,Air conditioning
1158239701426064904,Carbon monoxide alarm,Carbon monoxide alarm
1158239701426064904,Dedicated workspace,Workspace
1158239701426064904,Washer,Washer
1158239701426064904,TV,TV
1158239701426064904,BBQ grill,BBQ grill
1158239701426064904,Free parking on premises,Parking
1158239701426064904,Kitchen,Kitchen
1164651175585600815,Carbon monoxide alarm,Carbon monoxide alarm
1164651175585600815,Dedicated workspace,Workspace
1164651175585600815,Hangers,Hangers
1164651175585600815,Single level home,Other
1164651175585600815,Smoke alarm,Smoke alarm
1164651175585600815,Essentials,Essentials
1164651175585600815,Coffee maker: Keurig coffee machine,Coffee maker
1164651175585600815,Self check-in,Self check-in
1164651175585600815,Stove,Oven
1164651175585600815,Long term stays allowed,Long term stays
1164651175585600815,Refrigerator,Refrigerator
1164651175585600815,Wifi,WiFi
1164651175585600815,Air conditioning,Air conditioning
1164651175585600815,TV,TV
1164651175585600815,Keypad,Lock
1164651175585600815,Iron,Iron
1164651175585600815,Free parking on premises,Parking
1164651175585600815,Heating,Heating
1164651175585600815,Dishwasher,Washer
1164651175585600815,Dryer,Dryer
1164651175585600815,Microwave,Microwave
1164651175585600815,Pets allowed,Pets allowed
1164651175585600815,Kitchen,Kitchen
1171795874799450911,Carbon monoxide alarm,Carbon monoxide alarm
1171795874799450911,Hangers,Hangers
1171795874799450911,"Coffee maker: drip coffee maker, Keurig coffee machine",Coffee maker
1171795874799450911,Bed linens,Other
1171795874799450911,Smoke alarm,Smoke alarm
1171795874799450911,Shampoo,Essentials
1171795874799450911,Stove,Oven
1171795874799450911,Books and reading material,Books
1171795874799450911,Long term stays allowed,Long term stays
1171795874799450911,Refrigerator,Refrigerator
1171795874799450911,Wifi,WiFi
1171795874799450911,Air conditioning,Air conditioning
1171795874799450911,TV,TV
1171795874799450911,Heating - split type ductless system,Heating
1171795874799450911,Iron,Iron
1171795874799450911,Dishwasher,Washer
1171795874799450911,Free street parking,Parking
1171795874799450911,Microwave,Microwave
1171795874799450911,Hair dryer,Dryer
1171795874799450911,Kitchen,Kitchen
1173390858101803102,Carbon monoxide alarm,Carbon monoxide alarm
1173390858101803102,Hangers,Hangers
1173390858101803102,Bed linens,Other
1173390858101803102,Lockbox,Lock
1173390858101803102,Smoke alarm,Smoke alarm
1173390858101803102,Coffee maker: Keurig coffee machine,Coffee maker
1173390858101803102,Shampoo,Essentials
1173390858101803102,Self check-in,Self check-in
1173390858101803102,Stove,Oven
1173390858101803102,Refrigerator,Refrigerator
1173390858101803102,Wifi,WiFi
1173390858101803102,Air conditioning,Air conditioning
1173390858101803102,Free parking garage on premises,Parking
1173390858101803102,TV,TV
1173390858101803102,Iron,Iron
1173390858101803102,Heating,Heating
1173390858101803102,Dishwasher,Washer
1173390858101803102,First aid kit,First aid kit
1173390858101803102,Microwave,Microwave
1173390858101803102,Hair dryer,Dryer
1173390858101803102,Kitchen,Kitchen
1174544643387116469,Carbon monoxide alarm,Carbon monoxide alarm
1174544643387116469,Dedicated workspace,Workspace
1174544643387116469,Hangers,Hangers
1174544643387116469,Hot water,Other
1174544643387116469,Smoke alarm,Smoke alarm
1174544643387116469,Essentials,Essentials
1174544643387116469,Self check-in,Self check-in
1174544643387116469,Coffee,Coffee maker
1174544643387116469,Books and reading material,Books
1174544643387116469,Stainless steel oven,Oven
1174544643387116469,Refrigerator,Refrigerator
1174544643387116469,Fire extinguisher,Fire extinguisher
1174544643387116469,Wifi,WiFi
1174544643387116469,Air conditioning,Air conditioning
1174544643387116469,TV,TV
1174544643387116469,Keypad,Lock
1174544643387116469,Iron,Iron
1174544643387116469,Radiant heating,Heating
1174544643387116469,Dishwasher,Washer
1174544643387116469,Private patio or balcony,Patio
1174544643387116469,First aid kit,First aid kit
1174544643387116469,Free street parking,Parking
1174544643387116469,Microwave,Microwave
1174544643387116469,Pets allowed,Pets allowed
1174544643387116469,Hair dryer,Dryer
1174544643387116469,Kitchen,Kitchen
1182574461437954732,Window AC unit,Air conditioning
1182574461437954732,Carbon monoxide alarm,Carbon monoxide alarm
1182574461437954732,Dedicated workspace,Workspace
1182574461437954732,Hot water kettle,Other
1182574461437954732,Paid dryer – In building,Dryer
1182574461437954732,Central heating,Heating
1182574461437954732,Lockbox,Lock
1182574461437954732,Smoke alarm,Smoke alarm
1182574461437954732,Essentials,Essentials
1182574461437954732,Coffee maker: Keurig coffee machine,Coffee maker
1182574461437954732,Self check-in,Self check-in
1182574461437954732,Stove,Oven
1182574461437954732,Gym in building,Gym
1182574461437954732,Long term stays allowed,Long term stays
1182574461437954732,Refrigerator,Refrigerator
1182574461437954732,Fire extinguisher,Fire extinguisher
1182574461437954732,Paid washer – In building,Washer
1182574461437954732,Wifi,WiFi
1182574461437954732,TV,TV
1182574461437954732,Iron,Iron
1182574461437954732,First aid kit,First aid kit
1182574461437954732,Microwave,Microwave
1182574461437954732,Free street parking,Parking
1182574461437954732,Kitchen,Kitchen
1183457852972127594,Window AC unit,Air conditioning
1183457852972127594,Exterior security cameras on property,Lock
1183457852972127594,Carbon monoxide alarm,Carbon monoxide alarm
1183457852972127594,Dedicated workspace,Workspace
1183457852972127594,Hangers,Hangers
1183457852972127594,Hot water kettle,Other
1183457852972127594,Paid dryer – In building,Dryer
1183457852972127594,Central heating,Heating
1183457852972127594,Smoke alarm,Smoke alarm
1183457852972127594,Essentials,Essentials
1183457852972127594,Coffee maker: Keurig coffee machine,Coffee maker
1183457852972127594,Self check-in,Self check-in
1183457852972127594,Stove,Oven
1183457852972127594,Long term stays allowed,Long term stays
1183457852972127594,Refrigerator,Refrigerator
1183457852972127594,Fire extinguisher,Fire extinguisher
1183457852972127594,Paid washer – In building,Washer
1183457852972127594,Wifi,WiFi
1183457852972127594,TV,TV
1183457852972127594,Iron,Iron
1183457852972127594,First aid kit,First aid kit
1183457852972127594,Exercise equipment,Gym
1183457852972127594,Microwave,Microwave
1183457852972127594,Free street parking,Parking
1183457852972127594,Kitchen,Kitchen
1183460523409924571,Window AC unit,Air conditioning
1183460523409924571,Exterior security cameras on property,Lock
1183460523409924571,Carbon monoxide alarm,Carbon monoxide alarm
1183460523409924571,Dedicated workspace,Workspace
1183460523409924571,Hangers,Hangers
1183460523409924571,Hot water kettle,Other
1183460523409924571,Paid dryer – In building,Dryer
1183460523409924571,Central heating,Heating
1183460523409924571,Smoke alarm,Smoke alarm
1183460523409924571,Essentials,Essentials
1183460523409924571,Self check-in,Self check-in
1183460523409924571,Stove,Oven
1183460523409924571,Coffee,Coffee maker
1183460523409924571,Gym in building,Gym
1183460523409924571,Long term stays allowed,Long term stays
1183460523409924571,Refrigerator,Refrigerator
1183460523409924571,Fire extinguisher,Fire extinguisher
1183460523409924571,Paid washer – In building,Washer
1183460523409924571,Wifi,WiFi
1183460523409924571,TV,TV
1183460523409924571,Iron,Iron
1183460523409924571,First aid kit,First aid kit
1183460523409924571,Free street parking,Parking
1183460523409924571,Microwave,Microwave
1183460523409924571,Kitchen,Kitchen
1185537980724624711,Smart lock,Lock
1185537980724624711,Carbon monoxide alarm,Carbon monoxide alarm
1185537980724624711,Dedicated workspace,Workspace
1185537980724624711,Backyard,Garden
1185537980724624711,Bed linens,Other
1185537980724624711,Smoke alarm,Smoke alarm
1185537980724624711,Essentials,Essentials
1185537980724624711,Self check-in,Self check-in
1185537980724624711,Crib,Crib
1185537980724624711,TV with standard cable,TV
1185537980724624711,Refrigerator,Refrigerator
1185537980724624711,Wifi,WiFi
1185537980724624711,Air conditioning,Air conditioning
1185537980724624711,Coffee maker,Coffee maker
1185537980724624711,Iron,Iron
1185537980724624711,Free parking on premises,Parking
1185537980724624711,Heating,Heating
1185537980724624711,Oven,Oven
1185537980724624711,Washer,Washer
1185537980724624711,Dryer,Dryer
1185537980724624711,Microwave,Microwave
1185537980724624711,Pets allowed,Pets allowed
1185537980724624711,Kitchen,Kitchen
1185591493744586895,Exterior security cameras on property,Lock
1185591493744586895,Carbon monoxide alarm,Carbon monoxide alarm
1185591493744586895,Hangers,Hangers
1185591493744586895,Smoking allowed,Smoking allowed
1185591493744586895,Hot water kettle,Other
1185591493744586895,Backyard,Garden
1185591493744586895,Smoke alarm,Smoke alarm
1185591493744586895,Coffee maker: pour-over coffee,Coffee maker
1185591493744586895,Self check-in,Self check-in
1185591493744586895,Stove,Oven
1185591493744586895,Long term stays allowed,Long term stays
1185591493744586895,Refrigerator,Refrigerator
1185591493744586895,Fire extinguisher,Fire extinguisher
1185591493744586895,Wifi,WiFi
1185591493744586895,Air conditioning,Air conditioning
1185591493744586895,TV,TV
1185591493744586895,Iron,Iron
1185591493744586895,Heating,Heating
1185591493744586895,Dishwasher,Washer
1185591493744586895,First aid kit,First aid kit
1185591493744586895,Free street parking,Parking
1185591493744586895,Dryer,Dryer
1185591493744586895,Microwave,Microwave
1185591493744586895,Kitchen,Kitchen
1187591175698501325,Hangers,Hangers
1187591175698501325,Bed linens,Other
1187591175698501325,Smoke alarm,Smoke alarm
1187591175698501325,Shampoo,Essentials
1187591175698501325,Stove,Oven
1187591175698501325,Coffee,Coffee maker
1187591175698501325,Books and reading material,Books
1187591175698501325,Free residential garage on premises,Parking
1187591175698501325,Refrigerator,Refrigerator
1187591175698501325,Wifi,WiFi
1187591175698501325,Air conditioning,Air conditioning
1187591175698501325,TV,TV
1187591175698501325,Iron,Iron
1187591175698501325,Heating,Heating
1187591175698501325,Dishwasher,Washer
1187591175698501325,Microwave,Microwave
1187591175698501325,Hair dryer,Dryer
1187591175698501325,Kitchen,Kitchen
1189245100874558445,Smoke alarm,Smoke alarm
1189245100874558445,Wifi,WiFi
1189245100874558445,Shampoo,Essentials
1189245100874558445,Air conditioning,Air conditioning
1189245100874558445,Carbon monoxide alarm,Carbon monoxide alarm
1189245100874558445,Washer,Washer
1189245100874558445,Hair dryer,Dryer
1189245100874558445,Bathtub,Other
1189245100874558445,TV,TV
1189245100874558445,Free parking on premises,Parking
1189249179392132534,Wifi,WiFi
1189249179392132534,Air conditioning,Air conditioning
1189249179392132534,Washer,Washer
1189249179392132534,TV,TV
1189249179392132534,Free parking on premises,Parking
1189249179392132534,Kitchen,Kitchen
1191895319439613036,Carbon monoxide alarm,Carbon monoxide alarm
1191895319439613036,Dedicated workspace,Workspace
1191895319439613036,Gas stove,Oven
1191895319439613036,Hangers,Hangers
1191895319439613036,Room-darkening shades,Other
1191895319439613036,Lockbox,Lock
1191895319439613036,Smoke alarm,Smoke alarm
1191895319439613036,Private BBQ grill,BBQ grill
1191895319439613036,Self check-in,Self check-in
1191895319439613036,Long term stays allowed,Long term stays
1191895319439613036,Whirlpool  refrigerator,Pool
1191895319439613036,Wifi,WiFi
1191895319439613036,Paid parking garage off premises,Parking
1191895319439613036,Air conditioning,Air conditioning
1191895319439613036,Private backyard,Garden
1191895319439613036,TV,TV
1191895319439613036,Iron,Iron
1191895319439613036,Radiant heating,Heating
1191895319439613036,Washer,Washer
1191895319439613036,Microwave,Microwave
1191895319439613036,Kitchen,Kitchen
1196459023545165129,Window AC unit,Air conditioning
1196459023545165129,Carbon monoxide alarm,Carbon monoxide alarm
1196459023545165129,Dedicated workspace,Workspace
1196459023545165129,Hangers,Hangers
1196459023545165129,Central heating,Heating
1196459023545165129,Bed linens,Other
1196459023545165129,Smoke alarm,Smoke alarm
1196459023545165129,Essentials,Essentials
1196459023545165129,Self check-in,Self check-in
1196459023545165129,Refrigerator,Refrigerator
1196459023545165129,Fire extinguisher,Fire extinguisher
1196459023545165129,Elevator,Elevator
1196459023545165129,Wifi,WiFi
1196459023545165129,Patio or balcony,Patio
1196459023545165129,TV,TV
1196459023545165129,Coffee maker,Coffee maker
1196459023545165129,Iron,Iron
1196459023545165129,Keypad,Lock
1196459023545165129,Free parking on premises,Parking
1196459023545165129,Dishwasher,Washer
1196459023545165129,Oven,Oven
1196459023545165129,First aid kit,First aid kit
1196459023545165129,Microwave,Microwave
1196459023545165129,Kitchen,Kitchen
1198592120169206200,Exterior security cameras on property,Lock
1198592120169206200,Carbon monoxide alarm,Carbon monoxide alarm
1198592120169206200,Hangers,Hangers
1198592120169206200,Smoking allowed,Smoking allowed
1198592120169206200,Hot water kettle,Other
1198592120169206200,Backyard,Garden
1198592120169206200,Smoke alarm,Smoke alarm
1198592120169206200,Essentials,Essentials
1198592120169206200,Shared patio or balcony,Patio
1198592120169206200,Self check-in,Self check-in
1198592120169206200,Stove,Oven
1198592120169206200,Fireplace guards,Heating
1198592120169206200,Long term stays allowed,Long term stays
1198592120169206200,Refrigerator,Refrigerator
1198592120169206200,Fire extinguisher,Fire extinguisher
1198592120169206200,Wifi,WiFi
1198592120169206200,Air conditioning,Air conditioning
1198592120169206200,TV,TV
1198592120169206200,Coffee maker,Coffee maker
1198592120169206200,Iron,Iron
1198592120169206200,Dishwasher,Washer
1198592120169206200,First aid kit,First aid kit
1198592120169206200,Free street parking,Parking
1198592120169206200,Dryer,Dryer
1198592120169206200,Microwave,Microwave
1198592120169206200,Kitchen,Kitchen
1208695175897245796,Exterior security cameras on property,Lock
1208695175897245796,Carbon monoxide alarm,Carbon monoxide alarm
1208695175897245796,Hangers,Hangers
1208695175897245796,Hot water kettle,Other
1208695175897245796,Backyard,Garden
1208695175897245796,Smoke alarm,Smoke alarm
1208695175897245796,Coffee maker: pour-over coffee,Coffee maker
1208695175897245796,Self check-in,Self check-in
1208695175897245796,Stove,Oven
1208695175897245796,Long term stays allowed,Long term stays
1208695175897245796,Refrigerator,Refrigerator
1208695175897245796,Fire extinguisher,Fire extinguisher
1208695175897245796,Wifi,WiFi
1208695175897245796,Air conditioning,Air conditioning
1208695175897245796,TV,TV
1208695175897245796,Iron,Iron
1208695175897245796,Heating,Heating
1208695175897245796,Dishwasher,Washer
1208695175897245796,First aid kit,First aid kit
1208695175897245796,Free street parking,Parking
1208695175897245796,Dryer,Dryer
1208695175897245796,Microwave,Microwave
1208695175897245796,Kitchen,Kitchen
1209313814437527365,Exterior security cameras on property,Lock
1209313814437527365,Carbon monoxide alarm,Carbon monoxide alarm
1209313814437527365,Hangers,Hangers
1209313814437527365,Smoking allowed,Smoking allowed
1209313814437527365,Hot water kettle,Other
1209313814437527365,Backyard,Garden
1209313814437527365,Barbecue utensils,BBQ grill
1209313814437527365,Smoke alarm,Smoke alarm
1209313814437527365,Self check-in,Self check-in
1209313814437527365,Stove,Oven
1209313814437527365,Books and reading material,Books
1209313814437527365,Long term stays allowed,Long term stays
1209313814437527365,Refrigerator,Refrigerator
1209313814437527365,Fire extinguisher,Fire extinguisher
1209313814437527365,Wifi,WiFi
1209313814437527365,Air conditioning,Air conditioning
1209313814437527365,Patio or balcony,Patio
1209313814437527365,TV,TV
1209313814437527365,Coffee maker,Coffee maker
1209313814437527365,Free parking on premises,Parking
1209313814437527365,Heating,Heating
1209313814437527365,Dishwasher,Washer
1209313814437527365,First aid kit,First aid kit
1209313814437527365,Microwave,Microwave
1209313814437527365,Hair dryer,Dryer
1209313814437527365,Kitchen,Kitchen
1210875317904799284,Smoke alarm,Smoke alarm
1210875317904799284,Wifi,WiFi
1210875317904799284,Kitchen,Kitchen
1210875317904799284,Air conditioning,Air conditioning
1210875317904799284,Carbon monoxide alarm,Carbon monoxide alarm
1210875317904799284,Dedicated workspace,Workspace
1210875317904799284,Washer,Washer
1210875317904799284,Indoor fireplace,Heating
1210875317904799284,TV,TV
1210875317904799284,Hair dryer,Dryer
1210875317904799284,Free parking on premises,Parking
1210875317904799284,Iron,Iron
1223845635352908531,Smoke alarm,Smoke alarm
1223845635352908531,Wifi,WiFi
1223845635352908531,Air conditioning,Air conditioning
1223845635352908531,Dedicated workspace,Workspace
1223845635352908531,TV,TV
1223845635352908531,Free parking on premises,Parking
1223845635352908531,Kitchen,Kitchen
1224184445857718550,Carbon monoxide alarm,Carbon monoxide alarm
1224184445857718550,Dedicated workspace,Workspace
1224184445857718550,Hangers,Hangers
1224184445857718550,Bed linens,Other
1224184445857718550,Smoke alarm,Smoke alarm
1224184445857718550,Stove,Oven
1224184445857718550,Long term stays allowed,Long term stays
1224184445857718550,Refrigerator,Refrigerator
1224184445857718550,Wifi,WiFi
1224184445857718550,Air conditioning,Air conditioning
1224184445857718550,TV,TV
1224184445857718550,Iron,Iron
1224184445857718550,Dishwasher,Washer
1224184445857718550,Microwave,Microwave
1224184445857718550,Kitchen,Kitchen
1227494196390230149,Exterior security cameras on property,Lock
1227494196390230149,Carbon monoxide alarm,Carbon monoxide alarm
1227494196390230149,Gas stove,Oven
1227494196390230149,Free dryer,Dryer
1227494196390230149,Hot water kettle,Other
1227494196390230149,Smoke alarm,Smoke alarm
1227494196390230149,Self check-in,Self check-in
1227494196390230149,Long term stays allowed,Long term stays
1227494196390230149,Refrigerator,Refrigerator
1227494196390230149,Fire extinguisher,Fire extinguisher
1227494196390230149,Wifi,WiFi
1227494196390230149,Air conditioning,Air conditioning
1227494196390230149,TV,TV
1227494196390230149,Iron,Iron
1227494196390230149,Free parking on premises,Parking
1227494196390230149,Radiant heating,Heating
1227494196390230149,Dishwasher,Washer
1227494196390230149,Microwave,Microwave
1227494196390230149,Pets allowed,Pets allowed
1227494196390230149,Kitchen,Kitchen
1227494196390230149,Coffee maker: drip coffee maker,Coffee maker
1229287611382413342,Exterior security cameras on property,Lock
1229287611382413342,Carbon monoxide alarm,Carbon monoxide alarm
1229287611382413342,Hangers,Hangers
1229287611382413342,Hot water,Other
1229287611382413342,Smoke alarm,Smoke alarm
1229287611382413342,Self check-in,Self check-in
1229287611382413342,Stove,Oven
1229287611382413342,Long term stays allowed,Long term stays
1229287611382413342,Refrigerator,Refrigerator
1229287611382413342,Fire extinguisher,Fire extinguisher
1229287611382413342,Wifi,WiFi
1229287611382413342,Air conditioning,Air conditioning
1229287611382413342,Body soap,Essentials
1229287611382413342,TV,TV
1229287611382413342,Coffee maker,Coffee maker
1229287611382413342,Iron,Iron
1229287611382413342,Free parking on premises,Parking
1229287611382413342,Heating,Heating
1229287611382413342,Microwave,Microwave
1229287611382413342,Pets allowed,Pets allowed
1229287611382413342,Hair dryer,Dryer
1229287611382413342,Kitchen,Kitchen
1229302903741056027,Children’s dinnerware,Other
1229302903741056027,Exterior security cameras on property,Lock
1229302903741056027,Carbon monoxide alarm,Carbon monoxide alarm
1229302903741056027,Dedicated workspace,Workspace
1229302903741056027,Gas stove,Oven
1229302903741056027,Hangers,Hangers
1229302903741056027,Smoke alarm,Smoke alarm
1229302903741056027,Coffee maker: Keurig coffee machine,Coffee maker
1229302903741056027,Self check-in,Self check-in
1229302903741056027,Long term stays allowed,Long term stays
1229302903741056027,Refrigerator,Refrigerator
1229302903741056027,Fire extinguisher,Fire extinguisher
1229302903741056027,Wifi,WiFi
1229302903741056027,Air conditioning,Air conditioning
1229302903741056027,Body soap,Essentials
1229302903741056027,TV,TV
1229302903741056027,Iron,Iron
1229302903741056027,Free parking on premises,Parking
1229302903741056027,Heating,Heating
1229302903741056027,Private patio or balcony,Patio
1229302903741056027,Microwave,Microwave
1229302903741056027,Pets allowed,Pets allowed
1229302903741056027,Hair dryer,Dryer
1229302903741056027,Kitchen,Kitchen
1230257693323535013,Window guards,Other
1230257693323535013,Smart lock,Lock
1230257693323535013,Window AC unit,Air conditioning
1230257693323535013,Carbon monoxide alarm,Carbon monoxide alarm
1230257693323535013,Dedicated workspace,Workspace
1230257693323535013,Hangers,Hangers
1230257693323535013,Public Goods shampoo,Essentials
1230257693323535013,"Coffee maker: drip coffee maker, Keurig coffee machine",Coffee maker
1230257693323535013,Central heating,Heating
1230257693323535013,Stainless steel single oven,Oven
1230257693323535013,Smoke alarm,Smoke alarm
1230257693323535013,Shared patio or balcony,Patio
1230257693323535013,Self check-in,Self check-in
1230257693323535013,Books and reading material,Books
1230257693323535013,Pack ’n play/Travel crib - available upon request,Crib
1230257693323535013,Refrigerator,Refrigerator
1230257693323535013,Fire extinguisher,Fire extinguisher
1230257693323535013,Wifi,WiFi
1230257693323535013,Board games,Board games
1230257693323535013,Iron,Iron
1230257693323535013,Free washer – In unit,Washer
1230257693323535013,Free dryer – In unit,Dryer
1230257693323535013,Paid parking lot off premises,Parking
1230257693323535013,First aid kit,First aid kit
1230257693323535013,Microwave,Microwave
1230257693323535013,Kitchen,Kitchen
1230257693323535013,"55 inch HDTV with Amazon Prime Video, Apple TV, Disney+, HBO Max, Hulu, Netflix",TV
1233366548908684664,Exterior security cameras on property,Lock
1233366548908684664,Carbon monoxide alarm,Carbon monoxide alarm
1233366548908684664,Gas stove,Oven
1233366548908684664,Hangers,Hangers
1233366548908684664,Hot water kettle,Other
1233366548908684664,Paid dryer – In building,Dryer
1233366548908684664,Central heating,Heating
1233366548908684664,Smoke alarm,Smoke alarm
1233366548908684664,Essentials,Essentials
1233366548908684664,Coffee maker: Keurig coffee machine,Coffee maker
1233366548908684664,Self check-in,Self check-in
1233366548908684664,Long term stays allowed,Long term stays
1233366548908684664,Refrigerator,Refrigerator
1233366548908684664,Paid washer – In building,Washer
1233366548908684664,Wifi,WiFi
1233366548908684664,Air conditioning,Air conditioning
1233366548908684664,TV,TV
1233366548908684664,Iron,Iron
1233366548908684664,Free street parking,Parking
1233366548908684664,Microwave,Microwave
1233366548908684664,Kitchen,Kitchen
1234376912864523021,Smart lock,Lock
1234376912864523021,Carbon monoxide alarm,Carbon monoxide alarm
1234376912864523021,Dedicated workspace,Workspace
1234376912864523021,Hangers,Hangers
1234376912864523021,Dryer – In unit,Dryer
1234376912864523021,"Coffee maker: drip coffee maker, Keurig coffee machine",Coffee maker
1234376912864523021,Central heating,Heating
1234376912864523021,Bed linens,Other
1234376912864523021,Smoke alarm,Smoke alarm
1234376912864523021,Self check-in,Self check-in
1234376912864523021,Frigidaire refrigerator,Refrigerator
1234376912864523021,Fire extinguisher,Fire extinguisher
1234376912864523021,Wifi,WiFi
1234376912864523021,Frigidaire oven,Oven
1234376912864523021,Body soap,Essentials
1234376912864523021,TV,TV
1234376912864523021,Iron,Iron
1234376912864523021,Backyard - Fully fenced,Garden
1234376912864523021,First aid kit,First aid kit
1234376912864523021,Free street parking,Parking
1234376912864523021,Washer,Washer
1234376912864523021,Pets allowed,Pets allowed
1234376912864523021,Kitchen,Kitchen
1237963668912797614,Exterior security cameras on property,Lock
1237963668912797614,Carbon monoxide alarm,Carbon monoxide alarm
1237963668912797614,Central heating,Heating
1237963668912797614,Bed linens,Other
1237963668912797614,Smoke alarm,Smoke alarm
1237963668912797614,Shared patio or balcony,Patio
1237963668912797614,Shampoo,Essentials
1237963668912797614,Self check-in,Self check-in
1237963668912797614,Stove,Oven
1237963668912797614,Long term stays allowed,Long term stays
1237963668912797614,Refrigerator,Refrigerator
1237963668912797614,Fire extinguisher,Fire extinguisher
1237963668912797614,Wifi,WiFi
1237963668912797614,Clothing storage: closet,Hangers
1237963668912797614,Air conditioning,Air conditioning
1237963668912797614,TV,TV
1237963668912797614,Dishwasher,Washer
1237963668912797614,First aid kit,First aid kit
1237963668912797614,Microwave,Microwave
1237963668912797614,Kitchen,Kitchen
1242227342075722524,Smoke alarm,Smoke alarm
1242227342075722524,Wifi,WiFi
1242227342075722524,Shampoo,Essentials
1242227342075722524,Air conditioning,Air conditioning
1242227342075722524,Free street parking,Parking
1242227342075722524,Portable heater,Other
1242227342075722524,Lock on bedroom door,Lock
1242227342075722524,TV,TV
1242227342075722524,Fire extinguisher,Fire extinguisher
1246452851774715158,Exterior security cameras on property,Lock
1246452851774715158,Carbon monoxide alarm,Carbon monoxide alarm
1246452851774715158,Dedicated workspace,Workspace
1246452851774715158,Central heating,Heating
1246452851774715158,Smoke alarm,Smoke alarm
1246452851774715158,Freezer,Other
1246452851774715158,Self check-in,Self check-in
1246452851774715158,Wifi,WiFi
1246452851774715158,Air conditioning,Air conditioning
1246452851774715158,TV,TV
1246452851774715158,Free parking on premises,Parking
1246452851774715158,Free dryer – In unit,Dryer
1246452851774715158,Washer,Washer
1246452851774715158,Microwave,Microwave
1246452851774715158,Kitchen,Kitchen
1252203595666312568,Exterior security cameras on property,Lock
1252203595666312568,Carbon monoxide alarm,Carbon monoxide alarm
1252203595666312568,Hangers,Hangers
1252203595666312568,Hot water kettle,Other
1252203595666312568,Backyard,Garden
1252203595666312568,Smoke alarm,Smoke alarm
1252203595666312568,Coffee maker: pour-over coffee,Coffee maker
1252203595666312568,Self check-in,Self check-in
1252203595666312568,Stove,Oven
1252203595666312568,Long term stays allowed,Long term stays
1252203595666312568,Refrigerator,Refrigerator
1252203595666312568,Fire extinguisher,Fire extinguisher
1252203595666312568,Wifi,WiFi
1252203595666312568,Air conditioning,Air conditioning
1252203595666312568,TV,TV
1252203595666312568,Iron,Iron
1252203595666312568,Heating,Heating
1252203595666312568,Dishwasher,Washer
1252203595666312568,First aid kit,First aid kit
1252203595666312568,Free street parking,Parking
1252203595666312568,Dryer,Dryer
1252203595666312568,Microwave,Microwave
1252203595666312568,Kitchen,Kitchen
1252255960109808438,Smoke alarm,Smoke alarm
1252255960109808438,Wifi,WiFi
1252255960109808438,Air conditioning,Air conditioning
1252255960109808438,Carbon monoxide alarm,Carbon monoxide alarm
1252255960109808438,Host greets you,Host greets you
1252255960109808438,Bathtub,Other
1252255960109808438,TV,TV
1252255960109808438,Free parking on premises,Parking
1252255960109808438,Kitchen,Kitchen
1252258297385952172,Carbon monoxide alarm,Carbon monoxide alarm
1252258297385952172,Dedicated workspace,Workspace
1252258297385952172,Hangers,Hangers
1252258297385952172,Hot water kettle,Other
1252258297385952172,Barbecue utensils,BBQ grill
1252258297385952172,Smoke alarm,Smoke alarm
1252258297385952172,Essentials,Essentials
1252258297385952172,Stove,Oven
1252258297385952172,Coffee,Coffee maker
1252258297385952172,Books and reading material,Books
1252258297385952172,Long term stays allowed,Long term stays
1252258297385952172,Refrigerator,Refrigerator
1252258297385952172,Wifi,WiFi
1252258297385952172,Air conditioning,Air conditioning
1252258297385952172,TV,TV
1252258297385952172,Iron,Iron
1252258297385952172,Free parking on premises,Parking
1252258297385952172,Heating,Heating
1252258297385952172,Dishwasher,Washer
1252258297385952172,Dryer,Dryer
1252258297385952172,Microwave,Microwave
1252258297385952172,Pets allowed,Pets allowed
1252258297385952172,Kitchen,Kitchen
1252301211909514289,Exterior security cameras on property,Lock
1252301211909514289,Carbon monoxide alarm,Carbon monoxide alarm
1252301211909514289,Hangers,Hangers
1252301211909514289,Hot water kettle,Other
1252301211909514289,Backyard,Garden
1252301211909514289,Barbecue utensils,BBQ grill
1252301211909514289,Smoke alarm,Smoke alarm
1252301211909514289,Coffee maker: pour-over coffee,Coffee maker
1252301211909514289,Self check-in,Self check-in
1252301211909514289,Stove,Oven
1252301211909514289,Long term stays allowed,Long term stays
1252301211909514289,Refrigerator,Refrigerator
1252301211909514289,Fire extinguisher,Fire extinguisher
1252301211909514289,Wifi,WiFi
1252301211909514289,TV,TV
1252301211909514289,Iron,Iron
1252301211909514289,Heating,Heating
1252301211909514289,Dishwasher,Washer
1252301211909514289,First aid kit,First aid kit
1252301211909514289,Free street parking,Parking
1252301211909514289,Dryer,Dryer
1252301211909514289,Microwave,Microwave
1252301211909514289,Kitchen,Kitchen
1256391301639690602,Exterior security cameras on property,Lock
1256391301639690602,Carbon monoxide alarm,Carbon monoxide alarm
1256391301639690602,Hangers,Hangers
1256391301639690602,Trash compactor,Other
1256391301639690602,Smoke alarm,Smoke alarm
1256391301639690602,Stove,Oven
1256391301639690602,Coffee,Coffee maker
1256391301639690602,Refrigerator,Refrigerator
1256391301639690602,Fire extinguisher,Fire extinguisher
1256391301639690602,Wifi,WiFi
1256391301639690602,Air conditioning,Air conditioning
1256391301639690602,TV,TV
1256391301639690602,Iron,Iron
1256391301639690602,Heating,Heating
1256391301639690602,First aid kit,First aid kit
1256391301639690602,Microwave,Microwave
1256391301639690602,Kitchen,Kitchen
1256498995571429533,Exterior security cameras on property,Lock
1256498995571429533,Carbon monoxide alarm,Carbon monoxide alarm
1256498995571429533,Hangers,Hangers
1256498995571429533,Hot water kettle,Other
1256498995571429533,Backyard,Garden
1256498995571429533,Smoke alarm,Smoke alarm
1256498995571429533,Essentials,Essentials
1256498995571429533,Self check-in,Self check-in
1256498995571429533,Stove,Oven
1256498995571429533,Fireplace guards,Heating
1256498995571429533,Long term stays allowed,Long term stays
1256498995571429533,Refrigerator,Refrigerator
1256498995571429533,Fire extinguisher,Fire extinguisher
1256498995571429533,Wifi,WiFi
1256498995571429533,Air conditioning,Air conditioning
1256498995571429533,Patio or balcony,Patio
1256498995571429533,TV,TV
1256498995571429533,Coffee maker,Coffee maker
1256498995571429533,Iron,Iron
1256498995571429533,Dishwasher,Washer
1256498995571429533,First aid kit,First aid kit
1256498995571429533,Free street parking,Parking
1256498995571429533,Dryer,Dryer
1256498995571429533,Microwave,Microwave
1256498995571429533,Kitchen,Kitchen
1264531987910224088,Exterior security cameras on property,Lock
1264531987910224088,Carbon monoxide alarm,Carbon monoxide alarm
1264531987910224088,Dedicated workspace,Workspace
1264531987910224088,Hangers,Hangers
1264531987910224088,Single level home,Other
1264531987910224088,Smoke alarm,Smoke alarm
1264531987910224088,Essentials,Essentials
1264531987910224088,Self check-in,Self check-in
1264531987910224088,Stove,Oven
1264531987910224088,Long term stays allowed,Long term stays
1264531987910224088,Refrigerator,Refrigerator
1264531987910224088,Fire extinguisher,Fire extinguisher
1264531987910224088,Wifi,WiFi
1264531987910224088,Air conditioning,Air conditioning
1264531987910224088,TV,TV
1264531987910224088,Coffee maker,Coffee maker
1264531987910224088,Iron,Iron
1264531987910224088,Free parking on premises,Parking
1264531987910224088,Heating,Heating
1264531987910224088,Dishwasher,Washer
1264531987910224088,First aid kit,First aid kit
1264531987910224088,Dryer,Dryer
1264531987910224088,Microwave,Microwave
1265342374507338537,Smart lock,Lock
1265342374507338537,Carbon monoxide alarm,Carbon monoxide alarm
1265342374507338537,Hangers,Hangers
1265342374507338537,Bed linens,Other
1265342374507338537,Smoke alarm,Smoke alarm
1265342374507338537,Shampoo,Essentials
1265342374507338537,Self check-in,Self check-in
1265342374507338537,Stove,Oven
1265342374507338537,Coffee,Coffee maker
1265342374507338537,Refrigerator,Refrigerator
1265342374507338537,Fire extinguisher,Fire extinguisher
1265342374507338537,Wifi,WiFi
1265342374507338537,TV,TV
1265342374507338537,Heating,Heating
1265342374507338537,First aid kit,First aid kit
1265342374507338537,Microwave,Microwave
1265342374507338537,Hair dryer,Dryer
1265342374507338537,Kitchen,Kitchen
1266676779473584420,Smoke alarm,Smoke alarm
1266676779473584420,Wifi,WiFi
1266676779473584420,Exterior security cameras on property,Lock
1266676779473584420,Kitchen,Kitchen
1266676779473584420,Carbon monoxide alarm,Carbon monoxide alarm
1266676779473584420,TV,TV
1266676779473584420,Fire extinguisher,Fire extinguisher
1268205616603776750,Exterior security cameras on property,Lock
1268205616603776750,Carbon monoxide alarm,Carbon monoxide alarm
1268205616603776750,Dedicated workspace,Workspace
1268205616603776750,Hangers,Hangers
1268205616603776750,Bed linens,Other
1268205616603776750,Smoke alarm,Smoke alarm
1268205616603776750,Essentials,Essentials
1268205616603776750,Self check-in,Self check-in
1268205616603776750,Stove,Oven
1268205616603776750,Coffee,Coffee maker
1268205616603776750,Refrigerator,Refrigerator
1268205616603776750,Fire extinguisher,Fire extinguisher
1268205616603776750,Wifi,WiFi
1268205616603776750,Air conditioning,Air conditioning
1268205616603776750,TV,TV
1268205616603776750,Iron,Iron
1268205616603776750,Heating,Heating
1268205616603776750,First aid kit,First aid kit
1268205616603776750,Exercise equipment,Gym
1268205616603776750,Washer,Washer
1268205616603776750,Dryer,Dryer
1268205616603776750,Microwave,Microwave
1268205616603776750,Free driveway parking on premises – 1 space,Parking
1268205616603776750,Kitchen,Kitchen
1269145433396830936,Exterior security cameras on property,Lock
1269145433396830936,Carbon monoxide alarm,Carbon monoxide alarm
1269145433396830936,Hangers,Hangers
1269145433396830936,Hot water kettle,Other
1269145433396830936,Smoke alarm,Smoke alarm
1269145433396830936,Shared patio or balcony,Patio
1269145433396830936,Shampoo,Essentials
1269145433396830936,Self check-in,Self check-in
1269145433396830936,Stove,Oven
1269145433396830936,Books and reading material,Books
1269145433396830936,Long term stays allowed,Long term stays
1269145433396830936,Refrigerator,Refrigerator
1269145433396830936,Fire extinguisher,Fire extinguisher
1269145433396830936,Coffee maker: espresso machine,Coffee maker
1269145433396830936,Wifi,WiFi
1269145433396830936,Board games,Board games
1269145433396830936,TV,TV
1269145433396830936,Radiant heating,Heating
1269145433396830936,First aid kit,First aid kit
1269145433396830936,Washer,Washer
1269145433396830936,Dryer,Dryer
1269145433396830936,Microwave,Microwave
1269145433396830936,Free street parking,Parking
1269145433396830936,Kitchen,Kitchen
1273861365984558378,Smoke alarm,Smoke alarm
1273861365984558378,Wifi,WiFi
1273861365984558378,Pool table,Pool
1273861365984558378,Kitchen,Kitchen
1273861365984558378,Air conditioning,Air conditioning
1273861365984558378,Carbon monoxide alarm,Carbon monoxide alarm
1273861365984558378,Dedicated workspace,Workspace
1273861365984558378,First aid kit,First aid kit
1273861365984558378,Exercise equipment,Gym
1273861365984558378,Washer,Washer
1273861365984558378,TV,TV
1273861365984558378,Free parking on premises,Parking
1273861365984558378,Fire extinguisher,Fire extinguisher
1274613024891750632,Smoke alarm,Smoke alarm
1274613024891750632,Wifi,WiFi
1274613024891750632,Cooking basics,Other
1274613024891750632,Air conditioning,Air conditioning
1274613024891750632,Carbon monoxide alarm,Carbon monoxide alarm
1274613024891750632,Self check-in,Self check-in
1274613024891750632,Free parking on premises,Parking
1274613024891750632,Kitchen,Kitchen
1274613024891750632,Lockbox,Lock
1277717926531215616,Dedicated workspace,Workspace
1277717926531215616,Gas stove,Oven
1277717926531215616,Hangers,Hangers
1277717926531215616,Hot water kettle,Other
1277717926531215616,Smoke alarm,Smoke alarm
1277717926531215616,Essentials,Essentials
1277717926531215616,Shared backyard,Garden
1277717926531215616,Coffee maker: Keurig coffee machine,Coffee maker
1277717926531215616,BBQ grill,BBQ grill
1277717926531215616,Self check-in,Self check-in
1277717926531215616,Long term stays allowed,Long term stays
1277717926531215616,Refrigerator,Refrigerator
1277717926531215616,Fire extinguisher,Fire extinguisher
1277717926531215616,Wifi,WiFi
1277717926531215616,Air conditioning,Air conditioning
1277717926531215616,Patio or balcony,Patio
1277717926531215616,TV,TV
1277717926531215616,Keypad,Lock
1277717926531215616,Iron,Iron
1277717926531215616,Heating,Heating
1277717926531215616,Free dryer – In unit,Dryer
1277717926531215616,Dishwasher,Washer
1277717926531215616,Free street parking,Parking
1277717926531215616,Microwave,Microwave
1277717926531215616,Pets allowed,Pets allowed
1277717926531215616,Kitchen,Kitchen
1279781671588026640,Smoke alarm,Smoke alarm
1279781671588026640,Wifi,WiFi
1279781671588026640,Paid parking on premises,Parking
1279781671588026640,Exterior security cameras on property,Lock
1279781671588026640,Air conditioning,Air conditioning
1279781671588026640,Carbon monoxide alarm,Carbon monoxide alarm
1279781671588026640,Dedicated workspace,Workspace
1279781671588026640,Kitchen,Kitchen
1279781671588026640,First aid kit,First aid kit
1279781671588026640,Exercise equipment,Gym
1279781671588026640,Washer,Washer
1279781671588026640,TV,TV
1279781671588026640,Fire extinguisher,Fire extinguisher
1284151940120079993,Window AC unit,Air conditioning
1284151940120079993,Carbon monoxide alarm,Carbon monoxide alarm
1284151940120079993,Dedicated workspace,Workspace
1284151940120079993,Hangers,Hangers
1284151940120079993,Bed linens,Other
1284151940120079993,Smoke alarm,Smoke alarm
1284151940120079993,Essentials,Essentials
1284151940120079993,Stove,Oven
1284151940120079993,Coffee,Coffee maker
1284151940120079993,Long term stays allowed,Long term stays
1284151940120079993,Refrigerator,Refrigerator
1284151940120079993,Fire extinguisher,Fire extinguisher
1284151940120079993,Wifi,WiFi
1284151940120079993,TV,TV
1284151940120079993,Iron,Iron
1284151940120079993,Free parking on premises,Parking
1284151940120079993,Free washer – In unit,Washer
1284151940120079993,Radiant heating,Heating
1284151940120079993,First aid kit,First aid kit
1284151940120079993,Dryer,Dryer
1284151940120079993,Microwave,Microwave
1284151940120079993,Kitchen,Kitchen
1284983740417509877,Children’s dinnerware,Other
1284983740417509877,Carbon monoxide alarm,Carbon monoxide alarm
1284983740417509877,Dedicated workspace,Workspace
1284983740417509877,Gas stove,Oven
1284983740417509877,Hangers,Hangers
1284983740417509877,Central heating,Heating
1284983740417509877,Lockbox,Lock
1284983740417509877,Smoke alarm,Smoke alarm
1284983740417509877,Essentials,Essentials
1284983740417509877,Coffee maker: Keurig coffee machine,Coffee maker
1284983740417509877,Portable air conditioning,Air conditioning
1284983740417509877,Self check-in,Self check-in
1284983740417509877,Books and reading material,Books
1284983740417509877,Refrigerator,Refrigerator
1284983740417509877,Fire extinguisher,Fire extinguisher
1284983740417509877,Wifi,WiFi
1284983740417509877,TV,TV
1284983740417509877,Iron,Iron
1284983740417509877,Private backyard – Fully fenced,Garden
1284983740417509877,Private patio or balcony,Patio
1284983740417509877,First aid kit,First aid kit
1284983740417509877,Microwave,Microwave
1284983740417509877,Hair dryer,Dryer
1284983740417509877,Kitchen,Kitchen
1288603783171108127,Smart lock,Lock
1288603783171108127,Carbon monoxide alarm,Carbon monoxide alarm
1288603783171108127,Dedicated workspace,Workspace
1288603783171108127,Hangers,Hangers
1288603783171108127,Hot water,Other
1288603783171108127,Smoke alarm,Smoke alarm
1288603783171108127,Shampoo,Essentials
1288603783171108127,Crib,Crib
1288603783171108127,Self check-in,Self check-in
1288603783171108127,Stove,Oven
1288603783171108127,Refrigerator,Refrigerator
1288603783171108127,Fire extinguisher,Fire extinguisher
1288603783171108127,Elevator,Elevator
1288603783171108127,Wifi,WiFi
1288603783171108127,Air conditioning,Air conditioning
1288603783171108127,TV,TV
1288603783171108127,Coffee maker,Coffee maker
1288603783171108127,Iron,Iron
1288603783171108127,Heating,Heating
1288603783171108127,Dishwasher,Washer
1288603783171108127,Dryer,Dryer
1288603783171108127,Microwave,Microwave
1288603783171108127,Pets allowed,Pets allowed
1288603783171108127,Kitchen,Kitchen
1288603840617378795,Smart lock,Lock
1288603840617378795,Carbon monoxide alarm,Carbon monoxide alarm
1288603840617378795,Dedicated workspace,Workspace
1288603840617378795,Hangers,Hangers
1288603840617378795,Dryer – In unit,Dryer
1288603840617378795,Hot water,Other
1288603840617378795,Smoke alarm,Smoke alarm
1288603840617378795,Shampoo,Essentials
1288603840617378795,Crib,Crib
1288603840617378795,Self check-in,Self check-in
1288603840617378795,Stove,Oven
1288603840617378795,Refrigerator,Refrigerator
1288603840617378795,Fire extinguisher,Fire extinguisher
1288603840617378795,Elevator,Elevator
1288603840617378795,Wifi,WiFi
1288603840617378795,Air conditioning,Air conditioning
1288603840617378795,TV,TV
1288603840617378795,Coffee maker,Coffee maker
1288603840617378795,Iron,Iron
1288603840617378795,Washer – In unit,Washer
1288603840617378795,Heating,Heating
1288603840617378795,Microwave,Microwave
1288603840617378795,Pets allowed,Pets allowed
1288603902798375521,Smart lock,Lock
1288603902798375521,Carbon monoxide alarm,Carbon monoxide alarm
1288603902798375521,Dedicated workspace,Workspace
1288603902798375521,Hangers,Hangers
1288603902798375521,Hot water,Other
1288603902798375521,Smoke alarm,Smoke alarm
1288603902798375521,Self check-in,Self check-in
1288603902798375521,Crib,Crib
1288603902798375521,Stove,Oven
1288603902798375521,Refrigerator,Refrigerator
1288603902798375521,Fire extinguisher,Fire extinguisher
1288603902798375521,Elevator,Elevator
1288603902798375521,Wifi,WiFi
1288603902798375521,Air conditioning,Air conditioning
1288603902798375521,TV,TV
1288603902798375521,Coffee maker,Coffee maker
1288603902798375521,Iron,Iron
1288603902798375521,Heating,Heating
1288603902798375521,Pets allowed,Pets allowed
1288603902798375521,Hair dryer,Dryer
1288603902798375521,Kitchen,Kitchen
1288604046621507922,Smart lock,Lock
1288604046621507922,Paid parking off premises,Parking
1288604046621507922,Carbon monoxide alarm,Carbon monoxide alarm
1288604046621507922,Dedicated workspace,Workspace
1288604046621507922,Hangers,Hangers
1288604046621507922,Hot water kettle,Other
1288604046621507922,Smoke alarm,Smoke alarm
1288604046621507922,Self check-in,Self check-in
1288604046621507922,Crib,Crib
1288604046621507922,Stove,Oven
1288604046621507922,Refrigerator,Refrigerator
1288604046621507922,Fire extinguisher,Fire extinguisher
1288604046621507922,Elevator,Elevator
1288604046621507922,Wifi,WiFi
1288604046621507922,Air conditioning,Air conditioning
1288604046621507922,TV,TV
1288604046621507922,Coffee maker,Coffee maker
1288604046621507922,Iron,Iron
1288604046621507922,Heating,Heating
1288604046621507922,Dishwasher,Washer
1288604046621507922,Dryer,Dryer
1288604046621507922,Microwave,Microwave
1288604046621507922,Pets allowed,Pets allowed
1288604046621507922,Kitchen,Kitchen
1288604092723663347,Smart lock,Lock
1288604092723663347,Carbon monoxide alarm,Carbon monoxide alarm
1288604092723663347,Dedicated workspace,Workspace
1288604092723663347,Hangers,Hangers
1288604092723663347,Hot water,Other
1288604092723663347,Smoke alarm,Smoke alarm
1288604092723663347,Self check-in,Self check-in
1288604092723663347,Crib,Crib
1288604092723663347,Stove,Oven
1288604092723663347,Refrigerator,Refrigerator
1288604092723663347,Fire extinguisher,Fire extinguisher
1288604092723663347,Elevator,Elevator
1288604092723663347,Wifi,WiFi
1288604092723663347,Air conditioning,Air conditioning
1288604092723663347,TV,TV
1288604092723663347,Coffee maker,Coffee maker
1288604092723663347,Iron,Iron
1288604092723663347,Heating,Heating
1288604092723663347,Dishwasher,Washer
1288604092723663347,Dryer,Dryer
1288604092723663347,Microwave,Microwave
1288604092723663347,Pets allowed,Pets allowed
1288604092723663347,Kitchen,Kitchen
1289084606313003203,Exterior security cameras on property,Lock
1289084606313003203,Carbon monoxide alarm,Carbon monoxide alarm
1289084606313003203,Hangers,Hangers
1289084606313003203,Bed linens,Other
1289084606313003203,Smoke alarm,Smoke alarm
1289084606313003203,Essentials,Essentials
1289084606313003203,Self check-in,Self check-in
1289084606313003203,Stove,Oven
1289084606313003203,Refrigerator,Refrigerator
1289084606313003203,Fire extinguisher,Fire extinguisher
1289084606313003203,Wifi,WiFi
1289084606313003203,Air conditioning,Air conditioning
1289084606313003203,TV,TV
1289084606313003203,Coffee maker,Coffee maker
1289084606313003203,Free parking on premises,Parking
1289084606313003203,Heating,Heating
1289084606313003203,Washer,Washer
1289084606313003203,Microwave,Microwave
1289084606313003203,Hair dryer,Dryer
1289084606313003203,Kitchen,Kitchen
1291321613053647042,Wifi,WiFi
1291321613053647042,Pool table,Pool
1291321613053647042,Exterior security cameras on property,Lock
1291321613053647042,Air conditioning,Air conditioning
1291321613053647042,Carbon monoxide alarm,Carbon monoxide alarm
1291321613053647042,Kitchen,Kitchen
1291321613053647042,Hot tub,Hot tub
1291321613053647042,Washer,Washer
1291321613053647042,TV,TV
1291321613053647042,BBQ grill,BBQ grill
1291321613053647042,Free parking on premises,Parking
1291321613053647042,Fire extinguisher,Fire extinguisher
1292881870228693830,Exterior security cameras on property,Lock
1292881870228693830,Carbon monoxide alarm,Carbon monoxide alarm
1292881870228693830,Dedicated workspace,Workspace
1292881870228693830,Hangers,Hangers
1292881870228693830,Backyard,Garden
1292881870228693830,Room-darkening shades,Other
1292881870228693830,Smoke alarm,Smoke alarm
1292881870228693830,Essentials,Essentials
1292881870228693830,Self check-in,Self check-in
1292881870228693830,Stove,Oven
1292881870228693830,Long term stays allowed,Long term stays
1292881870228693830,Refrigerator,Refrigerator
1292881870228693830,Fire extinguisher,Fire extinguisher
1292881870228693830,Wifi,WiFi
1292881870228693830,Air conditioning,Air conditioning
1292881870228693830,Patio or balcony,Patio
1292881870228693830,TV,TV
1292881870228693830,Coffee maker,Coffee maker
1292881870228693830,Iron,Iron
1292881870228693830,Heating,Heating
1292881870228693830,Dishwasher,Washer
1292881870228693830,First aid kit,First aid kit
1292881870228693830,Free street parking,Parking
1292881870228693830,Dryer,Dryer
1292881870228693830,Microwave,Microwave
1292881870228693830,Kitchen,Kitchen
1294330125585979004,Smoke alarm,Smoke alarm
1294330125585979004,Wifi,WiFi
1294330125585979004,Exterior security cameras on property,Lock
1294330125585979004,Air conditioning,Air conditioning
1294330125585979004,Carbon monoxide alarm,Carbon monoxide alarm
1294330125585979004,Dedicated workspace,Workspace
1294330125585979004,Washer,Washer
1294330125585979004,TV,TV
1294330125585979004,Free parking on premises,Parking
1294330125585979004,Kitchen,Kitchen
1295804289767410494,Exterior security cameras on property,Lock
1295804289767410494,Carbon monoxide alarm,Carbon monoxide alarm
1295804289767410494,Dedicated workspace,Workspace
1295804289767410494,Hangers,Hangers
1295804289767410494,Hot water kettle,Other
1295804289767410494,Backyard,Garden
1295804289767410494,Barbecue utensils,BBQ grill
1295804289767410494,Smoke alarm,Smoke alarm
1295804289767410494,Essentials,Essentials
1295804289767410494,Self check-in,Self check-in
1295804289767410494,Stove,Oven
1295804289767410494,Long term stays allowed,Long term stays
1295804289767410494,Refrigerator,Refrigerator
1295804289767410494,Fire extinguisher,Fire extinguisher
1295804289767410494,Wifi,WiFi
1295804289767410494,Air conditioning,Air conditioning
1295804289767410494,Patio or balcony,Patio
1295804289767410494,TV,TV
1295804289767410494,Coffee maker,Coffee maker
1295804289767410494,Iron,Iron
1295804289767410494,Heating,Heating
1295804289767410494,Dishwasher,Washer
1295804289767410494,First aid kit,First aid kit
1295804289767410494,Free street parking,Parking
1295804289767410494,Dryer,Dryer
1295804289767410494,Microwave,Microwave
1295804289767410494,Kitchen,Kitchen
1296651761769034648,Exterior security cameras on property,Lock
1296651761769034648,Carbon monoxide alarm,Carbon monoxide alarm
1296651761769034648,Dedicated workspace,Workspace
1296651761769034648,Hangers,Hangers
1296651761769034648,Central heating,Heating
1296651761769034648,Room-darkening shades,Other
1296651761769034648,Smoke alarm,Smoke alarm
1296651761769034648,Essentials,Essentials
1296651761769034648,Self check-in,Self check-in
1296651761769034648,Stove,Oven
1296651761769034648,Coffee,Coffee maker
1296651761769034648,Books and reading material,Books
1296651761769034648,Long term stays allowed,Long term stays
1296651761769034648,Refrigerator,Refrigerator
1296651761769034648,Fire extinguisher,Fire extinguisher
1296651761769034648,Wifi,WiFi
1296651761769034648,Air conditioning,Air conditioning
1296651761769034648,Board games,Board games
1296651761769034648,TV,TV
1296651761769034648,Iron,Iron
1296651761769034648,First aid kit,First aid kit
1296651761769034648,Free street parking,Parking
1296651761769034648,Microwave,Microwave
1296651761769034648,Hair dryer,Dryer
1296651761769034648,Kitchen,Kitchen
1296756366433115082,Exterior security cameras on property,Lock
1296756366433115082,Carbon monoxide alarm,Carbon monoxide alarm
1296756366433115082,Dedicated workspace,Workspace
1296756366433115082,Hangers,Hangers
1296756366433115082,Room-darkening shades,Other
1296756366433115082,Smoke alarm,Smoke alarm
1296756366433115082,Essentials,Essentials
1296756366433115082,Self check-in,Self check-in
1296756366433115082,Stove,Oven
1296756366433115082,Coffee,Coffee maker
1296756366433115082,Books and reading material,Books
1296756366433115082,Long term stays allowed,Long term stays
1296756366433115082,Refrigerator,Refrigerator
1296756366433115082,Fire extinguisher,Fire extinguisher
1296756366433115082,Wifi,WiFi
1296756366433115082,Air conditioning,Air conditioning
1296756366433115082,Board games,Board games
1296756366433115082,TV,TV
1296756366433115082,Iron,Iron
1296756366433115082,Heating,Heating
1296756366433115082,First aid kit,First aid kit
1296756366433115082,Free street parking,Parking
1296756366433115082,Microwave,Microwave
1296756366433115082,Hair dryer,Dryer
1296756366433115082,Kitchen,Kitchen
1298067362380112500,Smart lock,Lock
1298067362380112500,Carbon monoxide alarm,Carbon monoxide alarm
1298067362380112500,Dedicated workspace,Workspace
1298067362380112500,Hangers,Hangers
1298067362380112500,Hot water kettle,Other
1298067362380112500,Smoke alarm,Smoke alarm
1298067362380112500,Essentials,Essentials
1298067362380112500,Self check-in,Self check-in
1298067362380112500,Stove,Oven
1298067362380112500,Coffee,Coffee maker
1298067362380112500,Refrigerator,Refrigerator
1298067362380112500,Fire extinguisher,Fire extinguisher
1298067362380112500,Wifi,WiFi
1298067362380112500,Air conditioning,Air conditioning
1298067362380112500,Free washer – In building,Washer
1298067362380112500,TV,TV
1298067362380112500,Iron,Iron
1298067362380112500,Free parking on premises,Parking
1298067362380112500,Heating,Heating
1298067362380112500,Free dryer – In unit,Dryer
1298067362380112500,First aid kit,First aid kit
1298067362380112500,Microwave,Microwave
1298067362380112500,Pets allowed,Pets allowed
1298067362380112500,Kitchen,Kitchen
1298625208863760034,Exterior security cameras on property,Lock
1298625208863760034,Carbon monoxide alarm,Carbon monoxide alarm
1298625208863760034,Dedicated workspace,Workspace
1298625208863760034,Hangers,Hangers
1298625208863760034,Single level home,Other
1298625208863760034,Smoke alarm,Smoke alarm
1298625208863760034,Essentials,Essentials
1298625208863760034,Coffee maker: Keurig coffee machine,Coffee maker
1298625208863760034,Self check-in,Self check-in
1298625208863760034,Stove,Oven
1298625208863760034,Long term stays allowed,Long term stays
1298625208863760034,Refrigerator,Refrigerator
1298625208863760034,Wifi,WiFi
1298625208863760034,Air conditioning,Air conditioning
1298625208863760034,TV,TV
1298625208863760034,Iron,Iron
1298625208863760034,Free parking on premises,Parking
1298625208863760034,Heating,Heating
1298625208863760034,Dishwasher,Washer
1298625208863760034,Dryer,Dryer
1298625208863760034,Microwave,Microwave
1298625208863760034,Pets allowed,Pets allowed
1298625208863760034,Kitchen,Kitchen
1308084493028885153,Exterior security cameras on property,Lock
1308084493028885153,Carbon monoxide alarm,Carbon monoxide alarm
1308084493028885153,Dedicated workspace,Workspace
1308084493028885153,Hangers,Hangers
1308084493028885153,Hot water kettle,Other
1308084493028885153,Backyard,Garden
1308084493028885153,Barbecue utensils,BBQ grill
1308084493028885153,Smoke alarm,Smoke alarm
1308084493028885153,Essentials,Essentials
1308084493028885153,Self check-in,Self check-in
1308084493028885153,Stove,Oven
1308084493028885153,Long term stays allowed,Long term stays
1308084493028885153,Refrigerator,Refrigerator
1308084493028885153,Fire extinguisher,Fire extinguisher
1308084493028885153,Wifi,WiFi
1308084493028885153,Air conditioning,Air conditioning
1308084493028885153,Patio or balcony,Patio
1308084493028885153,TV,TV
1308084493028885153,Coffee maker,Coffee maker
1308084493028885153,Iron,Iron
1308084493028885153,Heating,Heating
1308084493028885153,Dishwasher,Washer
1308084493028885153,First aid kit,First aid kit
1308084493028885153,Free street parking,Parking
1308084493028885153,Dryer,Dryer
1308084493028885153,Microwave,Microwave
1308084493028885153,Kitchen,Kitchen
1308111521841678866,Exterior security cameras on property,Lock
1308111521841678866,Carbon monoxide alarm,Carbon monoxide alarm
1308111521841678866,Dedicated workspace,Workspace
1308111521841678866,Hangers,Hangers
1308111521841678866,Hot water kettle,Other
1308111521841678866,Backyard,Garden
1308111521841678866,Barbecue utensils,BBQ grill
1308111521841678866,Smoke alarm,Smoke alarm
1308111521841678866,Essentials,Essentials
1308111521841678866,Self check-in,Self check-in
1308111521841678866,Stove,Oven
1308111521841678866,Long term stays allowed,Long term stays
1308111521841678866,Refrigerator,Refrigerator
1308111521841678866,Fire extinguisher,Fire extinguisher
1308111521841678866,Wifi,WiFi
1308111521841678866,Air conditioning,Air conditioning
1308111521841678866,Patio or balcony,Patio
1308111521841678866,TV,TV
1308111521841678866,Coffee maker,Coffee maker
1308111521841678866,Iron,Iron
1308111521841678866,Heating,Heating
1308111521841678866,Dishwasher,Washer
1308111521841678866,First aid kit,First aid kit
1308111521841678866,Free street parking,Parking
1308111521841678866,Dryer,Dryer
1308111521841678866,Microwave,Microwave
1308111521841678866,Kitchen,Kitchen
1310170283925918533,Exterior security cameras on property,Lock
1310170283925918533,Carbon monoxide alarm,Carbon monoxide alarm
1310170283925918533,Dedicated workspace,Workspace
1310170283925918533,Hangers,Hangers
1310170283925918533,Room-darkening shades,Other
1310170283925918533,Smoke alarm,Smoke alarm
1310170283925918533,Essentials,Essentials
1310170283925918533,Self check-in,Self check-in
1310170283925918533,Stove,Oven
1310170283925918533,Coffee,Coffee maker
1310170283925918533,Books and reading material,Books
1310170283925918533,Long term stays allowed,Long term stays
1310170283925918533,Refrigerator,Refrigerator
1310170283925918533,Fire extinguisher,Fire extinguisher
1310170283925918533,Wifi,WiFi
1310170283925918533,Air conditioning,Air conditioning
1310170283925918533,Board games,Board games
1310170283925918533,TV,TV
1310170283925918533,Iron,Iron
1310170283925918533,Heating,Heating
1310170283925918533,First aid kit,First aid kit
1310170283925918533,Free street parking,Parking
1310170283925918533,Microwave,Microwave
1310170283925918533,Hair dryer,Dryer
1310170283925918533,Kitchen,Kitchen
1319619558594743733,Smoke alarm,Smoke alarm
1319619558594743733,Wifi,WiFi
1319619558594743733,Paid parking on premises,Parking
1319619558594743733,Exterior security cameras on property,Lock
1319619558594743733,Kitchen,Kitchen
1319619558594743733,Carbon monoxide alarm,Carbon monoxide alarm
1319619558594743733,Dedicated workspace,Workspace
1319619558594743733,Self check-in,Self check-in
1319619558594743733,First aid kit,First aid kit
1319619558594743733,Washer,Washer
1319619558594743733,Fire extinguisher,Fire extinguisher
1319619558594743733,TV,TV
1319619558594743733,Hair dryer,Dryer
1319619558594743733,Iron,Iron
1319649416178819713,Bluetooth sound system,Sound system
1319649416178819713,Exterior security cameras on property,Lock
1319649416178819713,Carbon monoxide alarm,Carbon monoxide alarm
1319649416178819713,Hangers,Hangers
1319649416178819713,Hot water kettle,Other
1319649416178819713,Central heating,Heating
1319649416178819713,Electric stove,Oven
1319649416178819713,Smoke alarm,Smoke alarm
1319649416178819713,Coffee maker: pour-over coffee,Coffee maker
1319649416178819713,Free driveway parking on premises – 3 spaces,Parking
1319649416178819713,Self check-in,Self check-in
1319649416178819713,Dove body soap,Essentials
1319649416178819713,Long term stays allowed,Long term stays
1319649416178819713,Fire extinguisher,Fire extinguisher
1319649416178819713,Wifi,WiFi
1319649416178819713,Central air conditioning,Air conditioning
1319649416178819713,TV,TV
1319649416178819713,Iron,Iron
1319649416178819713,Frigidaire  refrigerator,Refrigerator
1319649416178819713,Dishwasher,Washer
1319649416178819713,Private patio or balcony,Patio
1319649416178819713,Microwave,Microwave
1319649416178819713,Pets allowed,Pets allowed
1319649416178819713,Kitchen,Kitchen
1325491259534107672,Carbon monoxide alarm,Carbon monoxide alarm
1325491259534107672,Hangers,Hangers
1325491259534107672,Central heating,Heating
1325491259534107672,Bed linens,Other
1325491259534107672,Smoke alarm,Smoke alarm
1325491259534107672,Essentials,Essentials
1325491259534107672,Refrigerator,Refrigerator
1325491259534107672,Fire extinguisher,Fire extinguisher
1325491259534107672,Wifi,WiFi
1325491259534107672,Coffee maker,Coffee maker
1325491259534107672,TV,TV
1325491259534107672,Free parking on premises,Parking
1325491259534107672,Oven,Oven
1325491259534107672,First aid kit,First aid kit
1325491259534107672,Microwave,Microwave
1325491259534107672,Kitchen,Kitchen
1328247359330291677,Carbon monoxide alarm,Carbon monoxide alarm
1328247359330291677,Dedicated workspace,Workspace
1328247359330291677,Dryer – In unit,Dryer
1328247359330291677,"Coffee maker: drip coffee maker, Keurig coffee machine",Coffee maker
1328247359330291677,Hot water,Other
1328247359330291677,Smoke alarm,Smoke alarm
1328247359330291677,Essentials,Essentials
1328247359330291677,Self check-in,Self check-in
1328247359330291677,Long term stays allowed,Long term stays
1328247359330291677,Fire extinguisher,Fire extinguisher
1328247359330291677,Wifi,WiFi
1328247359330291677,Air conditioning,Air conditioning
1328247359330291677,TV,TV
1328247359330291677,Kitchenette,Kitchen
1328247359330291677,Iron,Iron
1328247359330291677,Keypad,Lock
1328247359330291677,Washer – In unit,Washer
1328247359330291677,Heating,Heating
1328247359330291677,Paid parking lot off premises,Parking
1328247359330291677,First aid kit,First aid kit
1328247359330291677,Microwave,Microwave
1328401906195927790,Smoke alarm,Smoke alarm
1328401906195927790,Wifi,WiFi
1328401906195927790,Carbon monoxide alarm,Carbon monoxide alarm
1328401906195927790,Washer,Washer
1328401906195927790,TV,TV
1328401906195927790,Kitchen,Kitchen
1329355205441244604,Smoke alarm,Smoke alarm
1329355205441244604,Wifi,WiFi
1329355205441244604,Paid parking on premises,Parking
1329355205441244604,Exterior security cameras on property,Lock
1329355205441244604,Kitchen,Kitchen
1329355205441244604,Carbon monoxide alarm,Carbon monoxide alarm
1329355205441244604,Self check-in,Self check-in
1329355205441244604,First aid kit,First aid kit
1329355205441244604,Washer,Washer
1329355205441244604,TV,TV
1329355205441244604,Fire extinguisher,Fire extinguisher
1334238579190312184,Smart lock,Lock
1334238579190312184,Carbon monoxide alarm,Carbon monoxide alarm
1334238579190312184,Dedicated workspace,Workspace
1334238579190312184,Hangers,Hangers
1334238579190312184,Hot water kettle,Other
1334238579190312184,Stainless steel single oven,Oven
1334238579190312184,Shared backyard – Fully fenced,Garden
1334238579190312184,Smoke alarm,Smoke alarm
1334238579190312184,Essentials,Essentials
1334238579190312184,Self check-in,Self check-in
1334238579190312184,Coffee,Coffee maker
1334238579190312184,Long term stays allowed,Long term stays
1334238579190312184,Pack ’n play/Travel crib,Crib
1334238579190312184,Fire extinguisher,Fire extinguisher
1334238579190312184,Refrigerator,Refrigerator
1334238579190312184,Wifi,WiFi
1334238579190312184,Air conditioning,Air conditioning
1334238579190312184,Board games,Board games
1334238579190312184,Free washer – In building,Washer
1334238579190312184,Paid street parking off premises,Parking
1334238579190312184,TV,TV
1334238579190312184,Free dryer – In building,Dryer
1334238579190312184,Iron,Iron
1334238579190312184,Radiant heating,Heating
1334238579190312184,Private patio or balcony,Patio
1334238579190312184,First aid kit,First aid kit
1334238579190312184,Microwave,Microwave
1334238579190312184,Pets allowed,Pets allowed
1334238579190312184,Kitchen,Kitchen
1346801758960246004,Smoke alarm,Smoke alarm
1346801758960246004,Wifi,WiFi
1346801758960246004,Kitchen,Kitchen
1346801758960246004,Air conditioning,Air conditioning
1346801758960246004,Carbon monoxide alarm,Carbon monoxide alarm
1346801758960246004,Dishes and silverware,Other
1346801758960246004,Free dryer – In building,Dryer
1346801758960246004,Dishwasher,Washer
1346801758960246004,Self check-in,Self check-in
1346801758960246004,Microwave,Microwave
1346801758960246004,Pets allowed,Pets allowed
1346801758960246004,Lockbox,Lock
1346801758960246004,TV,TV
1346801758960246004,Free parking on premises,Parking
1346801758960246004,Iron,Iron
1346801758960246004,Coffee maker: drip coffee maker,Coffee maker
1350831900774924999,Exterior security cameras on property,Lock
1350831900774924999,Carbon monoxide alarm,Carbon monoxide alarm
1350831900774924999,Dedicated workspace,Workspace
1350831900774924999,Hangers,Hangers
1350831900774924999,Hot water kettle,Other
1350831900774924999,Electric stove,Oven
1350831900774924999,Smoke alarm,Smoke alarm
1350831900774924999,Self check-in,Self check-in
1350831900774924999,Refrigerator,Refrigerator
1350831900774924999,Fire extinguisher,Fire extinguisher
1350831900774924999,Wifi,WiFi
1350831900774924999,Air conditioning,Air conditioning
1350831900774924999,TV,TV
1350831900774924999,Iron,Iron
1350831900774924999,Free parking on premises,Parking
1350831900774924999,Free dryer – In unit,Dryer
1350831900774924999,Radiant heating,Heating
1350831900774924999,Dishwasher,Washer
1350831900774924999,Microwave,Microwave
1350831900774924999,Pets allowed,Pets allowed
1350831900774924999,Kitchen,Kitchen
1350872245042831459,Exterior security cameras on property,Lock
1350872245042831459,Carbon monoxide alarm,Carbon monoxide alarm
1350872245042831459,Hangers,Hangers
1350872245042831459,Central heating,Heating
1350872245042831459,Bed linens,Other
1350872245042831459,Stainless steel single oven,Oven
1350872245042831459,Smoke alarm,Smoke alarm
1350872245042831459,Coffee maker: Keurig coffee machine,Coffee maker
1350872245042831459,Shampoo,Essentials
1350872245042831459,Long term stays allowed,Long term stays
1350872245042831459,Refrigerator,Refrigerator
1350872245042831459,Fire extinguisher,Fire extinguisher
1350872245042831459,Wifi,WiFi
1350872245042831459,Air conditioning,Air conditioning
1350872245042831459,TV,TV
1350872245042831459,Iron,Iron
1350872245042831459,Free parking on premises,Parking
1350872245042831459,Free dryer – In unit,Dryer
1350872245042831459,Dishwasher,Washer
1350872245042831459,First aid kit,First aid kit
1350872245042831459,Microwave,Microwave
1350872245042831459,Pets allowed,Pets allowed
1350872245042831459,Kitchen,Kitchen
1358581858384454275,Carbon monoxide alarm,Carbon monoxide alarm
1358581858384454275,Dedicated workspace,Workspace
1358581858384454275,Hangers,Hangers
1358581858384454275,Dryer – In unit,Dryer
1358581858384454275,Electric stove,Oven
1358581858384454275,Room-darkening shades,Other
1358581858384454275,Smoke alarm,Smoke alarm
1358581858384454275,BBQ grill,BBQ grill
1358581858384454275,Whirlpool  refrigerator,Pool
1358581858384454275,Wifi,WiFi
1358581858384454275,Air conditioning,Air conditioning
1358581858384454275,TV,TV
1358581858384454275,Iron,Iron
1358581858384454275,Free parking on premises,Parking
1358581858384454275,Washer – In unit,Washer
1358581858384454275,Private backyard – Fully fenced,Garden
1358581858384454275,Radiant heating,Heating
1358581858384454275,Microwave,Microwave
1358581858384454275,Kitchen,Kitchen
1358581858384454275,Coffee maker: drip coffee maker,Coffee maker
1363867065584533091,Pool table,Pool
1363867065584533091,Exterior security cameras on property,Lock
1363867065584533091,Carbon monoxide alarm,Carbon monoxide alarm
1363867065584533091,Hangers,Hangers
1363867065584533091,Room-darkening shades,Other
1363867065584533091,Smoke alarm,Smoke alarm
1363867065584533091,Self check-in,Self check-in
1363867065584533091,Fire extinguisher,Fire extinguisher
1363867065584533091,Wifi,WiFi
1363867065584533091,Air conditioning,Air conditioning
1363867065584533091,Patio or balcony,Patio
1363867065584533091,First aid kit,First aid kit
1363867065584533091,Washer,Washer
1363867065584533091,Dryer,Dryer
1363867065584533091,Pets allowed,Pets allowed
1363867065584533091,Kitchen,Kitchen
1365428503448527322,Window AC unit,Air conditioning
1365428503448527322,Exterior security cameras on property,Lock
1365428503448527322,Carbon monoxide alarm,Carbon monoxide alarm
1365428503448527322,Dedicated workspace,Workspace
1365428503448527322,Hangers,Hangers
1365428503448527322,Fast wifi – 301 Mbps,WiFi
1365428503448527322,Hot water kettle,Other
1365428503448527322,Smoke alarm,Smoke alarm
1365428503448527322,Essentials,Essentials
1365428503448527322,Coffee maker: Keurig coffee machine,Coffee maker
1365428503448527322,Self check-in,Self check-in
1365428503448527322,Stove,Oven
1365428503448527322,Refrigerator,Refrigerator
1365428503448527322,"40 inch HDTV with Netflix, Hulu, Amazon Prime Video",TV
1365428503448527322,Iron,Iron
1365428503448527322,Free parking on premises,Parking
1365428503448527322,Heating,Heating
1365428503448527322,Microwave,Microwave
1365428503448527322,Hair dryer,Dryer
1365428503448527322,Kitchen,Kitchen
1366933239765507591,Smart lock,Lock
1366933239765507591,Carbon monoxide alarm,Carbon monoxide alarm
1366933239765507591,Dedicated workspace,Workspace
1366933239765507591,Hangers,Hangers
1366933239765507591,Bed linens,Other
1366933239765507591,Smoke alarm,Smoke alarm
1366933239765507591,Essentials,Essentials
1366933239765507591,Self check-in,Self check-in
1366933239765507591,Stove,Oven
1366933239765507591,TV with standard cable,TV
1366933239765507591,Coffee,Coffee maker
1366933239765507591,Refrigerator,Refrigerator
1366933239765507591,Fire extinguisher,Fire extinguisher
1366933239765507591,Free driveway parking on premises,Parking
1366933239765507591,Wifi,WiFi
1366933239765507591,Air conditioning,Air conditioning
1366933239765507591,Board games,Board games
1366933239765507591,Iron,Iron
1366933239765507591,Private backyard – Fully fenced,Garden
1366933239765507591,Heating,Heating
1366933239765507591,Dishwasher,Washer
1366933239765507591,First aid kit,First aid kit
1366933239765507591,Microwave,Microwave
1366933239765507591,Hair dryer,Dryer
1366933239765507591,Kitchen,Kitchen
1369127908322228929,Window AC unit,Air conditioning
1369127908322228929,Exterior security cameras on property,Lock
1369127908322228929,Carbon monoxide alarm,Carbon monoxide alarm
1369127908322228929,Hangers,Hangers
1369127908322228929,Backyard,Garden
1369127908322228929,Trash compactor,Other
1369127908322228929,Smoke alarm,Smoke alarm
1369127908322228929,Essentials,Essentials
1369127908322228929,Self check-in,Self check-in
1369127908322228929,Stove,Oven
1369127908322228929,Coffee,Coffee maker
1369127908322228929,Long term stays allowed,Long term stays
1369127908322228929,Refrigerator,Refrigerator
1369127908322228929,Fire extinguisher,Fire extinguisher
1369127908322228929,Wifi,WiFi
1369127908322228929,Free washer – In building,Washer
1369127908322228929,TV,TV
1369127908322228929,Iron,Iron
1369127908322228929,Free parking on premises,Parking
1369127908322228929,Heating,Heating
1369127908322228929,Dryer,Dryer
1369127908322228929,Microwave,Microwave
1369127908322228929,Kitchen,Kitchen
1369768924474303403,Gym nearby,Gym
1369768924474303403,Smart lock,Lock
1369768924474303403,Window AC unit,Air conditioning
1369768924474303403,Carbon monoxide alarm,Carbon monoxide alarm
1369768924474303403,Hangers,Hangers
1369768924474303403,Central heating,Heating
1369768924474303403,Hot water,Other
1369768924474303403,Smoke alarm,Smoke alarm
1369768924474303403,Essentials,Essentials
1369768924474303403,Self check-in,Self check-in
1369768924474303403,Refrigerator,Refrigerator
1369768924474303403,Fire extinguisher,Fire extinguisher
1369768924474303403,Wifi,WiFi
1369768924474303403,Private backyard,Garden
1369768924474303403,TV,TV
1369768924474303403,Coffee maker,Coffee maker
1369768924474303403,Iron,Iron
1369768924474303403,Free parking on premises,Parking
1369768924474303403,First aid kit,First aid kit
1369768924474303403,Microwave,Microwave
1369768924474303403,Hair dryer,Dryer
1369768924474303403,Kitchen,Kitchen
1371626040166892504,Exterior security cameras on property,Lock
1371626040166892504,Carbon monoxide alarm,Carbon monoxide alarm
1371626040166892504,Dedicated workspace,Workspace
1371626040166892504,Gas stove,Oven
1371626040166892504,Hangers,Hangers
1371626040166892504,Hot water kettle,Other
1371626040166892504,Paid dryer – In building,Dryer
1371626040166892504,Smoke alarm,Smoke alarm
1371626040166892504,Essentials,Essentials
1371626040166892504,Coffee maker: pour-over coffee,Coffee maker
1371626040166892504,Self check-in,Self check-in
1371626040166892504,Long term stays allowed,Long term stays
1371626040166892504,Refrigerator,Refrigerator
1371626040166892504,Paid washer – In building,Washer
1371626040166892504,Wifi,WiFi
1371626040166892504,Air conditioning,Air conditioning
1371626040166892504,TV,TV
1371626040166892504,Free parking on premises,Parking
1371626040166892504,Radiant heating,Heating
1371626040166892504,Private patio or balcony,Patio
1371626040166892504,Microwave,Microwave
1371626040166892504,Kitchen,Kitchen
1371829070623409671,Children’s dinnerware,Other
1371829070623409671,Carbon monoxide alarm,Carbon monoxide alarm
1371829070623409671,Hangers,Hangers
1371829070623409671,Backyard,Garden
1371829070623409671,Electric stove,Oven
1371829070623409671,Smoke alarm,Smoke alarm
1371829070623409671,Shampoo,Essentials
1371829070623409671,Self check-in,Self check-in
1371829070623409671,Books and reading material,Books
1371829070623409671,Long term stays allowed,Long term stays
1371829070623409671,Refrigerator,Refrigerator
1371829070623409671,Fire extinguisher,Fire extinguisher
1371829070623409671,Wifi,WiFi
1371829070623409671,Air conditioning,Air conditioning
1371829070623409671,Board games,Board games
1371829070623409671,TV,TV
1371829070623409671,Coffee maker,Coffee maker
1371829070623409671,Iron,Iron
1371829070623409671,Keypad,Lock
1371829070623409671,Radiant heating,Heating
1371829070623409671,First aid kit,First aid kit
1371829070623409671,Free street parking,Parking
1371829070623409671,Washer,Washer
1371829070623409671,Microwave,Microwave
1371829070623409671,Hair dryer,Dryer
1371829070623409671,Pets allowed,Pets allowed
1371829070623409671,Kitchen,Kitchen
1375007693720508441,Exterior security cameras on property,Lock
1375007693720508441,Carbon monoxide alarm,Carbon monoxide alarm
1375007693720508441,Dryer – In unit,Dryer
1375007693720508441,Hot water kettle,Other
1375007693720508441,Central heating,Heating
1375007693720508441,Smoke alarm,Smoke alarm
1375007693720508441,Stove,Oven
1375007693720508441,Fire extinguisher,Fire extinguisher
1375007693720508441,Wifi,WiFi
1375007693720508441,Central air conditioning,Air conditioning
1375007693720508441,TV,TV
1375007693720508441,Free parking on premises,Parking
1375007693720508441,Dishwasher,Washer
1375007693720508441,Private patio or balcony,Patio
1375007693720508441,First aid kit,First aid kit
1375007693720508441,BBQ grill: charcoal,BBQ grill
1375007693720508441,Kitchen,Kitchen
1376989617162173438,Carbon monoxide alarm,Carbon monoxide alarm
1376989617162173438,Dedicated workspace,Workspace
1376989617162173438,Hangers,Hangers
1376989617162173438,Hot water kettle,Other
1376989617162173438,Central heating,Heating
1376989617162173438,Electric stove,Oven
1376989617162173438,Smoke alarm,Smoke alarm
1376989617162173438,Shared patio or balcony,Patio
1376989617162173438,Coffee maker: Keurig coffee machine,Coffee maker
1376989617162173438,Shampoo,Essentials
1376989617162173438,Self check-in,Self check-in
1376989617162173438,Long term stays allowed,Long term stays
1376989617162173438,Refrigerator,Refrigerator
1376989617162173438,Wifi,WiFi
1376989617162173438,TV,TV
1376989617162173438,Keypad,Lock
1376989617162173438,Iron,Iron
1376989617162173438,Free parking on premises,Parking
1376989617162173438,Free dryer – In unit,Dryer
1376989617162173438,Washer,Washer
1376989617162173438,Microwave,Microwave
1376989617162173438,Kitchen,Kitchen
1377446918025263146,Exterior security cameras on property,Lock
1377446918025263146,Carbon monoxide alarm,Carbon monoxide alarm
1377446918025263146,Dedicated workspace,Workspace
1377446918025263146,Hangers,Hangers
1377446918025263146,Hot water kettle,Other
1377446918025263146,Smoke alarm,Smoke alarm
1377446918025263146,Essentials,Essentials
1377446918025263146,Coffee maker: pour-over coffee,Coffee maker
1377446918025263146,Self check-in,Self check-in
1377446918025263146,Stove,Oven
1377446918025263146,Long term stays allowed,Long term stays
1377446918025263146,Refrigerator,Refrigerator
1377446918025263146,Wifi,WiFi
1377446918025263146,Patio or balcony,Patio
1377446918025263146,TV,TV
1377446918025263146,Free parking on premises,Parking
1377446918025263146,Heating,Heating
1377446918025263146,Washer,Washer
1377446918025263146,Dryer,Dryer
1377446918025263146,Microwave,Microwave
1377446918025263146,Kitchen,Kitchen
1377471842094741150,Exterior security cameras on property,Lock
1377471842094741150,Carbon monoxide alarm,Carbon monoxide alarm
1377471842094741150,Dedicated workspace,Workspace
1377471842094741150,Hangers,Hangers
1377471842094741150,Hot water kettle,Other
1377471842094741150,Smoke alarm,Smoke alarm
1377471842094741150,Essentials,Essentials
1377471842094741150,Coffee maker: pour-over coffee,Coffee maker
1377471842094741150,Self check-in,Self check-in
1377471842094741150,Stove,Oven
1377471842094741150,Long term stays allowed,Long term stays
1377471842094741150,Refrigerator,Refrigerator
1377471842094741150,Wifi,WiFi
1377471842094741150,Air conditioning,Air conditioning
1377471842094741150,Patio or balcony,Patio
1377471842094741150,TV,TV
1377471842094741150,Free parking on premises,Parking
1377471842094741150,Heating,Heating
1377471842094741150,Washer,Washer
1377471842094741150,Dryer,Dryer
1377471842094741150,Microwave,Microwave
1377471842094741150,Kitchen,Kitchen
1377480167938312156,Exterior security cameras on property,Lock
1377480167938312156,Carbon monoxide alarm,Carbon monoxide alarm
1377480167938312156,Dedicated workspace,Workspace
1377480167938312156,Hangers,Hangers
1377480167938312156,Hot water kettle,Other
1377480167938312156,Smoke alarm,Smoke alarm
1377480167938312156,Essentials,Essentials
1377480167938312156,Coffee maker: pour-over coffee,Coffee maker
1377480167938312156,Self check-in,Self check-in
1377480167938312156,Stove,Oven
1377480167938312156,Long term stays allowed,Long term stays
1377480167938312156,Refrigerator,Refrigerator
1377480167938312156,Wifi,WiFi
1377480167938312156,Patio or balcony,Patio
1377480167938312156,TV,TV
1377480167938312156,Free parking on premises,Parking
1377480167938312156,Heating,Heating
1377480167938312156,Washer,Washer
1377480167938312156,Dryer,Dryer
1377480167938312156,Microwave,Microwave
1377480167938312156,Kitchen,Kitchen
1379906377578749938,Carbon monoxide alarm,Carbon monoxide alarm
1379906377578749938,Dedicated workspace,Workspace
1379906377578749938,Hangers,Hangers
1379906377578749938,Hot water kettle,Other
1379906377578749938,Smoke alarm,Smoke alarm
1379906377578749938,Coffee maker: Keurig coffee machine,Coffee maker
1379906377578749938,Shampoo,Essentials
1379906377578749938,Self check-in,Self check-in
1379906377578749938,Stove,Oven
1379906377578749938,Long term stays allowed,Long term stays
1379906377578749938,Refrigerator,Refrigerator
1379906377578749938,Wifi,WiFi
1379906377578749938,Air conditioning,Air conditioning
1379906377578749938,Patio or balcony,Patio
1379906377578749938,TV,TV
1379906377578749938,Keypad,Lock
1379906377578749938,Iron,Iron
1379906377578749938,Free parking on premises,Parking
1379906377578749938,Heating,Heating
1379906377578749938,Dryer,Dryer
1379906377578749938,Microwave,Microwave
1379906377578749938,Kitchen,Kitchen
1380555997747082021,Dedicated workspace,Workspace
1380555997747082021,Hangers,Hangers
1380555997747082021,Bed linens,Other
1380555997747082021,Smoke alarm,Smoke alarm
1380555997747082021,Coffee,Coffee maker
1380555997747082021,Fire extinguisher,Fire extinguisher
1380555997747082021,Wifi,WiFi
1380555997747082021,Air conditioning,Air conditioning
1380555997747082021,Body soap,Essentials
1380555997747082021,TV,TV
1380555997747082021,Free parking on premises,Parking
1380555997747082021,Heating,Heating
1380555997747082021,Washer,Washer
1380555997747082021,Gym,Gym
1381163571420241600,Dedicated workspace,Workspace
1381163571420241600,Hangers,Hangers
1381163571420241600,Hot water kettle,Other
1381163571420241600,Backyard,Garden
1381163571420241600,Shampoo,Essentials
1381163571420241600,Coffee,Coffee maker
1381163571420241600,Refrigerator,Refrigerator
1381163571420241600,Fire extinguisher,Fire extinguisher
1381163571420241600,Wifi,WiFi
1381163571420241600,Air conditioning,Air conditioning
1381163571420241600,TV,TV
1381163571420241600,Free parking on premises,Parking
1381163571420241600,Heating,Heating
1383513241348424944,Smart lock,Lock
1383513241348424944,Window AC unit,Air conditioning
1383513241348424944,Kitchen,Kitchen
1383513241348424944,Carbon monoxide alarm,Carbon monoxide alarm
1383513241348424944,Dedicated workspace,Workspace
1383513241348424944,Hangers,Hangers
1383513241348424944,Hot water kettle,Other
1383513241348424944,"Coffee maker: drip coffee maker, Keurig coffee machine",Coffee maker
1383513241348424944,Central heating,Heating
1383513241348424944,Stainless steel single oven,Oven
1383513241348424944,Free parking garage on premises – 1 space,Parking
1383513241348424944,Smoke alarm,Smoke alarm
1383513241348424944,Essentials,Essentials
1383513241348424944,Self check-in,Self check-in
1383513241348424944,Long term stays allowed,Long term stays
1383513241348424944,Refrigerator,Refrigerator
1383513241348424944,Fire extinguisher,Fire extinguisher
1383513241348424944,"75 inch HDTV with Amazon Prime Video, Apple TV, Disney+, Hulu, Netflix, Roku",TV
1383513241348424944,Board games,Board games
1383513241348424944,Iron,Iron
1383513241348424944,Fast wifi – 365 Mbps,WiFi
1383513241348424944,First aid kit,First aid kit
1383513241348424944,Microwave,Microwave
1383513241348424944,Hair dryer,Dryer
1383910626115273822,Exterior security cameras on property,Lock
1383910626115273822,Carbon monoxide alarm,Carbon monoxide alarm
1383910626115273822,Dedicated workspace,Workspace
1383910626115273822,Hangers,Hangers
1383910626115273822,Hot water kettle,Other
1383910626115273822,Smoke alarm,Smoke alarm
1383910626115273822,Essentials,Essentials
1383910626115273822,Coffee maker: pour-over coffee,Coffee maker
1383910626115273822,Self check-in,Self check-in
1383910626115273822,Stove,Oven
1383910626115273822,Long term stays allowed,Long term stays
1383910626115273822,Refrigerator,Refrigerator
1383910626115273822,Wifi,WiFi
1383910626115273822,Air conditioning,Air conditioning
1383910626115273822,Patio or balcony,Patio
1383910626115273822,TV,TV
1383910626115273822,Free parking on premises,Parking
1383910626115273822,Heating,Heating
1383910626115273822,Washer,Washer
1383910626115273822,Dryer,Dryer
1383910626115273822,Microwave,Microwave
1383910626115273822,Kitchen,Kitchen
1390171272060324410,Exterior security cameras on property,Lock
1390171272060324410,Carbon monoxide alarm,Carbon monoxide alarm
1390171272060324410,Dedicated workspace,Workspace
1390171272060324410,Hangers,Hangers
1390171272060324410,Central heating,Heating
1390171272060324410,Bed linens,Other
1390171272060324410,Smoke alarm,Smoke alarm
1390171272060324410,Essentials,Essentials
1390171272060324410,Shared patio or balcony,Patio
1390171272060324410,Self check-in,Self check-in
1390171272060324410,Long term stays allowed,Long term stays
1390171272060324410,Refrigerator,Refrigerator
1390171272060324410,Fire extinguisher,Fire extinguisher
1390171272060324410,Wifi,WiFi
1390171272060324410,Air conditioning,Air conditioning
1390171272060324410,Stainless steel induction stove,Oven
1390171272060324410,TV,TV
1390171272060324410,Free dryer – In building,Dryer
1390171272060324410,Iron,Iron
1390171272060324410,Free parking on premises,Parking
1390171272060324410,Dishwasher,Washer
1390171272060324410,First aid kit,First aid kit
1390171272060324410,Microwave,Microwave
1390171272060324410,Kitchen,Kitchen
1393472438317281309,Dedicated workspace,Workspace
1393472438317281309,Backyard,Garden
1393472438317281309,Bed linens,Other
1393472438317281309,Smoke alarm,Smoke alarm
1393472438317281309,Shampoo,Essentials
1393472438317281309,Coffee,Coffee maker
1393472438317281309,Wifi,WiFi
1393472438317281309,Air conditioning,Air conditioning
1393472438317281309,TV,TV
1393472438317281309,Free parking on premises,Parking
1393472438317281309,Heating,Heating
1393472438317281309,BBQ grill,BBQ grill
1393472438317281309,Kitchen,Kitchen
1393482542585537728,Dedicated workspace,Workspace
1393482542585537728,Hangers,Hangers
1393482542585537728,Hot water kettle,Other
1393482542585537728,Smoke alarm,Smoke alarm
1393482542585537728,Shampoo,Essentials
1393482542585537728,Coffee,Coffee maker
1393482542585537728,Refrigerator,Refrigerator
1393482542585537728,Wifi,WiFi
1393482542585537728,Air conditioning,Air conditioning
1393482542585537728,Patio or balcony,Patio
1393482542585537728,TV,TV
1393482542585537728,Kitchenette,Kitchen
1393482542585537728,Free parking on premises,Parking
1393482542585537728,Heating,Heating
1393482542585537728,Washer,Washer
1393489507693048211,Dedicated workspace,Workspace
1393489507693048211,Hangers,Hangers
1393489507693048211,Hot water kettle,Other
1393489507693048211,Smoke alarm,Smoke alarm
1393489507693048211,Shampoo,Essentials
1393489507693048211,Coffee,Coffee maker
1393489507693048211,Wifi,WiFi
1393489507693048211,Air conditioning,Air conditioning
1393489507693048211,TV,TV
1393489507693048211,Free parking on premises,Parking
1393489507693048211,Heating,Heating
1393489507693048211,Washer,Washer
1393489507693048211,Kitchen,Kitchen
1393634713342137582,Dedicated workspace,Workspace
1393634713342137582,Hangers,Hangers
1393634713342137582,Hot water kettle,Other
1393634713342137582,Smoke alarm,Smoke alarm
1393634713342137582,Shampoo,Essentials
1393634713342137582,Coffee,Coffee maker
1393634713342137582,Refrigerator,Refrigerator
1393634713342137582,Wifi,WiFi
1393634713342137582,Air conditioning,Air conditioning
1393634713342137582,TV,TV
1393634713342137582,Free parking on premises,Parking
1393634713342137582,Heating,Heating
1393634936904017469,Exterior security cameras on property,Lock
1393634936904017469,Carbon monoxide alarm,Carbon monoxide alarm
1393634936904017469,Dedicated workspace,Workspace
1393634936904017469,Hangers,Hangers
1393634936904017469,Central heating,Heating
1393634936904017469,Bed linens,Other
1393634936904017469,Stainless steel single oven,Oven
1393634936904017469,Smoke alarm,Smoke alarm
1393634936904017469,Essentials,Essentials
1393634936904017469,Shared patio or balcony,Patio
1393634936904017469,Self check-in,Self check-in
1393634936904017469,Long term stays allowed,Long term stays
1393634936904017469,Refrigerator,Refrigerator
1393634936904017469,Fire extinguisher,Fire extinguisher
1393634936904017469,Wifi,WiFi
1393634936904017469,Air conditioning,Air conditioning
1393634936904017469,TV,TV
1393634936904017469,Coffee maker,Coffee maker
1393634936904017469,Free dryer – In building,Dryer
1393634936904017469,Iron,Iron
1393634936904017469,Free parking on premises,Parking
1393634936904017469,Dishwasher,Washer
1393634936904017469,First aid kit,First aid kit
1393634936904017469,Microwave,Microwave
1393634936904017469,Kitchen,Kitchen
1393638070589049592,Dedicated workspace,Workspace
1393638070589049592,Hot water kettle,Other
1393638070589049592,Smoke alarm,Smoke alarm
1393638070589049592,Shampoo,Essentials
1393638070589049592,Refrigerator,Refrigerator
1393638070589049592,Wifi,WiFi
1393638070589049592,Air conditioning,Air conditioning
1393638070589049592,TV,TV
1393638070589049592,Free parking on premises,Parking
1393638070589049592,Heating,Heating
1393638070589049592,Microwave,Microwave
1393638070589049592,Kitchen,Kitchen
1395671676833912969,Exterior security cameras on property,Lock
1395671676833912969,Carbon monoxide alarm,Carbon monoxide alarm
1395671676833912969,Hot water kettle,Other
1395671676833912969,Central heating,Heating
1395671676833912969,Smoke alarm,Smoke alarm
1395671676833912969,BBQ grill,BBQ grill
1395671676833912969,Fire extinguisher,Fire extinguisher
1395671676833912969,Wifi,WiFi
1395671676833912969,Air conditioning,Air conditioning
1395671676833912969,GE refrigerator,Refrigerator
1395671676833912969,TV,TV
1395671676833912969,First aid kit,First aid kit
1395671676833912969,Microwave,Microwave
1395671676833912969,Pets allowed,Pets allowed
1395671676833912969,Hair dryer,Dryer
1395671676833912969,Kitchen,Kitchen
1395671676833912969,Coffee maker: drip coffee maker,Coffee maker
1396921235971014566,Exterior security cameras on property,Lock
1396921235971014566,Carbon monoxide alarm,Carbon monoxide alarm
1396921235971014566,Dedicated workspace,Workspace
1396921235971014566,Hangers,Hangers
1396921235971014566,Bed linens,Other
1396921235971014566,Smoke alarm,Smoke alarm
1396921235971014566,Essentials,Essentials
1396921235971014566,Self check-in,Self check-in
1396921235971014566,Stove,Oven
1396921235971014566,Coffee,Coffee maker
1396921235971014566,Long term stays allowed,Long term stays
1396921235971014566,Refrigerator,Refrigerator
1396921235971014566,Fire extinguisher,Fire extinguisher
1396921235971014566,Wifi,WiFi
1396921235971014566,Air conditioning,Air conditioning
1396921235971014566,Patio or balcony,Patio
1396921235971014566,TV,TV
1396921235971014566,Iron,Iron
1396921235971014566,Free parking on premises,Parking
1396921235971014566,Heating,Heating
1396921235971014566,Dishwasher,Washer
1396921235971014566,Dryer,Dryer
1396921235971014566,Microwave,Microwave
1396921235971014566,Kitchen,Kitchen
1402461183704514588,Exterior security cameras on property,Lock
1402461183704514588,Carbon monoxide alarm,Carbon monoxide alarm
1402461183704514588,Gas stove,Oven
1402461183704514588,Hangers,Hangers
1402461183704514588,Room-darkening shades,Other
1402461183704514588,Smoke alarm,Smoke alarm
1402461183704514588,BBQ grill,BBQ grill
1402461183704514588,Long term stays allowed,Long term stays
1402461183704514588,Refrigerator,Refrigerator
1402461183704514588,Fire extinguisher,Fire extinguisher
1402461183704514588,Wifi,WiFi
1402461183704514588,Air conditioning,Air conditioning
1402461183704514588,TV,TV
1402461183704514588,Private backyard – Fully fenced,Garden
1402461183704514588,Free dryer – In unit,Dryer
1402461183704514588,Radiant heating,Heating
1402461183704514588,Dishwasher,Washer
1402461183704514588,First aid kit,First aid kit
1402461183704514588,Free street parking,Parking
1402461183704514588,Microwave,Microwave
1402461183704514588,Kitchen,Kitchen
1405327220192978468,Smoke alarm,Smoke alarm
1405327220192978468,Wifi,WiFi
1405327220192978468,Outdoor dining area,Other
1405327220192978468,Kitchen,Kitchen
1405327220192978468,Air conditioning,Air conditioning
1405327220192978468,Carbon monoxide alarm,Carbon monoxide alarm
1405327220192978468,First aid kit,First aid kit
1405327220192978468,Washer,Washer
1405327220192978468,Lock on bedroom door,Lock
1405327220192978468,TV,TV
1405327220192978468,BBQ grill,BBQ grill
1405327220192978468,Fire extinguisher,Fire extinguisher
1405768102601327206,Paid parking on premises,Parking
1405768102601327206,Exterior security cameras on property,Lock
1405768102601327206,Carbon monoxide alarm,Carbon monoxide alarm
1405768102601327206,Dedicated workspace,Workspace
1405768102601327206,Central heating,Heating
1405768102601327206,Bed linens,Other
1405768102601327206,Smoke alarm,Smoke alarm
1405768102601327206,Essentials,Essentials
1405768102601327206,Shared patio or balcony,Patio
1405768102601327206,Coffee maker: Keurig coffee machine,Coffee maker
1405768102601327206,Self check-in,Self check-in
1405768102601327206,Stove,Oven
1405768102601327206,Long term stays allowed,Long term stays
1405768102601327206,Fire extinguisher,Fire extinguisher
1405768102601327206,Wifi,WiFi
1405768102601327206,Air conditioning,Air conditioning
1405768102601327206,TV,TV
1405768102601327206,Free dryer – In unit,Dryer
1405768102601327206,Dishwasher,Washer
1405768102601327206,First aid kit,First aid kit
1405768102601327206,Microwave,Microwave
1405768102601327206,Kitchen,Kitchen
1409646921435856252,Smart lock,Lock
1409646921435856252,AC - split type ductless system,Air conditioning
1409646921435856252,Carbon monoxide alarm,Carbon monoxide alarm
1409646921435856252,Hangers,Hangers
1409646921435856252,Hot water,Other
1409646921435856252,Electric stove,Oven
1409646921435856252,Smoke alarm,Smoke alarm
1409646921435856252,Coffee maker: Keurig coffee machine,Coffee maker
1409646921435856252,Shampoo,Essentials
1409646921435856252,Self check-in,Self check-in
1409646921435856252,Refrigerator,Refrigerator
1409646921435856252,Fire extinguisher,Fire extinguisher
1409646921435856252,Wifi,WiFi
1409646921435856252,Free washer – In building,Washer
1409646921435856252,Free dryer – In building,Dryer
1409646921435856252,50 inch TV with Roku,TV
1409646921435856252,Heating - split type ductless system,Heating
1409646921435856252,Free street parking,Parking
1409646921435856252,Microwave,Microwave
1409646921435856252,Kitchen,Kitchen
1414503206938039174,Exterior security cameras on property,Lock
1414503206938039174,Carbon monoxide alarm,Carbon monoxide alarm
1414503206938039174,Bed linens,Other
1414503206938039174,Smoke alarm,Smoke alarm
1414503206938039174,Coffee maker: Keurig coffee machine,Coffee maker
1414503206938039174,Self check-in,Self check-in
1414503206938039174,Clothing storage: closet and dresser,Hangers
1414503206938039174,Fire extinguisher,Fire extinguisher
1414503206938039174,Wifi,WiFi
1414503206938039174,Air conditioning,Air conditioning
1414503206938039174,TV,TV
1414503206938039174,Heating,Heating
1414503206938039174,Oven,Oven
1414503206938039174,Free street parking,Parking
1414503206938039174,Microwave,Microwave
1414503206938039174,Kitchen,Kitchen
1415956224087762543,Smart lock,Lock
1415956224087762543,Carbon monoxide alarm,Carbon monoxide alarm
1415956224087762543,Bed linens,Other
1415956224087762543,Smoke alarm,Smoke alarm
1415956224087762543,Essentials,Essentials
1415956224087762543,Self check-in,Self check-in
1415956224087762543,Coffee,Coffee maker
1415956224087762543,Books and reading material,Books
1415956224087762543,Refrigerator,Refrigerator
1415956224087762543,Fire extinguisher,Fire extinguisher
1415956224087762543,Wifi,WiFi
1415956224087762543,Air conditioning,Air conditioning
1415956224087762543,TV,TV
1415956224087762543,Iron,Iron
1415956224087762543,Washer – In unit,Washer
1415956224087762543,Heating,Heating
1415956224087762543,Dryer,Dryer
1415956224087762543,Microwave,Microwave
1415956224087762543,Pets allowed,Pets allowed
1415956224087762543,Kitchen,Kitchen
1417686058428307591,Smoke alarm,Smoke alarm
1417686058428307591,Heating,Heating
1417686058428307591,Wifi,WiFi
1417686058428307591,Outdoor dining area,Other
1417686058428307591,BBQ grill,BBQ grill
1417686058428307591,Shampoo,Essentials
1417686058428307591,Carbon monoxide alarm,Carbon monoxide alarm
1417686058428307591,Kitchen,Kitchen
1417686058428307591,First aid kit,First aid kit
1417686058428307591,Washer,Washer
1417686058428307591,Hair dryer,Dryer
1417686058428307591,TV,TV
1417686058428307591,Free parking on premises,Parking
1417686058428307591,Fire extinguisher,Fire extinguisher
1419803505997334256,Smoke alarm,Smoke alarm
1419803505997334256,Wifi,WiFi
1419803505997334256,Exterior security cameras on property,Lock
1419803505997334256,Air conditioning,Air conditioning
1419803505997334256,Carbon monoxide alarm,Carbon monoxide alarm
1419803505997334256,Dedicated workspace,Workspace
1419803505997334256,Kitchen,Kitchen
1419803505997334256,Washer,Washer
1419803505997334256,43 inch TV,TV
1419803505997334256,Free parking on premises,Parking
1419803505997334256,Fire extinguisher,Fire extinguisher
1429997390383679972,Smart lock,Lock
1429997390383679972,Carbon monoxide alarm,Carbon monoxide alarm
1429997390383679972,Dedicated workspace,Workspace
1429997390383679972,Hangers,Hangers
1429997390383679972,Hot water kettle,Other
1429997390383679972,Backyard,Garden
1429997390383679972,Barbecue utensils,BBQ grill
1429997390383679972,Smoke alarm,Smoke alarm
1429997390383679972,Essentials,Essentials
1429997390383679972,Self check-in,Self check-in
1429997390383679972,Pack ’n play/Travel crib - always at the listing,Crib
1429997390383679972,Stove,Oven
1429997390383679972,Coffee,Coffee maker
1429997390383679972,Books and reading material,Books
1429997390383679972,Long term stays allowed,Long term stays
1429997390383679972,Refrigerator,Refrigerator
1429997390383679972,Fire extinguisher,Fire extinguisher
1429997390383679972,Wifi,WiFi
1429997390383679972,Air conditioning,Air conditioning
1429997390383679972,Board games,Board games
1429997390383679972,Folding or convertible high chair - always at the listing,High chair
1429997390383679972,"Hot tub - available all year, open 24 hours",Hot tub
1429997390383679972,Iron,Iron
1429997390383679972,Free parking on premises,Parking
1429997390383679972,Heating,Heating
1429997390383679972,Dishwasher,Washer
1429997390383679972,First aid kit,First aid kit
1429997390383679972,Exercise equipment,Gym
1429997390383679972,Dryer,Dryer
1429997390383679972,65 inch HDTV with Roku,TV
1429997390383679972,Microwave,Microwave
1429997390383679972,Pets allowed,Pets allowed
1429997390383679972,Kitchen,Kitchen
1430417055174000914,Gas stove,Oven
1430417055174000914,Hangers,Hangers
1430417055174000914,Hot water kettle,Other
1430417055174000914,Central heating,Heating
1430417055174000914,Smoke alarm,Smoke alarm
1430417055174000914,Coffee maker: Keurig coffee machine,Coffee maker
1430417055174000914,Shampoo,Essentials
1430417055174000914,Books and reading material,Books
1430417055174000914,Refrigerator,Refrigerator
1430417055174000914,Wifi,WiFi
1430417055174000914,Air conditioning,Air conditioning
1430417055174000914,TV,TV
1430417055174000914,Iron,Iron
1430417055174000914,Paid parking lot off premises,Parking
1430417055174000914,Free dryer – In unit,Dryer
1430417055174000914,Dishwasher,Washer
1430417055174000914,Microwave,Microwave
1430417055174000914,Kitchen,Kitchen
1432721201430838386,Smoke alarm,Smoke alarm
1432721201430838386,Wifi,WiFi
1432721201430838386,Exterior security cameras on property,Lock
1432721201430838386,Air conditioning,Air conditioning
1432721201430838386,Carbon monoxide alarm,Carbon monoxide alarm
1432721201430838386,Kitchen,Kitchen
1432721201430838386,Self check-in,Self check-in
1432721201430838386,Washer,Washer
1432721201430838386,Pets allowed,Pets allowed
1432721201430838386,TV,TV
1432721201430838386,Free parking on premises,Parking
1432721201430838386,Fire extinguisher,Fire extinguisher
1432823196473666155,Smoke alarm,Smoke alarm
1432823196473666155,Wifi,WiFi
1432823196473666155,Kitchen,Kitchen
1432823196473666155,Air conditioning,Air conditioning
1432823196473666155,Carbon monoxide alarm,Carbon monoxide alarm
1432823196473666155,First aid kit,First aid kit
1432823196473666155,Washer,Washer
1432823196473666155,Indoor fireplace,Heating
1432823196473666155,TV,TV
1432823196473666155,Fire extinguisher,Fire extinguisher
1434108183586713709,Dedicated workspace,Workspace
1434108183586713709,Hangers,Hangers
1434108183586713709,Hot water kettle,Other
1434108183586713709,Shampoo,Essentials
1434108183586713709,Coffee,Coffee maker
1434108183586713709,Wifi,WiFi
1434108183586713709,Air conditioning,Air conditioning
1434108183586713709,TV,TV
1434108183586713709,Free parking on premises,Parking
1434108183586713709,Heating,Heating
1434108183586713709,Kitchen,Kitchen
1434112653259573474,Dedicated workspace,Workspace
1434112653259573474,Hangers,Hangers
1434112653259573474,Hot water kettle,Other
1434112653259573474,Coffee,Coffee maker
1434112653259573474,Wifi,WiFi
1434112653259573474,Air conditioning,Air conditioning
1434112653259573474,Body soap,Essentials
1434112653259573474,Patio or balcony,Patio
1434112653259573474,TV,TV
1434112653259573474,Free parking on premises,Parking
1434112653259573474,Heating,Heating
1434112653259573474,Kitchen,Kitchen
1435590570769303352,Smart lock,Lock
1435590570769303352,Window AC unit,Air conditioning
1435590570769303352,Carbon monoxide alarm,Carbon monoxide alarm
1435590570769303352,Dedicated workspace,Workspace
1435590570769303352,Hangers,Hangers
1435590570769303352,Hot water kettle,Other
1435590570769303352,Smoke alarm,Smoke alarm
1435590570769303352,Self check-in,Self check-in
1435590570769303352,Stove,Oven
1435590570769303352,Coffee,Coffee maker
1435590570769303352,Books and reading material,Books
1435590570769303352,Refrigerator,Refrigerator
1435590570769303352,Wifi,WiFi
1435590570769303352,TV,TV
1435590570769303352,Iron,Iron
1435590570769303352,Heating,Heating
1435590570769303352,Free street parking,Parking
1435590570769303352,Microwave,Microwave
1435590570769303352,Hair dryer,Dryer
1435590570769303352,Kitchen,Kitchen
1435797229942642808,Smoke alarm,Smoke alarm
1435797229942642808,Wifi,WiFi
1435797229942642808,Kitchen,Kitchen
1435797229942642808,Air conditioning,Air conditioning
1435797229942642808,Carbon monoxide alarm,Carbon monoxide alarm
1435797229942642808,Dedicated workspace,Workspace
1435797229942642808,First aid kit,First aid kit
1435797229942642808,Washer,Washer
1435797229942642808,TV,TV
1435797229942642808,Fire extinguisher,Fire extinguisher
1439472202376740681,Paid parking on premises,Parking
1439472202376740681,Smart lock,Lock
1439472202376740681,Carbon monoxide alarm,Carbon monoxide alarm
1439472202376740681,Dedicated workspace,Workspace
1439472202376740681,Gas stove,Oven
1439472202376740681,Hangers,Hangers
1439472202376740681,Hot water kettle,Other
1439472202376740681,Shared backyard – Fully fenced,Garden
1439472202376740681,Smoke alarm,Smoke alarm
1439472202376740681,Essentials,Essentials
1439472202376740681,Self check-in,Self check-in
1439472202376740681,Coffee,Coffee maker
1439472202376740681,Pack ’n play/Travel crib - available upon request,Crib
1439472202376740681,Long term stays allowed,Long term stays
1439472202376740681,Refrigerator,Refrigerator
1439472202376740681,Fire extinguisher,Fire extinguisher
1439472202376740681,Wifi,WiFi
1439472202376740681,Air conditioning,Air conditioning
1439472202376740681,TV,TV
1439472202376740681,Iron,Iron
1439472202376740681,Free dryer – In unit,Dryer
1439472202376740681,Radiant heating,Heating
1439472202376740681,Dishwasher,Washer
1439472202376740681,Private patio or balcony,Patio
1439472202376740681,First aid kit,First aid kit
1439472202376740681,Microwave,Microwave
1439472202376740681,Pets allowed,Pets allowed
1439472202376740681,Kitchen,Kitchen
1441615290727481693,Smoke alarm,Smoke alarm
1441615290727481693,Wifi,WiFi
1441615290727481693,Exterior security cameras on property,Lock
1441615290727481693,Carbon monoxide alarm,Carbon monoxide alarm
1441615290727481693,Washer,Washer
1441615290727481693,Free parking on premises,Parking
1441615290727481693,Kitchen,Kitchen
1447202556849361134,Exterior security cameras on property,Lock
1447202556849361134,Carbon monoxide alarm,Carbon monoxide alarm
1447202556849361134,Dedicated workspace,Workspace
1447202556849361134,Hangers,Hangers
1447202556849361134,Hot water kettle,Other
1447202556849361134,Electric stove,Oven
1447202556849361134,Smoke alarm,Smoke alarm
1447202556849361134,Self check-in,Self check-in
1447202556849361134,Long term stays allowed,Long term stays
1447202556849361134,Refrigerator,Refrigerator
1447202556849361134,Fire extinguisher,Fire extinguisher
1447202556849361134,Wifi,WiFi
1447202556849361134,Air conditioning,Air conditioning
1447202556849361134,Free parking on premises – 1 space,Parking
1447202556849361134,TV,TV
1447202556849361134,Free dryer – In building,Dryer
1447202556849361134,Iron,Iron
1447202556849361134,Radiant heating,Heating
1447202556849361134,Dishwasher,Washer
1447202556849361134,Microwave,Microwave
1447202556849361134,Kitchen,Kitchen
1448501719166920474,Exterior security cameras on property,Lock
1448501719166920474,Carbon monoxide alarm,Carbon monoxide alarm
1448501719166920474,Hangers,Hangers
1448501719166920474,Hot water kettle,Other
1448501719166920474,Smoke alarm,Smoke alarm
1448501719166920474,Shampoo,Essentials
1448501719166920474,Stove,Oven
1448501719166920474,Coffee,Coffee maker
1448501719166920474,Refrigerator,Refrigerator
1448501719166920474,Fire extinguisher,Fire extinguisher
1448501719166920474,Wifi,WiFi
1448501719166920474,Air conditioning,Air conditioning
1448501719166920474,TV,TV
1448501719166920474,Iron,Iron
1448501719166920474,Heating,Heating
1448501719166920474,Dishwasher,Washer
1448501719166920474,First aid kit,First aid kit
1448501719166920474,Dryer,Dryer
1448501719166920474,Microwave,Microwave
1448501719166920474,Pets allowed,Pets allowed
1448501719166920474,Kitchen,Kitchen
1450136720901316807,Carbon monoxide alarm,Carbon monoxide alarm
1450136720901316807,Free dryer,Dryer
1450136720901316807,Hangers,Hangers
1450136720901316807,Smoking allowed,Smoking allowed
1450136720901316807,Electric stove,Oven
1450136720901316807,Bed linens,Other
1450136720901316807,Smoke alarm,Smoke alarm
1450136720901316807,Long term stays allowed,Long term stays
1450136720901316807,Refrigerator,Refrigerator
1450136720901316807,Fire extinguisher,Fire extinguisher
1450136720901316807,Wifi,WiFi
1450136720901316807,Air conditioning,Air conditioning
1450136720901316807,Body soap,Essentials
1450136720901316807,Patio or balcony,Patio
1450136720901316807,TV,TV
1450136720901316807,Iron,Iron
1450136720901316807,Free parking on premises,Parking
1450136720901316807,Radiant heating,Heating
1450136720901316807,First aid kit,First aid kit
1450136720901316807,Washer,Washer
1450136720901316807,Microwave,Microwave
1450136720901316807,Pets allowed,Pets allowed
1450136720901316807,Kitchen,Kitchen
1450136720901316807,Coffee maker: drip coffee maker,Coffee maker
1450156329560932974,Carbon monoxide alarm,Carbon monoxide alarm
1450156329560932974,Hangers,Hangers
1450156329560932974,Smoking allowed,Smoking allowed
1450156329560932974,Bed linens,Other
1450156329560932974,Dryer – In building,Dryer
1450156329560932974,Smoke alarm,Smoke alarm
1450156329560932974,Stove,Oven
1450156329560932974,Long term stays allowed,Long term stays
1450156329560932974,Refrigerator,Refrigerator
1450156329560932974,Fire extinguisher,Fire extinguisher
1450156329560932974,Wifi,WiFi
1450156329560932974,Air conditioning,Air conditioning
1450156329560932974,Body soap,Essentials
1450156329560932974,TV,TV
1450156329560932974,Coffee maker,Coffee maker
1450156329560932974,Free parking on premises,Parking
1450156329560932974,Heating,Heating
1450156329560932974,Private patio or balcony,Patio
1450156329560932974,First aid kit,First aid kit
1450156329560932974,Washer,Washer
1450156329560932974,Microwave,Microwave
1450156329560932974,Pets allowed,Pets allowed
1450156329560932974,Kitchen,Kitchen
1453492870365548802,Heating,Heating
1453492870365548802,Wifi,WiFi
1453492870365548802,Shampoo,Essentials
1453492870365548802,Air conditioning,Air conditioning
1453492870365548802,Dedicated workspace,Workspace
1453492870365548802,Hangers,Hangers
1453492870365548802,Bidet,Other
1453492870365548802,TV with standard cable,TV
1453492870365548802,Pets allowed,Pets allowed
1453492932761928507,Heating,Heating
1453492932761928507,Wifi,WiFi
1453492932761928507,Shampoo,Essentials
1453492932761928507,Air conditioning,Air conditioning
1453492932761928507,Dedicated workspace,Workspace
1453492932761928507,Hangers,Hangers
1453492932761928507,Bidet,Other
1453492932761928507,TV with standard cable,TV
1453492932761928507,Microwave,Microwave
1453492932761928507,Refrigerator,Refrigerator
1453492932761928507,Pets allowed,Pets allowed
1453493003584640545,Heating,Heating
1453493003584640545,Wifi,WiFi
1453493003584640545,Shampoo,Essentials
1453493003584640545,Air conditioning,Air conditioning
1453493003584640545,Dedicated workspace,Workspace
1453493003584640545,Hangers,Hangers
1453493003584640545,Bidet,Other
1453493003584640545,TV with standard cable,TV
1453493003584640545,Microwave,Microwave
1453493003584640545,Refrigerator,Refrigerator
1453493003584640545,Pets allowed,Pets allowed
1453613438210134104,Heating,Heating
1453613438210134104,Wifi,WiFi
1453613438210134104,Shampoo,Essentials
1453613438210134104,Air conditioning,Air conditioning
1453613438210134104,Dedicated workspace,Workspace
1453613438210134104,Hangers,Hangers
1453613438210134104,Bidet,Other
1453613438210134104,TV with standard cable,TV
1453613438210134104,Pets allowed,Pets allowed
1454413975547667690,Wifi,WiFi
1454413975547667690,Air conditioning,Air conditioning
1454413975547667690,Dedicated workspace,Workspace
1454413975547667690,TV,TV
1454413975547667690,Free parking on premises,Parking
1454413975547667690,Kitchen,Kitchen
1454415655361201543,Dedicated workspace,Workspace
1454415655361201543,Hangers,Hangers
1454415655361201543,Hot water kettle,Other
1454415655361201543,Backyard,Garden
1454415655361201543,Smoke alarm,Smoke alarm
1454415655361201543,Coffee,Coffee maker
1454415655361201543,Refrigerator,Refrigerator
1454415655361201543,Wifi,WiFi
1454415655361201543,Air conditioning,Air conditioning
1454415655361201543,TV,TV
1454415655361201543,Free parking on premises,Parking
1454415655361201543,Heating,Heating
1454415655361201543,First aid kit,First aid kit
1454417108090792705,Dedicated workspace,Workspace
1454417108090792705,Hangers,Hangers
1454417108090792705,Hot water kettle,Other
1454417108090792705,Backyard,Garden
1454417108090792705,Shampoo,Essentials
1454417108090792705,Coffee,Coffee maker
1454417108090792705,Refrigerator,Refrigerator
1454417108090792705,Wifi,WiFi
1454417108090792705,Air conditioning,Air conditioning
1454417108090792705,TV,TV
1454417108090792705,Free parking on premises,Parking
1454417108090792705,Heating,Heating
1454417108090792705,Microwave,Microwave
1454418356838968327,Dedicated workspace,Workspace
1454418356838968327,Hangers,Hangers
1454418356838968327,Hot water kettle,Other
1454418356838968327,Smoke alarm,Smoke alarm
1454418356838968327,Shampoo,Essentials
1454418356838968327,Coffee,Coffee maker
1454418356838968327,Wifi,WiFi
1454418356838968327,Air conditioning,Air conditioning
1454418356838968327,TV,TV
1454418356838968327,Free parking on premises,Parking
1454418356838968327,Heating,Heating
1454418356838968327,First aid kit,First aid kit
1455799924350084157,Smoke alarm,Smoke alarm
1455799924350084157,Wifi,WiFi
1455799924350084157,Air conditioning,Air conditioning
1455799924350084157,Carbon monoxide alarm,Carbon monoxide alarm
1455799924350084157,First aid kit,First aid kit
1455799924350084157,Washer,Washer
1455799924350084157,Indoor fireplace,Heating
1455799924350084157,TV,TV
1455799924350084157,Fire extinguisher,Fire extinguisher
1456068648939807762,Window AC unit,Air conditioning
1456068648939807762,Carbon monoxide alarm,Carbon monoxide alarm
1456068648939807762,Hangers,Hangers
1456068648939807762,Electric stove,Oven
1456068648939807762,Smoke alarm,Smoke alarm
1456068648939807762,Freezer,Other
1456068648939807762,Shared patio or balcony,Patio
1456068648939807762,Long term stays allowed,Long term stays
1456068648939807762,Refrigerator,Refrigerator
1456068648939807762,Fire extinguisher,Fire extinguisher
1456068648939807762,Wifi,WiFi
1456068648939807762,Lock on bedroom door,Lock
1456068648939807762,TV,TV
1456068648939807762,Radiant heating,Heating
1456068648939807762,Free street parking,Parking
1456068648939807762,Microwave,Microwave
1456068648939807762,Kitchen,Kitchen
1459126168828019962,Exterior security cameras on property,Lock
1459126168828019962,Carbon monoxide alarm,Carbon monoxide alarm
1459126168828019962,Dedicated workspace,Workspace
1459126168828019962,Hangers,Hangers
1459126168828019962,Bed linens,Other
1459126168828019962,Smoke alarm,Smoke alarm
1459126168828019962,Essentials,Essentials
1459126168828019962,Books and reading material,Books
1459126168828019962,Wifi,WiFi
1459126168828019962,Air conditioning,Air conditioning
1459126168828019962,TV,TV
1459126168828019962,Iron,Iron
1459126168828019962,Free parking on premises,Parking
1459126168828019962,Heating,Heating
1459126168828019962,Washer,Washer
1459126168828019962,Dryer,Dryer
1459718314728545998,Smoke alarm,Smoke alarm
1459718314728545998,Heating,Heating
1459718314728545998,Wifi,WiFi
1459718314728545998,Paid parking on premises,Parking
1459718314728545998,Cooking basics,Other
1459718314728545998,Exterior security cameras on property,Lock
1459718314728545998,Air conditioning,Air conditioning
1459718314728545998,Carbon monoxide alarm,Carbon monoxide alarm
1459718314728545998,Dedicated workspace,Workspace
1459718314728545998,Kitchen,Kitchen
1459718314728545998,Self check-in,Self check-in
1459718314728545998,First aid kit,First aid kit
1459718314728545998,TV,TV
1459718314728545998,Fire extinguisher,Fire extinguisher
1462505515338851900,Smart lock,Lock
1462505515338851900,Carbon monoxide alarm,Carbon monoxide alarm
1462505515338851900,Hangers,Hangers
1462505515338851900,Hot water kettle,Other
1462505515338851900,Smoke alarm,Smoke alarm
1462505515338851900,Coffee maker: Keurig coffee machine,Coffee maker
1462505515338851900,Shampoo,Essentials
1462505515338851900,Self check-in,Self check-in
1462505515338851900,Stove,Oven
1462505515338851900,Books and reading material,Books
1462505515338851900,Long term stays allowed,Long term stays
1462505515338851900,Refrigerator,Refrigerator
1462505515338851900,Fire extinguisher,Fire extinguisher
1462505515338851900,Wifi,WiFi
1462505515338851900,Air conditioning,Air conditioning
1462505515338851900,Private backyard,Garden
1462505515338851900,TV,TV
1462505515338851900,Free dryer – In building,Dryer
1462505515338851900,Iron,Iron
1462505515338851900,Free parking on premises,Parking
1462505515338851900,Radiant heating,Heating
1462505515338851900,Dishwasher,Washer
1462505515338851900,First aid kit,First aid kit
1462505515338851900,Microwave,Microwave
1462505515338851900,Pets allowed,Pets allowed
1462505515338851900,Kitchen,Kitchen
1464782804892875821,Smart lock,Lock
1464782804892875821,Carbon monoxide alarm,Carbon monoxide alarm
1464782804892875821,Hangers,Hangers
1464782804892875821,Hot water kettle,Other
1464782804892875821,Sound system,Sound system
1464782804892875821,Smoke alarm,Smoke alarm
1464782804892875821,Shampoo,Essentials
1464782804892875821,Self check-in,Self check-in
1464782804892875821,Stove,Oven
1464782804892875821,Coffee,Coffee maker
1464782804892875821,Books and reading material,Books
1464782804892875821,Refrigerator,Refrigerator
1464782804892875821,Fire extinguisher,Fire extinguisher
1464782804892875821,Wifi,WiFi
1464782804892875821,Air conditioning,Air conditioning
1464782804892875821,TV,TV
1464782804892875821,Free dryer – In building,Dryer
1464782804892875821,Iron,Iron
1464782804892875821,Free parking on premises,Parking
1464782804892875821,Heating,Heating
1464782804892875821,Dishwasher,Washer
1464782804892875821,First aid kit,First aid kit
1464782804892875821,Microwave,Microwave
1464782804892875821,Pets allowed,Pets allowed
1464782804892875821,Kitchen,Kitchen
1465797274904716360,Smoke alarm,Smoke alarm
1465797274904716360,Wifi,WiFi
1465797274904716360,Outdoor dining area,Other
1465797274904716360,Exterior security cameras on property,Lock
1465797274904716360,Air conditioning,Air conditioning
1465797274904716360,Carbon monoxide alarm,Carbon monoxide alarm
1465797274904716360,Dedicated workspace,Workspace
1465797274904716360,Kitchen,Kitchen
1465797274904716360,First aid kit,First aid kit
1465797274904716360,Washer,Washer
1465797274904716360,Pets allowed,Pets allowed
1465797274904716360,TV,TV
1465797274904716360,Free parking on premises,Parking
1465797274904716360,Fire extinguisher,Fire extinguisher
1468113967156529966,Heating,Heating
1468113967156529966,Wifi,WiFi
1468113967156529966,Dining table,Other
1468113967156529966,Air conditioning,Air conditioning
1468113967156529966,Dedicated workspace,Workspace
1468113967156529966,Hangers,Hangers
1468113967156529966,Free parking on premises,Parking
1468113967156529966,TV,TV
1468116522806636814,Heating,Heating
1468116522806636814,Wifi,WiFi
1468116522806636814,Shower gel,Other
1468116522806636814,Shampoo,Essentials
1468116522806636814,Air conditioning,Air conditioning
1468116522806636814,Dedicated workspace,Workspace
1468116522806636814,Hangers,Hangers
1468116522806636814,Free parking on premises,Parking
1468116522806636814,Microwave,Microwave
1468116522806636814,TV,TV
1468119019136340688,Heating,Heating
1468119019136340688,Wifi,WiFi
1468119019136340688,Shower gel,Other
1468119019136340688,Shampoo,Essentials
1468119019136340688,Air conditioning,Air conditioning
1468119019136340688,Dedicated workspace,Workspace
1468119019136340688,Hangers,Hangers
1468119019136340688,Free parking on premises,Parking
1468119019136340688,Microwave,Microwave
1468119019136340688,TV,TV
1468802371483451790,Smoke alarm,Smoke alarm
1468802371483451790,Wifi,WiFi
1468802371483451790,Air conditioning,Air conditioning
1468802371483451790,Carbon monoxide alarm,Carbon monoxide alarm
1468802371483451790,First aid kit,First aid kit
1468802371483451790,TV,TV
1468802371483451790,Free parking on premises,Parking
1468802371483451790,Kitchen,Kitchen
1470493488040078187,Smoke alarm,Smoke alarm
1470493488040078187,Wifi,WiFi
1470493488040078187,Exterior security cameras on property,Lock
1470493488040078187,Air conditioning,Air conditioning
1470493488040078187,Carbon monoxide alarm,Carbon monoxide alarm
1470493488040078187,Dedicated workspace,Workspace
1470493488040078187,Kitchen,Kitchen
1470493488040078187,Pets allowed,Pets allowed
1470493488040078187,TV,TV
1470493488040078187,Free parking on premises,Parking
1470493488040078187,Fire extinguisher,Fire extinguisher
1472122509160785254,Carbon monoxide alarm,Carbon monoxide alarm
1472122509160785254,Dedicated workspace,Workspace
1472122509160785254,Hangers,Hangers
1472122509160785254,Hot water kettle,Other
1472122509160785254,Backyard,Garden
1472122509160785254,Lockbox,Lock
1472122509160785254,Smoke alarm,Smoke alarm
1472122509160785254,Essentials,Essentials
1472122509160785254,BBQ grill,BBQ grill
1472122509160785254,Coffee maker: Keurig coffee machine,Coffee maker
1472122509160785254,Self check-in,Self check-in
1472122509160785254,Stove,Oven
1472122509160785254,Long term stays allowed,Long term stays
1472122509160785254,Refrigerator,Refrigerator
1472122509160785254,Fire extinguisher,Fire extinguisher
1472122509160785254,Wifi,WiFi
1472122509160785254,Air conditioning,Air conditioning
1472122509160785254,TV,TV
1472122509160785254,Iron,Iron
1472122509160785254,Free parking on premises,Parking
1472122509160785254,Heating,Heating
1472122509160785254,Dishwasher,Washer
1472122509160785254,First aid kit,First aid kit
1472122509160785254,Dryer,Dryer
1472122509160785254,Microwave,Microwave
1472122509160785254,Pets allowed,Pets allowed
1472122509160785254,Kitchen,Kitchen
1473485941065182946,Smoke alarm,Smoke alarm
1473485941065182946,Wifi,WiFi
1473485941065182946,Freezer,Other
1473485941065182946,Exterior security cameras on property,Lock
1473485941065182946,Air conditioning,Air conditioning
1473485941065182946,Carbon monoxide alarm,Carbon monoxide alarm
1473485941065182946,Dedicated workspace,Workspace
1473485941065182946,Oven,Oven
1473485941065182946,First aid kit,First aid kit
1473485941065182946,Washer,Washer
1473485941065182946,Refrigerator,Refrigerator
1473485941065182946,Kitchen,Kitchen
1473500943932986440,Smoke alarm,Smoke alarm
1473500943932986440,Wifi,WiFi
1473500943932986440,Freezer,Other
1473500943932986440,Exterior security cameras on property,Lock
1473500943932986440,Air conditioning,Air conditioning
1473500943932986440,Carbon monoxide alarm,Carbon monoxide alarm
1473500943932986440,Dedicated workspace,Workspace
1473500943932986440,First aid kit,First aid kit
1473500943932986440,Stove,Oven
1473500943932986440,Washer,Washer
1473500943932986440,Refrigerator,Refrigerator
1473500943932986440,Kitchen,Kitchen
1473509751949424528,Smoke alarm,Smoke alarm
1473509751949424528,Wifi,WiFi
1473509751949424528,Exterior security cameras on property,Lock
1473509751949424528,Air conditioning,Air conditioning
1473509751949424528,Carbon monoxide alarm,Carbon monoxide alarm
1473509751949424528,Dedicated workspace,Workspace
1473509751949424528,First aid kit,First aid kit
1473509751949424528,Washer,Washer
1473509751949424528,Free parking on premises,Parking
1473509751949424528,Kitchen,Kitchen
1476084665532782592,Smoke alarm,Smoke alarm
1476084665532782592,Wifi,WiFi
1476084665532782592,Exterior security cameras on property,Lock
1476084665532782592,Air conditioning,Air conditioning
1476084665532782592,Carbon monoxide alarm,Carbon monoxide alarm
1476084665532782592,Dedicated workspace,Workspace
1476084665532782592,Self check-in,Self check-in
1476084665532782592,First aid kit,First aid kit
1476084665532782592,Washer,Washer
1476084665532782592,Free parking on premises,Parking
1476084665532782592,Kitchen,Kitchen
1476780998285613744,Smart lock,Lock
1476780998285613744,Paid parking lot on premises – 1 space,Parking
1476780998285613744,Carbon monoxide alarm,Carbon monoxide alarm
1476780998285613744,Dedicated workspace,Workspace
1476780998285613744,Gas stove,Oven
1476780998285613744,Room-darkening shades,Other
1476780998285613744,Smoke alarm,Smoke alarm
1476780998285613744,Coffee maker: Keurig coffee machine,Coffee maker
1476780998285613744,Self check-in,Self check-in
1476780998285613744,Long term stays allowed,Long term stays
1476780998285613744,Refrigerator,Refrigerator
1476780998285613744,Fire extinguisher,Fire extinguisher
1476780998285613744,Elevator,Elevator
1476780998285613744,Wifi,WiFi
1476780998285613744,Air conditioning,Air conditioning
1476780998285613744,TV,TV
1476780998285613744,Iron,Iron
1476780998285613744,Heating,Heating
1476780998285613744,Dishwasher,Washer
1476780998285613744,Dryer,Dryer
1476780998285613744,Microwave,Microwave
1476780998285613744,Pets allowed,Pets allowed
1476780998285613744,Kitchen,Kitchen
1477111453930200793,Pool table,Pool
1477111453930200793,Exterior security cameras on property,Lock
1477111453930200793,Carbon monoxide alarm,Carbon monoxide alarm
1477111453930200793,Dedicated workspace,Workspace
1477111453930200793,Hot water kettle,Other
1477111453930200793,Central heating,Heating
1477111453930200793,LG refrigerator,Refrigerator
1477111453930200793,Clothing storage: walk-in closet and closet,Hangers
1477111453930200793,Smoke alarm,Smoke alarm
1477111453930200793,Essentials,Essentials
1477111453930200793,Samsung stainless steel gas stove,Oven
1477111453930200793,Coffee,Coffee maker
1477111453930200793,Long term stays allowed,Long term stays
1477111453930200793,Fire extinguisher,Fire extinguisher
1477111453930200793,Wifi,WiFi
1477111453930200793,Air conditioning,Air conditioning
1477111453930200793,TV,TV
1477111453930200793,Free dryer – In building,Dryer
1477111453930200793,Iron,Iron
1477111453930200793,Free parking on premises,Parking
1477111453930200793,Dishwasher,Washer
1477111453930200793,First aid kit,First aid kit
1477111453930200793,Pets allowed,Pets allowed
1477111453930200793,Kitchen,Kitchen
1477115953609986339,Smoke alarm,Smoke alarm
1477115953609986339,Wifi,WiFi
1477115953609986339,Kitchen,Kitchen
1477115953609986339,Air conditioning,Air conditioning
1477115953609986339,Carbon monoxide alarm,Carbon monoxide alarm
1477115953609986339,Dedicated workspace,Workspace
1477115953609986339,First aid kit,First aid kit
1477115953609986339,Washer,Washer
1477115953609986339,TV,TV
1477115953609986339,Fire extinguisher,Fire extinguisher
1477468172276783780,Exterior security cameras on property,Lock
1477468172276783780,Carbon monoxide alarm,Carbon monoxide alarm
1477468172276783780,Dedicated workspace,Workspace
1477468172276783780,Hot water kettle,Other
1477468172276783780,Smoke alarm,Smoke alarm
1477468172276783780,Self check-in,Self check-in
1477468172276783780,Stove,Oven
1477468172276783780,Books and reading material,Books
1477468172276783780,Refrigerator,Refrigerator
1477468172276783780,Wifi,WiFi
1477468172276783780,Air conditioning,Air conditioning
1477468172276783780,Free parking on premises,Parking
1477468172276783780,Heating,Heating
1477468172276783780,First aid kit,First aid kit
1477468172276783780,Washer,Washer
1477468172276783780,Kitchen,Kitchen
1479180592963909643,Smoke alarm,Smoke alarm
1479180592963909643,Wifi,WiFi
1479180592963909643,Cooking basics,Other
1479180592963909643,Exterior security cameras on property,Lock
1479180592963909643,Dishwasher,Washer
1479180592963909643,Carbon monoxide alarm,Carbon monoxide alarm
1479180592963909643,Self check-in,Self check-in
1479180592963909643,Coffee maker,Coffee maker
1479180592963909643,Free parking on premises,Parking
1479180592963909643,Kitchen,Kitchen
1479696659954496070,Exterior security cameras on property,Lock
1479696659954496070,Carbon monoxide alarm,Carbon monoxide alarm
1479696659954496070,Dedicated workspace,Workspace
1479696659954496070,Hangers,Hangers
1479696659954496070,Bed linens,Other
1479696659954496070,Smoke alarm,Smoke alarm
1479696659954496070,Shampoo,Essentials
1479696659954496070,Stove,Oven
1479696659954496070,Coffee,Coffee maker
1479696659954496070,Refrigerator,Refrigerator
1479696659954496070,Wifi,WiFi
1479696659954496070,Air conditioning,Air conditioning
1479696659954496070,TV,TV
1479696659954496070,Iron,Iron
1479696659954496070,Free parking on premises,Parking
1479696659954496070,Heating,Heating
1479696659954496070,Dishwasher,Washer
1479696659954496070,Dryer,Dryer
1479696659954496070,Microwave,Microwave
1479696659954496070,Pets allowed,Pets allowed
1479696659954496070,Kitchen,Kitchen
1481862654824444067,Dedicated workspace,Workspace
1481862654824444067,Hangers,Hangers
1481862654824444067,Hot water kettle,Other
1481862654824444067,Shampoo,Essentials
1481862654824444067,Coffee,Coffee maker
1481862654824444067,Refrigerator,Refrigerator
1481862654824444067,Wifi,WiFi
1481862654824444067,Air conditioning,Air conditioning
1481862654824444067,TV,TV
1481862654824444067,Free parking on premises,Parking
1481862654824444067,Heating,Heating
1481862654824444067,Microwave,Microwave
1481865863422349835,Wifi,WiFi
1481865863422349835,Air conditioning,Air conditioning
1481865863422349835,Dedicated workspace,Workspace
1481865863422349835,TV,TV
1481865863422349835,Free parking on premises,Parking
1481869272871304149,Wifi,WiFi
1481869272871304149,Air conditioning,Air conditioning
1481869272871304149,Dedicated workspace,Workspace
1481869272871304149,TV,TV
1481869272871304149,Free parking on premises,Parking
1482199242377376639,Wifi,WiFi
1482199242377376639,Air conditioning,Air conditioning
1482199242377376639,Dedicated workspace,Workspace
1482199242377376639,TV,TV
1482199242377376639,Free parking on premises,Parking
1484941170076843642,Smoke alarm,Smoke alarm
1484941170076843642,Wifi,WiFi
1484941170076843642,Air conditioning,Air conditioning
1484941170076843642,Dedicated workspace,Workspace
1484941170076843642,First aid kit,First aid kit
1484941170076843642,Exercise equipment,Gym
1484941170076843642,Washer,Washer
1484941170076843642,Lock on bedroom door,Lock
1484941170076843642,TV,TV
1484941170076843642,BBQ grill,BBQ grill
1484941170076843642,Kitchen,Kitchen
1485723149961736573,Dedicated workspace,Workspace
1485723149961736573,Hangers,Hangers
1485723149961736573,Hot water kettle,Other
1485723149961736573,Shampoo,Essentials
1485723149961736573,Coffee,Coffee maker
1485723149961736573,Wifi,WiFi
1485723149961736573,Air conditioning,Air conditioning
1485723149961736573,TV,TV
1485723149961736573,Free parking on premises,Parking
1485723149961736573,Heating,Heating
1485723149961736573,Microwave,Microwave
1485726503410193437,Dedicated workspace,Workspace
1485726503410193437,Hangers,Hangers
1485726503410193437,Hot water kettle,Other
1485726503410193437,Backyard,Garden
1485726503410193437,Shampoo,Essentials
1485726503410193437,Coffee,Coffee maker
1485726503410193437,Refrigerator,Refrigerator
1485726503410193437,Wifi,WiFi
1485726503410193437,Air conditioning,Air conditioning
1485726503410193437,TV,TV
1485726503410193437,Free parking on premises,Parking
1485726503410193437,Heating,Heating
1485726503410193437,Microwave,Microwave
1486971933919777260,Smoke alarm,Smoke alarm
1486971933919777260,Wifi,WiFi
1486971933919777260,Window AC unit,Air conditioning
1486971933919777260,Exterior security cameras on property,Lock
1486971933919777260,Kitchen,Kitchen
1486971933919777260,Carbon monoxide alarm,Carbon monoxide alarm
1486971933919777260,Dedicated workspace,Workspace
1486971933919777260,Dishes and silverware,Other
1486971933919777260,Gas stove,Oven
1486971933919777260,Hangers,Hangers
1486971933919777260,Coffee maker: Keurig coffee machine,Coffee maker
1486971933919777260,TV,TV
1486971933919777260,Fire extinguisher,Fire extinguisher
1498161268794053659,Exterior security cameras on property,Lock
1498161268794053659,Carbon monoxide alarm,Carbon monoxide alarm
1498161268794053659,Dedicated workspace,Workspace
1498161268794053659,Electric stove,Oven
1498161268794053659,Bed linens,Other
1498161268794053659,Smoke alarm,Smoke alarm
1498161268794053659,Essentials,Essentials
1498161268794053659,Coffee maker: Keurig coffee machine,Coffee maker
1498161268794053659,Self check-in,Self check-in
1498161268794053659,Books and reading material,Books
1498161268794053659,Long term stays allowed,Long term stays
1498161268794053659,Refrigerator,Refrigerator
1498161268794053659,Fire extinguisher,Fire extinguisher
1498161268794053659,Wifi,WiFi
1498161268794053659,TV,TV
1498161268794053659,Radiant heating,Heating
1498161268794053659,Crib - available upon request,Crib
1498161268794053659,Free street parking,Parking
1498161268794053659,Microwave,Microwave
1498161268794053659,Kitchen,Kitchen
1498884258657376096,Dedicated workspace,Workspace
1498884258657376096,Hangers,Hangers
1498884258657376096,Central heating,Heating
1498884258657376096,Smoke alarm,Smoke alarm
1498884258657376096,Freezer,Other
1498884258657376096,Wifi,WiFi
1498884258657376096,Air conditioning,Air conditioning
1498884258657376096,Lock on bedroom door,Lock
1498884258657376096,Free dryer – In building,Dryer
1498884258657376096,Iron,Iron
1498884258657376096,Oven,Oven
1498884258657376096,First aid kit,First aid kit
1498884258657376096,Free street parking,Parking
1498884258657376096,Washer,Washer
1498884258657376096,Microwave,Microwave
1498884258657376096,BBQ grill,BBQ grill
1498884258657376096,Kitchen,Kitchen
1503537470526077849,Smoke alarm,Smoke alarm
1503537470526077849,Wifi,WiFi
1503537470526077849,Smart lock,Lock
1503537470526077849,Air conditioning,Air conditioning
1503537470526077849,Carbon monoxide alarm,Carbon monoxide alarm
1503537470526077849,Self check-in,Self check-in
1503537470526077849,Pets allowed,Pets allowed
1503537470526077849,TV,TV
1503537470526077849,Kitchen,Kitchen
