EVENT_NAME,EVENT_TYPE,IMPACT,PLACE_ID,EVENT_DATE
Music Festival in Schenectady (USA),Festival,High,Broadway_Schenectady_USA,2017-07-31 00:00:00
Football Match in Schenectady (USA),Sports,Low,Broadway_Schenectady_USA,2022-10-03 00:00:00
Rock Concert in Troy (USA),Concert,High,LarkSt_Troy_USA,2019-03-25 00:00:00
Music Festival in Troy (USA),Festival,Low,LarkSt_Troy_USA,2016-12-12 00:00:00
Rock Concert in Troy (USA),Concert,High,StateSt_Troy_USA,2016-09-22 00:00:00
Pop Music Live in Troy (USA),Concert,Low,StateSt_Troy_USA,2019-07-14 00:00:00
Tech Conference in Albany (USA),Conference,Low,LarkSt_Albany_USA,2022-04-29 00:00:00
Heritage Day in Albany (USA),Holiday,Medium,LarkSt_Albany_USA,2016-03-28 00:00:00
Music Festival in Albany (USA),Festival,Medium,SouthSt_Albany_USA,2015-08-01 00:00:00
Startup Meetup in Troy (USA),Conference,Low,ParkAve_Troy_USA,2022-09-05 00:00:00
Rock Concert in Albany (USA),Concert,Medium,MadisonAve_Albany_USA,2015-05-19 00:00:00
Startup Meetup in Albany (USA),Conference,High,StateSt_Albany_USA,2016-08-26 00:00:00
Music Festival in Albany (USA),Festival,High,StateSt_Albany_USA,2017-01-19 00:00:00
Food Festival in Albany (USA),Festival,Low,HudsonAve_Albany_USA,2018-10-04 00:00:00
Heritage Day in Albany (USA),Holiday,Low,DelawareAve_Albany_USA,2018-08-25 00:00:00
Basketball Tournament in Albany (USA),Sports,High,PearlSt_Albany_USA,2024-12-31 00:00:00
Food Festival in Albany (USA),Festival,High,PearlSt_Albany_USA,2022-09-03 00:00:00
Football Match in Albany (USA),Sports,Medium,PearlSt_Albany_USA,2018-10-02 00:00:00
Classical Concert in Troy (USA),Concert,High,JaySt_Troy_USA,2018-02-18 00:00:00
Heritage Day in Albany (USA),Holiday,Low,SouthSt_Albany_USA,2016-11-11 00:00:00
Business Summit in Troy (USA),Conference,High,PearlSt_Troy_USA,2020-02-04 00:00:00
City Anniversary in Troy (USA),Holiday,Low,PearlSt_Troy_USA,2017-06-19 00:00:00
Jazz Night in Troy (USA),Concert,High,WashingtonAve_Troy_USA,2021-01-19 00:00:00
City Anniversary in Troy (USA),Holiday,Medium,WashingtonAve_Troy_USA,2016-12-15 00:00:00
Local Holiday in Albany (USA),Holiday,Low,WashingtonAve_Albany_USA,2024-02-26 00:00:00
Food Festival in Albany (USA),Festival,High,WashingtonAve_Albany_USA,2016-04-16 00:00:00
Local Holiday in Schenectady (USA),Holiday,Medium,TenBroeckSt_Schenectady_USA,2018-10-11 00:00:00
Pop Music Live in Schenectady (USA),Concert,High,TenBroeckSt_Schenectady_USA,2017-04-25 00:00:00
Music Festival in Troy (USA),Festival,High,SouthSt_Troy_USA,2024-06-02 00:00:00
Jazz Night in Troy (USA),Concert,High,SouthSt_Troy_USA,2018-04-24 00:00:00
National Celebration in Schenectady (USA),Holiday,Medium,DelawareAve_Schenectady_USA,2014-07-14 00:00:00
Business Summit in Albany (USA),Conference,High,DelawareAve_Albany_USA,2024-09-24 00:00:00
Cultural Festival in Albany (USA),Festival,High,DelawareAve_Albany_USA,2020-03-10 00:00:00
Football Match in Troy (USA),Sports,Medium,JaySt_Troy_USA,2023-01-18 00:00:00
Marathon in Troy (USA),Sports,High,JaySt_Troy_USA,2018-02-17 00:00:00
Music Festival in Albany (USA),Festival,Medium,TenBroeckSt_Albany_USA,2024-05-08 00:00:00
Marathon in Albany (USA),Sports,Low,JaySt_Albany_USA,2024-05-05 00:00:00
Music Festival in Schenectady (USA),Festival,High,LarkSt_Schenectady_USA,2019-12-12 00:00:00
Food Festival in Schenectady (USA),Festival,Low,LarkSt_Schenectady_USA,2021-11-23 00:00:00
Classical Concert in Albany (USA),Concert,Medium,PearlSt_Albany_USA,2020-05-31 00:00:00
National Celebration in Albany (USA),Holiday,High,ClintonAve_Albany_USA,2022-12-19 00:00:00
Basketball Tournament in Albany (USA),Sports,Medium,ClintonAve_Albany_USA,2025-08-28 00:00:00
AI Congress in Albany (USA),Conference,High,CentralAve_Albany_USA,2019-07-24 00:00:00
Food Festival in Albany (USA),Festival,Low,CentralAve_Albany_USA,2015-03-20 00:00:00
Food Festival in Albany (USA),Festival,High,JaySt_Albany_USA,2016-12-19 00:00:00
Food Festival in Troy (USA),Festival,Low,ParkAve_Troy_USA,2024-08-25 00:00:00
Cultural Festival in Troy (USA),Festival,Low,ParkAve_Troy_USA,2020-04-05 00:00:00
National Celebration in Troy (USA),Holiday,High,ClintonAve_Troy_USA,2015-12-24 00:00:00
Pop Music Live in Troy (USA),Concert,Low,PearlSt_Troy_USA,2023-04-18 00:00:00
City Anniversary in Troy (USA),Holiday,Low,PearlSt_Troy_USA,2015-07-22 00:00:00
Heritage Day in Albany (USA),Holiday,Medium,MadisonAve_Albany_USA,2019-02-08 00:00:00
Local Holiday in Albany (USA),Holiday,High,MadisonAve_Albany_USA,2021-10-28 00:00:00
Music Festival in Albany (USA),Festival,Medium,NorthSt_Albany_USA,2022-08-30 00:00:00
Tech Conference in Albany (USA),Conference,Low,NorthSt_Albany_USA,2016-08-23 00:00:00
National Celebration in Albany (USA),Holiday,Medium,ParkAve_Albany_USA,2016-07-21 00:00:00
AI Congress in Albany (USA),Conference,Low,ParkAve_Albany_USA,2024-04-20 00:00:00
Rock Concert in Albany (USA),Concert,Low,StateSt_Albany_USA,2021-10-23 00:00:00
Music Festival in Troy (USA),Festival,Low,Broadway_Troy_USA,2016-05-12 00:00:00
City Anniversary in Troy (USA),Holiday,Medium,Broadway_Troy_USA,2016-11-22 00:00:00
Food Festival in Albany (USA),Festival,Medium,LarkSt_Albany_USA,2014-07-09 00:00:00
AI Congress in Troy (USA),Conference,Medium,ParkAve_Troy_USA,2019-03-29 00:00:00
Pop Music Live in Troy (USA),Concert,Low,PearlSt_Troy_USA,2016-08-16 00:00:00
Business Summit in Troy (USA),Conference,Low,PearlSt_Troy_USA,2020-12-28 00:00:00
Rock Concert in Albany (USA),Concert,High,WesternAve_Albany_USA,2018-01-05 00:00:00
Music Festival in Albany (USA),Festival,High,WesternAve_Albany_USA,2019-11-04 00:00:00
Classical Concert in Albany (USA),Concert,Low,PearlSt_Albany_USA,2025-04-09 00:00:00
Rock Concert in Albany (USA),Concert,Low,PearlSt_Albany_USA,2015-04-07 00:00:00
Food Festival in Albany (USA),Festival,Medium,LarkSt_Albany_USA,2015-11-04 00:00:00
Classical Concert in Albany (USA),Concert,High,LarkSt_Albany_USA,2021-03-01 00:00:00
Film Festival in Troy (USA),Festival,High,ClintonAve_Troy_USA,2021-01-15 00:00:00
Jazz Night in Troy (USA),Concert,Medium,ClintonAve_Troy_USA,2016-10-14 00:00:00
Business Summit in Troy (USA),Conference,Medium,ParkAve_Troy_USA,2018-12-08 00:00:00
Basketball Tournament in Troy (USA),Sports,Medium,ParkAve_Troy_USA,2018-01-16 00:00:00
Rock Concert in Albany (USA),Concert,Low,ParkAve_Albany_USA,2020-07-11 00:00:00
Business Summit in Albany (USA),Conference,Medium,Broadway_Albany_USA,2024-05-17 00:00:00
Food Festival in Albany (USA),Festival,Medium,Broadway_Albany_USA,2017-09-10 00:00:00
Jazz Night in Albany (USA),Concert,High,CentralAve_Albany_USA,2025-07-12 00:00:00
Rock Concert in Schenectady (USA),Concert,High,NorthSt_Schenectady_USA,2023-08-29 00:00:00
Jazz Night in Schenectady (USA),Concert,High,NorthSt_Schenectady_USA,2015-08-29 00:00:00
Music Festival in Albany (USA),Festival,High,Broadway_Albany_USA,2020-09-13 00:00:00
Business Summit in Troy (USA),Conference,High,StateSt_Troy_USA,2018-05-05 00:00:00
AI Congress in Albany (USA),Conference,Medium,ParkAve_Albany_USA,2024-08-25 00:00:00
Music Festival in Albany (USA),Festival,High,ParkAve_Albany_USA,2019-03-31 00:00:00
Music Festival in Schenectady (USA),Festival,Medium,DelawareAve_Schenectady_USA,2023-02-22 00:00:00
Business Summit in Albany (USA),Conference,High,LarkSt_Albany_USA,2019-06-14 00:00:00
Pop Music Live in Albany (USA),Concert,High,LarkSt_Albany_USA,2014-08-09 00:00:00
Marathon in Albany (USA),Sports,Medium,ClintonAve_Albany_USA,2021-01-10 00:00:00
Classical Concert in Albany (USA),Concert,Medium,ClintonAve_Albany_USA,2015-12-05 00:00:00
Tech Conference in Albany (USA),Conference,Medium,SouthSt_Albany_USA,2016-11-07 00:00:00
Marathon in Albany (USA),Sports,Medium,HudsonAve_Albany_USA,2023-03-31 00:00:00
Pop Music Live in Albany (USA),Concert,High,HudsonAve_Albany_USA,2022-11-25 00:00:00
Food Festival in Albany (USA),Festival,High,PearlSt_Albany_USA,2024-11-11 00:00:00
National Celebration in Troy (USA),Holiday,Medium,LarkSt_Troy_USA,2016-04-13 00:00:00
Film Festival in Schenectady (USA),Festival,Low,SouthSt_Schenectady_USA,2024-02-15 00:00:00
National Celebration in Schenectady (USA),Holiday,Low,SouthSt_Schenectady_USA,2023-08-27 00:00:00
Startup Meetup in Albany (USA),Conference,Low,NorthSt_Albany_USA,2016-12-30 00:00:00
Triathlon in Albany (USA),Sports,Medium,JaySt_Albany_USA,2017-08-15 00:00:00
Cultural Festival in Albany (USA),Festival,Medium,JaySt_Albany_USA,2021-09-09 00:00:00
Heritage Day in Albany (USA),Holiday,Low,MadisonAve_Albany_USA,2015-10-16 00:00:00
Business Summit in Albany (USA),Conference,High,MadisonAve_Albany_USA,2025-04-16 00:00:00
Music Festival in Troy (USA),Festival,High,DelawareAve_Troy_USA,2019-05-15 00:00:00
AI Congress in Schenectady (USA),Conference,High,WesternAve_Schenectady_USA,2025-07-14 00:00:00
Film Festival in Albany (USA),Festival,High,HudsonAve_Albany_USA,2016-08-17 00:00:00
Tech Conference in Albany (USA),Conference,High,HudsonAve_Albany_USA,2019-05-22 00:00:00
Classical Concert in Troy (USA),Concert,Medium,TenBroeckSt_Troy_USA,2019-05-02 00:00:00
Cultural Festival in Troy (USA),Festival,High,TenBroeckSt_Troy_USA,2018-01-06 00:00:00
Cultural Festival in Schenectady (USA),Festival,High,JaySt_Schenectady_USA,2017-12-18 00:00:00
Heritage Day in Schenectady (USA),Holiday,Medium,JaySt_Schenectady_USA,2022-04-25 00:00:00
Classical Concert in Albany (USA),Concert,Low,NorthSt_Albany_USA,2019-03-19 00:00:00
National Celebration in Albany (USA),Holiday,High,WesternAve_Albany_USA,2020-11-17 00:00:00
AI Congress in Albany (USA),Conference,High,WesternAve_Albany_USA,2023-11-05 00:00:00
Business Summit in Albany (USA),Conference,Medium,Broadway_Albany_USA,2023-04-23 00:00:00
Jazz Night in Troy (USA),Concert,Medium,ClintonAve_Troy_USA,2019-06-14 00:00:00
National Celebration in Troy (USA),Holiday,High,ClintonAve_Troy_USA,2019-10-21 00:00:00
Marathon in Albany (USA),Sports,Medium,StateSt_Albany_USA,2020-04-11 00:00:00
Jazz Night in Albany (USA),Concert,Low,StateSt_Albany_USA,2023-09-04 00:00:00
Business Summit in Albany (USA),Conference,Low,NorthSt_Albany_USA,2016-02-24 00:00:00
Music Festival in Albany (USA),Festival,Low,NorthSt_Albany_USA,2025-07-13 00:00:00
Rock Concert in Albany (USA),Concert,Medium,WesternAve_Albany_USA,2019-02-22 00:00:00
Classical Concert in Troy (USA),Concert,High,NorthSt_Troy_USA,2022-04-22 00:00:00
City Anniversary in Troy (USA),Holiday,Medium,NorthSt_Troy_USA,2017-03-26 00:00:00
Music Festival in Albany (USA),Festival,Medium,ParkAve_Albany_USA,2016-12-13 00:00:00
Triathlon in Albany (USA),Sports,Low,ParkAve_Albany_USA,2020-09-30 00:00:00
Triathlon in Troy (USA),Sports,High,PearlSt_Troy_USA,2020-06-14 00:00:00
Jazz Night in Albany (USA),Concert,Medium,ParkAve_Albany_USA,2021-05-14 00:00:00
Pop Music Live in Albany (USA),Concert,High,ParkAve_Albany_USA,2019-07-01 00:00:00
City Anniversary in Schenectady (USA),Holiday,Medium,SouthSt_Schenectady_USA,2022-12-05 00:00:00
Basketball Tournament in Schenectady (USA),Sports,High,SouthSt_Schenectady_USA,2019-12-06 00:00:00
Basketball Tournament in Albany (USA),Sports,Medium,DelawareAve_Albany_USA,2015-05-14 00:00:00
Business Summit in Albany (USA),Conference,Medium,DelawareAve_Albany_USA,2018-04-06 00:00:00
Rock Concert in Troy (USA),Concert,Low,WashingtonAve_Troy_USA,2016-03-09 00:00:00
Football Match in Albany (USA),Sports,Low,LarkSt_Albany_USA,2019-02-24 00:00:00
AI Congress in Schenectady (USA),Conference,Medium,ClintonAve_Schenectady_USA,2015-03-13 00:00:00
Local Holiday in Schenectady (USA),Holiday,High,ParkAve_Schenectady_USA,2018-10-06 00:00:00
Cultural Festival in Albany (USA),Festival,Medium,WesternAve_Albany_USA,2022-12-12 00:00:00
National Celebration in Schenectady (USA),Holiday,Medium,CentralAve_Schenectady_USA,2016-12-15 00:00:00
City Anniversary in Albany (USA),Holiday,Low,JaySt_Albany_USA,2018-11-09 00:00:00
National Celebration in Albany (USA),Holiday,Medium,ClintonAve_Albany_USA,2024-10-22 00:00:00
Rock Concert in Albany (USA),Concert,Medium,TenBroeckSt_Albany_USA,2021-02-18 00:00:00
Rock Concert in Albany (USA),Concert,Low,TenBroeckSt_Albany_USA,2021-09-14 00:00:00
Triathlon in Albany (USA),Sports,Low,NorthSt_Albany_USA,2015-01-22 00:00:00
Heritage Day in Schenectady (USA),Holiday,Low,DelawareAve_Schenectady_USA,2019-08-06 00:00:00
AI Congress in Albany (USA),Conference,Medium,WesternAve_Albany_USA,2022-12-06 00:00:00
Tech Conference in Albany (USA),Conference,Medium,WesternAve_Albany_USA,2014-09-18 00:00:00
Rock Concert in Albany (USA),Concert,Medium,WashingtonAve_Albany_USA,2017-01-04 00:00:00
Music Festival in Albany (USA),Festival,Low,WashingtonAve_Albany_USA,2025-02-22 00:00:00
Football Match in Albany (USA),Sports,Low,JaySt_Albany_USA,2019-10-22 00:00:00
Food Festival in Albany (USA),Festival,Medium,JaySt_Albany_USA,2022-05-05 00:00:00
Business Summit in Albany (USA),Conference,High,Broadway_Albany_USA,2021-04-22 00:00:00
Food Festival in Albany (USA),Festival,Medium,PearlSt_Albany_USA,2015-09-16 00:00:00
Rock Concert in Albany (USA),Concert,Medium,PearlSt_Albany_USA,2020-12-14 00:00:00
City Anniversary in Albany (USA),Holiday,High,WashingtonAve_Albany_USA,2016-09-20 00:00:00
Food Festival in Albany (USA),Festival,Low,WashingtonAve_Albany_USA,2022-04-25 00:00:00
Rock Concert in Albany (USA),Concert,High,WashingtonAve_Albany_USA,2023-04-10 00:00:00
Pop Music Live in Troy (USA),Concert,High,NorthSt_Troy_USA,2018-08-26 00:00:00
Tech Conference in Albany (USA),Conference,Medium,TenBroeckSt_Albany_USA,2023-09-20 00:00:00
Local Holiday in Albany (USA),Holiday,Medium,TenBroeckSt_Albany_USA,2025-04-09 00:00:00
National Celebration in Troy (USA),Holiday,Medium,HudsonAve_Troy_USA,2016-06-21 00:00:00
Jazz Night in Albany (USA),Concert,High,CentralAve_Albany_USA,2023-07-24 00:00:00
Pop Music Live in Albany (USA),Concert,Medium,CentralAve_Albany_USA,2019-05-20 00:00:00
Jazz Night in Albany (USA),Concert,Medium,ParkAve_Albany_USA,2024-01-18 00:00:00
Marathon in Albany (USA),Sports,Medium,ParkAve_Albany_USA,2024-05-20 00:00:00
Triathlon in Troy (USA),Sports,High,ClintonAve_Troy_USA,2021-05-04 00:00:00
Heritage Day in Schenectady (USA),Holiday,Low,NorthSt_Schenectady_USA,2020-01-15 00:00:00
Business Summit in Schenectady (USA),Conference,Medium,NorthSt_Schenectady_USA,2016-11-15 00:00:00
Startup Meetup in Albany (USA),Conference,Medium,PearlSt_Albany_USA,2024-05-14 00:00:00
Tech Conference in Albany (USA),Conference,High,StateSt_Albany_USA,2025-02-16 00:00:00
Marathon in Albany (USA),Sports,Low,StateSt_Albany_USA,2022-07-28 00:00:00
National Celebration in Albany (USA),Holiday,High,PearlSt_Albany_USA,2019-11-02 00:00:00
City Anniversary in Albany (USA),Holiday,Low,LarkSt_Albany_USA,2015-07-17 00:00:00
Business Summit in Albany (USA),Conference,Medium,LarkSt_Albany_USA,2022-04-03 00:00:00
Jazz Night in Albany (USA),Concert,Medium,StateSt_Albany_USA,2020-09-14 00:00:00
AI Congress in Albany (USA),Conference,High,HudsonAve_Albany_USA,2020-09-01 00:00:00
Startup Meetup in Albany (USA),Conference,High,HudsonAve_Albany_USA,2019-08-02 00:00:00
Startup Meetup in Albany (USA),Conference,Low,ClintonAve_Albany_USA,2015-11-07 00:00:00
Basketball Tournament in Albany (USA),Sports,Low,HudsonAve_Albany_USA,2022-10-29 00:00:00
Classical Concert in Albany (USA),Concert,Low,HudsonAve_Albany_USA,2016-12-03 00:00:00
Heritage Day in Albany (USA),Holiday,High,NorthSt_Albany_USA,2021-02-08 00:00:00
Jazz Night in Albany (USA),Concert,Low,NorthSt_Albany_USA,2023-11-01 00:00:00
Basketball Tournament in Albany (USA),Sports,Low,SouthSt_Albany_USA,2017-11-20 00:00:00
Classical Concert in Albany (USA),Concert,Medium,JaySt_Albany_USA,2015-01-03 00:00:00
Cultural Festival in Albany (USA),Festival,High,JaySt_Albany_USA,2025-01-30 00:00:00
Local Holiday in Albany (USA),Holiday,Low,MadisonAve_Albany_USA,2020-12-07 00:00:00
AI Congress in Albany (USA),Conference,Medium,MadisonAve_Albany_USA,2019-06-09 00:00:00
Marathon in Albany (USA),Sports,Medium,ClintonAve_Albany_USA,2025-01-18 00:00:00
Music Festival in Troy (USA),Festival,Medium,DelawareAve_Troy_USA,2020-01-05 00:00:00
Food Festival in Troy (USA),Festival,Low,JaySt_Troy_USA,2023-08-05 00:00:00
Jazz Night in Troy (USA),Concert,Low,JaySt_Troy_USA,2025-08-23 00:00:00
National Celebration in Troy (USA),Holiday,High,TenBroeckSt_Troy_USA,2018-10-06 00:00:00
City Anniversary in Troy (USA),Holiday,Medium,TenBroeckSt_Troy_USA,2024-02-22 00:00:00
Heritage Day in Albany (USA),Holiday,High,PearlSt_Albany_USA,2021-06-17 00:00:00
Music Festival in Albany (USA),Festival,Low,PearlSt_Albany_USA,2021-07-06 00:00:00
Food Festival in Schenectady (USA),Festival,Low,CentralAve_Schenectady_USA,2016-06-11 00:00:00
Food Festival in Troy (USA),Festival,Low,TenBroeckSt_Troy_USA,2019-01-29 00:00:00
City Anniversary in Troy (USA),Holiday,Medium,TenBroeckSt_Troy_USA,2014-11-11 00:00:00
AI Congress in Troy (USA),Conference,Low,HudsonAve_Troy_USA,2022-03-16 00:00:00
Classical Concert in Albany (USA),Concert,Medium,ParkAve_Albany_USA,2015-10-14 00:00:00
Football Match in Albany (USA),Sports,Medium,Broadway_Albany_USA,2023-10-07 00:00:00
Marathon in Albany (USA),Sports,Low,Broadway_Albany_USA,2016-05-10 00:00:00
Jazz Night in Schenectady (USA),Concert,Medium,DelawareAve_Schenectady_USA,2015-11-22 00:00:00
AI Congress in Schenectady (USA),Conference,Medium,DelawareAve_Schenectady_USA,2020-02-09 00:00:00
City Anniversary in Albany (USA),Holiday,Low,WashingtonAve_Albany_USA,2021-03-15 00:00:00
Film Festival in Albany (USA),Festival,High,WashingtonAve_Albany_USA,2018-02-10 00:00:00
Tech Conference in Albany (USA),Conference,Low,ParkAve_Albany_USA,2017-01-23 00:00:00
Rock Concert in Albany (USA),Concert,High,ParkAve_Albany_USA,2023-09-16 00:00:00
Rock Concert in Albany (USA),Concert,Low,StateSt_Albany_USA,2019-10-10 00:00:00
Heritage Day in Troy (USA),Holiday,Low,CentralAve_Troy_USA,2025-09-04 00:00:00
Pop Music Live in Troy (USA),Concert,High,CentralAve_Troy_USA,2023-08-18 00:00:00
Film Festival in Albany (USA),Festival,Medium,ClintonAve_Albany_USA,2019-01-28 00:00:00
Tech Conference in Troy (USA),Conference,Low,ParkAve_Troy_USA,2018-03-12 00:00:00
Heritage Day in Schenectady (USA),Holiday,High,CentralAve_Schenectady_USA,2025-02-04 00:00:00
Rock Concert in Albany (USA),Concert,Medium,StateSt_Albany_USA,2015-06-26 00:00:00
Startup Meetup in Albany (USA),Conference,Low,JaySt_Albany_USA,2025-05-17 00:00:00
Rock Concert in Albany (USA),Concert,High,TenBroeckSt_Albany_USA,2024-03-30 00:00:00
City Anniversary in Albany (USA),Holiday,Low,LarkSt_Albany_USA,2016-08-07 00:00:00
Jazz Night in Albany (USA),Concert,High,LarkSt_Albany_USA,2022-12-24 00:00:00
Local Holiday in Albany (USA),Holiday,Low,SouthSt_Albany_USA,2017-06-28 00:00:00
Basketball Tournament in Albany (USA),Sports,Medium,HudsonAve_Albany_USA,2024-05-16 00:00:00
Local Holiday in Albany (USA),Holiday,Low,HudsonAve_Albany_USA,2025-05-30 00:00:00
Classical Concert in Schenectady (USA),Concert,High,LarkSt_Schenectady_USA,2016-04-09 00:00:00
Tech Conference in Schenectady (USA),Conference,High,LarkSt_Schenectady_USA,2019-01-27 00:00:00
Food Festival in Albany (USA),Festival,Medium,CentralAve_Albany_USA,2024-12-15 00:00:00
Startup Meetup in Troy (USA),Conference,Medium,Broadway_Troy_USA,2023-11-10 00:00:00
City Anniversary in Troy (USA),Holiday,Low,Broadway_Troy_USA,2019-08-14 00:00:00
Triathlon in Schenectady (USA),Sports,Low,Broadway_Schenectady_USA,2024-10-31 00:00:00
Classical Concert in Schenectady (USA),Concert,Low,Broadway_Schenectady_USA,2017-08-05 00:00:00
Startup Meetup in Albany (USA),Conference,Low,LarkSt_Albany_USA,2017-09-01 00:00:00
AI Congress in Albany (USA),Conference,Low,SouthSt_Albany_USA,2019-07-04 00:00:00
Pop Music Live in Albany (USA),Concert,Medium,SouthSt_Albany_USA,2018-03-23 00:00:00
Pop Music Live in Albany (USA),Concert,Medium,Broadway_Albany_USA,2024-12-15 00:00:00
Business Summit in Albany (USA),Conference,High,Broadway_Albany_USA,2017-03-05 00:00:00
National Celebration in Albany (USA),Holiday,Medium,ClintonAve_Albany_USA,2014-12-26 00:00:00
AI Congress in Albany (USA),Conference,High,ClintonAve_Albany_USA,2024-09-27 00:00:00
National Celebration in Albany (USA),Holiday,Medium,DelawareAve_Albany_USA,2025-04-25 00:00:00
Jazz Night in Albany (USA),Concert,Low,CentralAve_Albany_USA,2024-04-19 00:00:00
Local Holiday in Albany (USA),Holiday,High,CentralAve_Albany_USA,2024-09-15 00:00:00
Food Festival in Albany (USA),Festival,Medium,WesternAve_Albany_USA,2024-04-06 00:00:00
Marathon in Troy (USA),Sports,Medium,Broadway_Troy_USA,2023-04-06 00:00:00
Startup Meetup in Troy (USA),Conference,High,Broadway_Troy_USA,2022-04-07 00:00:00
Cultural Festival in Troy (USA),Festival,High,NorthSt_Troy_USA,2024-02-18 00:00:00
Heritage Day in Albany (USA),Holiday,High,LarkSt_Albany_USA,2022-07-22 00:00:00
Local Holiday in Albany (USA),Holiday,High,LarkSt_Albany_USA,2015-04-07 00:00:00
Business Summit in Albany (USA),Conference,High,WesternAve_Albany_USA,2015-07-06 00:00:00
Local Holiday in Albany (USA),Holiday,High,WesternAve_Albany_USA,2022-05-23 00:00:00
Basketball Tournament in Albany (USA),Sports,Low,TenBroeckSt_Albany_USA,2015-01-05 00:00:00
Cultural Festival in Albany (USA),Festival,Medium,WashingtonAve_Albany_USA,2018-09-13 00:00:00
Football Match in Schenectady (USA),Sports,High,Broadway_Schenectady_USA,2019-02-12 00:00:00
Football Match in Schenectady (USA),Sports,Low,NorthSt_Schenectady_USA,2015-05-20 00:00:00
Pop Music Live in Schenectady (USA),Concert,High,NorthSt_Schenectady_USA,2022-02-27 00:00:00
Classical Concert in Albany (USA),Concert,Low,CentralAve_Albany_USA,2019-09-01 00:00:00
AI Congress in Albany (USA),Conference,Medium,Broadway_Albany_USA,2021-12-22 00:00:00
Film Festival in Albany (USA),Festival,Medium,Broadway_Albany_USA,2022-02-04 00:00:00
Marathon in Schenectady (USA),Sports,Medium,DelawareAve_Schenectady_USA,2025-02-04 00:00:00
Startup Meetup in Schenectady (USA),Conference,High,DelawareAve_Schenectady_USA,2025-04-14 00:00:00
AI Congress in Albany (USA),Conference,Medium,MadisonAve_Albany_USA,2016-09-23 00:00:00
Local Holiday in Albany (USA),Holiday,Low,JaySt_Albany_USA,2018-10-10 00:00:00
Startup Meetup in Albany (USA),Conference,High,StateSt_Albany_USA,2017-10-22 00:00:00
Film Festival in Albany (USA),Festival,Medium,StateSt_Albany_USA,2014-08-03 00:00:00
Film Festival in Albany (USA),Festival,Medium,WesternAve_Albany_USA,2023-03-13 00:00:00
Basketball Tournament in Albany (USA),Sports,Low,WesternAve_Albany_USA,2021-08-20 00:00:00
Business Summit in Albany (USA),Conference,High,PearlSt_Albany_USA,2015-08-02 00:00:00
Cultural Festival in Albany (USA),Festival,Medium,PearlSt_Albany_USA,2014-11-14 00:00:00
Business Summit in Albany (USA),Conference,Low,Broadway_Albany_USA,2024-09-11 00:00:00
Startup Meetup in Albany (USA),Conference,High,Broadway_Albany_USA,2019-02-26 00:00:00
Startup Meetup in Albany (USA),Conference,Low,WesternAve_Albany_USA,2017-05-18 00:00:00
Heritage Day in Albany (USA),Holiday,High,WesternAve_Albany_USA,2024-04-04 00:00:00
Film Festival in Albany (USA),Festival,Low,LarkSt_Albany_USA,2016-01-28 00:00:00
Heritage Day in Schenectady (USA),Holiday,Low,DelawareAve_Schenectady_USA,2023-05-13 00:00:00
Local Holiday in Schenectady (USA),Holiday,Medium,DelawareAve_Schenectady_USA,2020-07-06 00:00:00
Startup Meetup in Albany (USA),Conference,High,ClintonAve_Albany_USA,2018-10-08 00:00:00
Tech Conference in Albany (USA),Conference,High,HudsonAve_Albany_USA,2017-02-12 00:00:00
Local Holiday in Albany (USA),Holiday,High,HudsonAve_Albany_USA,2024-05-30 00:00:00
Business Summit in Troy (USA),Conference,High,WashingtonAve_Troy_USA,2015-03-16 00:00:00
Heritage Day in Troy (USA),Holiday,High,WashingtonAve_Troy_USA,2019-01-28 00:00:00
Local Holiday in Albany (USA),Holiday,Low,PearlSt_Albany_USA,2017-02-16 00:00:00
Triathlon in Troy (USA),Sports,Medium,LarkSt_Troy_USA,2018-08-28 00:00:00
Pop Music Live in Troy (USA),Concert,High,LarkSt_Troy_USA,2022-10-27 00:00:00
Triathlon in Albany (USA),Sports,High,MadisonAve_Albany_USA,2015-08-10 00:00:00
City Anniversary in Albany (USA),Holiday,Medium,MadisonAve_Albany_USA,2014-11-12 00:00:00
Business Summit in Schenectady (USA),Conference,Medium,HudsonAve_Schenectady_USA,2019-06-26 00:00:00
Basketball Tournament in Schenectady (USA),Sports,Low,HudsonAve_Schenectady_USA,2025-06-30 00:00:00
Startup Meetup in Troy (USA),Conference,Low,ParkAve_Troy_USA,2018-12-17 00:00:00
Business Summit in Troy (USA),Conference,Low,ParkAve_Troy_USA,2025-02-20 00:00:00
Food Festival in Albany (USA),Festival,High,WesternAve_Albany_USA,2021-09-01 00:00:00
Music Festival in Troy (USA),Festival,Medium,PearlSt_Troy_USA,2017-03-24 00:00:00
Football Match in Troy (USA),Sports,Low,PearlSt_Troy_USA,2023-10-20 00:00:00
Football Match in Troy (USA),Sports,Low,ParkAve_Troy_USA,2018-03-07 00:00:00
Marathon in Troy (USA),Sports,Medium,ParkAve_Troy_USA,2024-02-15 00:00:00
Business Summit in Albany (USA),Conference,Low,CentralAve_Albany_USA,2021-11-28 00:00:00
Food Festival in Albany (USA),Festival,Low,CentralAve_Albany_USA,2018-07-07 00:00:00
Tech Conference in Albany (USA),Conference,Low,ClintonAve_Albany_USA,2017-06-21 00:00:00
Food Festival in Albany (USA),Festival,High,ClintonAve_Albany_USA,2019-03-21 00:00:00
Music Festival in Albany (USA),Festival,Medium,MadisonAve_Albany_USA,2019-07-11 00:00:00
Tech Conference in Albany (USA),Conference,Medium,MadisonAve_Albany_USA,2020-02-23 00:00:00
Cultural Festival in Troy (USA),Festival,Medium,CentralAve_Troy_USA,2021-09-17 00:00:00
Music Festival in Troy (USA),Festival,Medium,CentralAve_Troy_USA,2023-12-31 00:00:00
Local Holiday in Schenectady (USA),Holiday,Medium,DelawareAve_Schenectady_USA,2022-06-26 00:00:00
Music Festival in Albany (USA),Festival,Medium,TenBroeckSt_Albany_USA,2021-04-26 00:00:00
Jazz Night in Albany (USA),Concert,Medium,WesternAve_Albany_USA,2025-08-25 00:00:00
Jazz Night in Troy (USA),Concert,Medium,ParkAve_Troy_USA,2020-03-01 00:00:00
Pop Music Live in Troy (USA),Concert,Low,ParkAve_Troy_USA,2023-05-23 00:00:00
Food Festival in Schenectady (USA),Festival,Medium,LarkSt_Schenectady_USA,2019-07-24 00:00:00
Triathlon in Schenectady (USA),Sports,Medium,LarkSt_Schenectady_USA,2023-10-11 00:00:00
City Anniversary in Schenectady (USA),Holiday,High,ClintonAve_Schenectady_USA,2015-07-25 00:00:00
Heritage Day in Troy (USA),Holiday,High,ParkAve_Troy_USA,2017-05-10 00:00:00
Triathlon in Albany (USA),Sports,Low,DelawareAve_Albany_USA,2015-07-09 00:00:00
Cultural Festival in Troy (USA),Festival,Low,NorthSt_Troy_USA,2020-09-25 00:00:00
Jazz Night in Schenectady (USA),Concert,High,PearlSt_Schenectady_USA,2015-11-13 00:00:00
Heritage Day in Schenectady (USA),Holiday,High,PearlSt_Schenectady_USA,2025-01-18 00:00:00
Cultural Festival in Troy (USA),Festival,High,ClintonAve_Troy_USA,2017-12-31 00:00:00
Food Festival in Albany (USA),Festival,Low,CentralAve_Albany_USA,2021-11-10 00:00:00
Marathon in Albany (USA),Sports,Medium,JaySt_Albany_USA,2023-12-23 00:00:00
Tech Conference in Albany (USA),Conference,Medium,DelawareAve_Albany_USA,2020-12-07 00:00:00
Triathlon in Albany (USA),Sports,High,DelawareAve_Albany_USA,2025-06-04 00:00:00
Rock Concert in Troy (USA),Concert,High,WesternAve_Troy_USA,2024-11-30 00:00:00
Tech Conference in Troy (USA),Conference,Low,WesternAve_Troy_USA,2017-07-24 00:00:00
Startup Meetup in Albany (USA),Conference,Medium,JaySt_Albany_USA,2014-07-26 00:00:00
Football Match in Albany (USA),Sports,High,JaySt_Albany_USA,2021-11-13 00:00:00
Food Festival in Schenectady (USA),Festival,High,CentralAve_Schenectady_USA,2021-08-06 00:00:00
Classical Concert in Troy (USA),Concert,Medium,MadisonAve_Troy_USA,2019-03-16 00:00:00
Heritage Day in Troy (USA),Holiday,Low,MadisonAve_Troy_USA,2018-08-24 00:00:00
Tech Conference in Albany (USA),Conference,Low,DelawareAve_Albany_USA,2016-03-29 00:00:00
Music Festival in Albany (USA),Festival,Medium,ClintonAve_Albany_USA,2019-06-19 00:00:00
City Anniversary in Albany (USA),Holiday,High,ClintonAve_Albany_USA,2019-06-15 00:00:00
Business Summit in Schenectady (USA),Conference,High,DelawareAve_Schenectady_USA,2015-10-10 00:00:00
Local Holiday in Troy (USA),Holiday,Medium,StateSt_Troy_USA,2022-02-06 00:00:00
Pop Music Live in Schenectady (USA),Concert,High,SouthSt_Schenectady_USA,2021-12-23 00:00:00
Tech Conference in Schenectady (USA),Conference,Low,SouthSt_Schenectady_USA,2018-12-05 00:00:00
Music Festival in Troy (USA),Festival,Low,TenBroeckSt_Troy_USA,2017-11-16 00:00:00
Football Match in Troy (USA),Sports,Medium,TenBroeckSt_Troy_USA,2017-09-28 00:00:00
Music Festival in Schenectady (USA),Festival,Medium,HudsonAve_Schenectady_USA,2022-11-15 00:00:00
Football Match in Troy (USA),Sports,Medium,Broadway_Troy_USA,2020-06-20 00:00:00
Basketball Tournament in Troy (USA),Sports,Low,JaySt_Troy_USA,2018-12-13 00:00:00
Film Festival in Troy (USA),Festival,Low,JaySt_Troy_USA,2019-08-27 00:00:00
Pop Music Live in Albany (USA),Concert,High,StateSt_Albany_USA,2019-01-12 00:00:00
Heritage Day in Albany (USA),Holiday,Low,TenBroeckSt_Albany_USA,2019-01-15 00:00:00
Cultural Festival in Albany (USA),Festival,Low,TenBroeckSt_Albany_USA,2023-06-26 00:00:00
Heritage Day in Albany (USA),Holiday,Low,StateSt_Albany_USA,2019-05-24 00:00:00
Food Festival in Albany (USA),Festival,Medium,StateSt_Albany_USA,2021-02-06 00:00:00
Rock Concert in Troy (USA),Concert,Medium,WashingtonAve_Troy_USA,2024-04-04 00:00:00
Business Summit in Schenectady (USA),Conference,Medium,MadisonAve_Schenectady_USA,2023-03-27 00:00:00
Food Festival in Albany (USA),Festival,Medium,NorthSt_Albany_USA,2018-06-08 00:00:00
Football Match in Albany (USA),Sports,Low,NorthSt_Albany_USA,2016-02-20 00:00:00
Football Match in Albany (USA),Sports,High,StateSt_Albany_USA,2016-03-18 00:00:00
Food Festival in Albany (USA),Festival,High,NorthSt_Albany_USA,2020-01-14 00:00:00
City Anniversary in Albany (USA),Holiday,High,NorthSt_Albany_USA,2024-11-10 00:00:00
Jazz Night in Schenectady (USA),Concert,High,JaySt_Schenectady_USA,2018-01-15 00:00:00
Triathlon in Schenectady (USA),Sports,Low,JaySt_Schenectady_USA,2019-10-03 00:00:00
Startup Meetup in Albany (USA),Conference,High,TenBroeckSt_Albany_USA,2015-02-16 00:00:00
Rock Concert in Troy (USA),Concert,Medium,PearlSt_Troy_USA,2019-09-04 00:00:00
Music Festival in Albany (USA),Festival,Medium,DelawareAve_Albany_USA,2023-10-28 00:00:00
Music Festival in Albany (USA),Festival,High,PearlSt_Albany_USA,2021-02-27 00:00:00
City Anniversary in Schenectady (USA),Holiday,High,ParkAve_Schenectady_USA,2020-09-17 00:00:00
Film Festival in Schenectady (USA),Festival,High,ParkAve_Schenectady_USA,2021-10-21 00:00:00
Pop Music Live in Troy (USA),Concert,High,DelawareAve_Troy_USA,2016-03-09 00:00:00
Cultural Festival in Schenectady (USA),Festival,High,PearlSt_Schenectady_USA,2015-06-11 00:00:00
Marathon in Schenectady (USA),Sports,Low,DelawareAve_Schenectady_USA,2022-06-07 00:00:00
City Anniversary in Schenectady (USA),Holiday,High,DelawareAve_Schenectady_USA,2020-05-11 00:00:00
Basketball Tournament in Troy (USA),Sports,Medium,ParkAve_Troy_USA,2024-10-15 00:00:00
AI Congress in Troy (USA),Conference,Medium,ParkAve_Troy_USA,2023-03-08 00:00:00
Rock Concert in Albany (USA),Concert,High,CentralAve_Albany_USA,2021-10-03 00:00:00
Cultural Festival in Albany (USA),Festival,Low,CentralAve_Albany_USA,2020-10-02 00:00:00
Heritage Day in Schenectady (USA),Holiday,Medium,WesternAve_Schenectady_USA,2022-08-12 00:00:00
Classical Concert in Schenectady (USA),Concert,Medium,WesternAve_Schenectady_USA,2015-05-30 00:00:00
Basketball Tournament in Troy (USA),Sports,Medium,DelawareAve_Troy_USA,2025-05-07 00:00:00
National Celebration in Troy (USA),Holiday,High,DelawareAve_Troy_USA,2022-06-12 00:00:00
Pop Music Live in Troy (USA),Concert,High,WashingtonAve_Troy_USA,2023-05-17 00:00:00
Marathon in Troy (USA),Sports,High,TenBroeckSt_Troy_USA,2022-01-06 00:00:00
Jazz Night in Troy (USA),Concert,Low,DelawareAve_Troy_USA,2018-07-25 00:00:00
Football Match in Troy (USA),Sports,Medium,PearlSt_Troy_USA,2025-02-14 00:00:00
Football Match in Albany (USA),Sports,Low,StateSt_Albany_USA,2016-03-26 00:00:00
Music Festival in Schenectady (USA),Festival,High,ParkAve_Schenectady_USA,2018-04-10 00:00:00
Triathlon in Albany (USA),Sports,Low,MadisonAve_Albany_USA,2016-04-25 00:00:00
Football Match in Albany (USA),Sports,High,MadisonAve_Albany_USA,2019-05-28 00:00:00
Business Summit in Schenectady (USA),Conference,Medium,ClintonAve_Schenectady_USA,2021-05-05 00:00:00
National Celebration in Albany (USA),Holiday,High,DelawareAve_Albany_USA,2017-03-06 00:00:00
National Celebration in Schenectady (USA),Holiday,Medium,Broadway_Schenectady_USA,2022-02-07 00:00:00
City Anniversary in Albany (USA),Holiday,Medium,WashingtonAve_Albany_USA,2023-03-23 00:00:00
City Anniversary in Albany (USA),Holiday,Low,WashingtonAve_Albany_USA,2023-08-28 00:00:00
Basketball Tournament in Albany (USA),Sports,Low,DelawareAve_Albany_USA,2021-09-08 00:00:00
Heritage Day in Albany (USA),Holiday,High,DelawareAve_Albany_USA,2024-12-21 00:00:00
Rock Concert in Troy (USA),Concert,Medium,ClintonAve_Troy_USA,2015-06-09 00:00:00
Basketball Tournament in Troy (USA),Sports,Medium,ClintonAve_Troy_USA,2024-08-25 00:00:00
Triathlon in Albany (USA),Sports,Low,LarkSt_Albany_USA,2025-02-09 00:00:00
Triathlon in Albany (USA),Sports,Medium,LarkSt_Albany_USA,2024-12-06 00:00:00
Film Festival in Schenectady (USA),Festival,High,TenBroeckSt_Schenectady_USA,2018-09-09 00:00:00
Cultural Festival in Albany (USA),Festival,Low,Broadway_Albany_USA,2014-10-24 00:00:00
Cultural Festival in Albany (USA),Festival,Low,WashingtonAve_Albany_USA,2016-01-15 00:00:00
National Celebration in Schenectady (USA),Holiday,High,PearlSt_Schenectady_USA,2019-10-04 00:00:00
Rock Concert in Schenectady (USA),Concert,Low,WesternAve_Schenectady_USA,2014-09-16 00:00:00
Football Match in Troy (USA),Sports,High,Broadway_Troy_USA,2025-01-15 00:00:00
Pop Music Live in Albany (USA),Concert,Low,ClintonAve_Albany_USA,2023-03-15 00:00:00
Business Summit in Albany (USA),Conference,Medium,ClintonAve_Albany_USA,2015-11-12 00:00:00
Pop Music Live in Albany (USA),Concert,Low,SouthSt_Albany_USA,2015-09-28 00:00:00
Rock Concert in Albany (USA),Concert,High,ClintonAve_Albany_USA,2020-04-10 00:00:00
Football Match in Albany (USA),Sports,Medium,ClintonAve_Albany_USA,2019-04-24 00:00:00
Cultural Festival in Albany (USA),Festival,Low,ClintonAve_Albany_USA,2020-11-23 00:00:00
Marathon in Albany (USA),Sports,High,JaySt_Albany_USA,2025-06-05 00:00:00
Music Festival in Albany (USA),Festival,Medium,Broadway_Albany_USA,2024-04-16 00:00:00
Film Festival in Albany (USA),Festival,Medium,NorthSt_Albany_USA,2017-05-04 00:00:00
Cultural Festival in Albany (USA),Festival,Low,CentralAve_Albany_USA,2018-05-13 00:00:00
Marathon in Albany (USA),Sports,High,CentralAve_Albany_USA,2022-09-28 00:00:00
Marathon in Albany (USA),Sports,Medium,Broadway_Albany_USA,2020-08-14 00:00:00
Triathlon in Albany (USA),Sports,High,NorthSt_Albany_USA,2019-11-12 00:00:00
Football Match in Albany (USA),Sports,Low,CentralAve_Albany_USA,2022-07-11 00:00:00
Local Holiday in Albany (USA),Holiday,Medium,CentralAve_Albany_USA,2016-10-03 00:00:00
AI Congress in Troy (USA),Conference,High,HudsonAve_Troy_USA,2019-10-22 00:00:00
Food Festival in Albany (USA),Festival,Medium,TenBroeckSt_Albany_USA,2018-07-02 00:00:00
Startup Meetup in Troy (USA),Conference,Low,NorthSt_Troy_USA,2023-06-18 00:00:00
AI Congress in Troy (USA),Conference,Medium,NorthSt_Troy_USA,2022-10-31 00:00:00
Heritage Day in Albany (USA),Holiday,Low,LarkSt_Albany_USA,2020-01-23 00:00:00
Heritage Day in Troy (USA),Holiday,High,WashingtonAve_Troy_USA,2017-06-27 00:00:00
Film Festival in Troy (USA),Festival,Low,WashingtonAve_Troy_USA,2019-04-29 00:00:00
Basketball Tournament in Troy (USA),Sports,Medium,DelawareAve_Troy_USA,2015-08-25 00:00:00
Cultural Festival in Troy (USA),Festival,High,DelawareAve_Troy_USA,2017-10-23 00:00:00
City Anniversary in Albany (USA),Holiday,Low,WesternAve_Albany_USA,2022-03-26 00:00:00
AI Congress in Troy (USA),Conference,Low,NorthSt_Troy_USA,2022-08-25 00:00:00
Pop Music Live in Albany (USA),Concert,Medium,SouthSt_Albany_USA,2021-09-01 00:00:00
Heritage Day in Albany (USA),Holiday,High,StateSt_Albany_USA,2023-06-25 00:00:00
Marathon in Albany (USA),Sports,Low,StateSt_Albany_USA,2024-01-06 00:00:00
Local Holiday in Albany (USA),Holiday,Low,NorthSt_Albany_USA,2015-04-02 00:00:00
Basketball Tournament in Albany (USA),Sports,Medium,NorthSt_Albany_USA,2018-10-16 00:00:00
Food Festival in Albany (USA),Festival,High,HudsonAve_Albany_USA,2019-07-17 00:00:00
Startup Meetup in Albany (USA),Conference,Medium,HudsonAve_Albany_USA,2023-01-20 00:00:00
Basketball Tournament in Albany (USA),Sports,Medium,LarkSt_Albany_USA,2018-01-08 00:00:00
Business Summit in Albany (USA),Conference,Low,LarkSt_Albany_USA,2014-10-15 00:00:00
Triathlon in Albany (USA),Sports,High,Broadway_Albany_USA,2018-11-02 00:00:00
Rock Concert in Albany (USA),Concert,Medium,Broadway_Albany_USA,2023-03-10 00:00:00
National Celebration in Albany (USA),Holiday,High,WashingtonAve_Albany_USA,2017-09-12 00:00:00
National Celebration in Albany (USA),Holiday,Low,TenBroeckSt_Albany_USA,2016-01-07 00:00:00
Film Festival in Albany (USA),Festival,Low,TenBroeckSt_Albany_USA,2024-07-28 00:00:00
Local Holiday in Albany (USA),Holiday,High,ClintonAve_Albany_USA,2025-05-07 00:00:00
Startup Meetup in Albany (USA),Conference,High,ClintonAve_Albany_USA,2015-03-23 00:00:00
Jazz Night in Schenectady (USA),Concert,Medium,LarkSt_Schenectady_USA,2024-01-17 00:00:00
Football Match in Schenectady (USA),Sports,Medium,LarkSt_Schenectady_USA,2020-03-14 00:00:00
Cultural Festival in Albany (USA),Festival,High,ParkAve_Albany_USA,2020-11-30 00:00:00
National Celebration in Troy (USA),Holiday,High,JaySt_Troy_USA,2024-05-30 00:00:00
City Anniversary in Schenectady (USA),Holiday,High,NorthSt_Schenectady_USA,2019-02-07 00:00:00
Rock Concert in Albany (USA),Concert,Low,LarkSt_Albany_USA,2025-05-26 00:00:00
Film Festival in Albany (USA),Festival,Medium,ParkAve_Albany_USA,2022-02-14 00:00:00
Business Summit in Albany (USA),Conference,High,JaySt_Albany_USA,2021-09-02 00:00:00
Classical Concert in Albany (USA),Concert,Low,JaySt_Albany_USA,2019-05-08 00:00:00
Music Festival in Albany (USA),Festival,High,TenBroeckSt_Albany_USA,2016-03-18 00:00:00
Business Summit in Albany (USA),Conference,Low,TenBroeckSt_Albany_USA,2018-02-11 00:00:00
Basketball Tournament in Albany (USA),Sports,High,MadisonAve_Albany_USA,2024-07-13 00:00:00
Tech Conference in Albany (USA),Conference,Medium,MadisonAve_Albany_USA,2016-09-12 00:00:00
Jazz Night in Albany (USA),Concert,Low,NorthSt_Albany_USA,2021-07-04 00:00:00
Tech Conference in Albany (USA),Conference,High,NorthSt_Albany_USA,2021-09-07 00:00:00
Classical Concert in Albany (USA),Concert,Low,PearlSt_Albany_USA,2021-11-19 00:00:00
Jazz Night in Albany (USA),Concert,High,PearlSt_Albany_USA,2014-12-16 00:00:00
Jazz Night in Albany (USA),Concert,High,LarkSt_Albany_USA,2016-11-10 00:00:00
Pop Music Live in Albany (USA),Concert,High,LarkSt_Albany_USA,2021-08-30 00:00:00
Jazz Night in Albany (USA),Concert,High,WashingtonAve_Albany_USA,2025-03-23 00:00:00
National Celebration in Albany (USA),Holiday,High,NorthSt_Albany_USA,2019-01-19 00:00:00
Local Holiday in Troy (USA),Holiday,High,ParkAve_Troy_USA,2015-03-03 00:00:00
City Anniversary in Albany (USA),Holiday,Medium,ClintonAve_Albany_USA,2016-10-13 00:00:00
Classical Concert in Albany (USA),Concert,Medium,CentralAve_Albany_USA,2024-02-27 00:00:00
Startup Meetup in Troy (USA),Conference,Medium,SouthSt_Troy_USA,2015-12-18 00:00:00
Tech Conference in Troy (USA),Conference,Medium,SouthSt_Troy_USA,2017-03-17 00:00:00
Cultural Festival in Albany (USA),Festival,Medium,Broadway_Albany_USA,2017-04-11 00:00:00
City Anniversary in Albany (USA),Holiday,Low,StateSt_Albany_USA,2025-04-17 00:00:00
Jazz Night in Albany (USA),Concert,Low,StateSt_Albany_USA,2023-01-20 00:00:00
Pop Music Live in Albany (USA),Concert,Medium,DelawareAve_Albany_USA,2024-05-09 00:00:00
Local Holiday in Albany (USA),Holiday,Low,DelawareAve_Albany_USA,2025-02-04 00:00:00
Pop Music Live in Albany (USA),Concert,Low,StateSt_Albany_USA,2016-11-28 00:00:00
Tech Conference in Schenectady (USA),Conference,Low,CentralAve_Schenectady_USA,2017-08-26 00:00:00
City Anniversary in Schenectady (USA),Holiday,Medium,CentralAve_Schenectady_USA,2020-07-07 00:00:00
Basketball Tournament in Albany (USA),Sports,High,DelawareAve_Albany_USA,2018-08-07 00:00:00
Tech Conference in Schenectady (USA),Conference,Medium,CentralAve_Schenectady_USA,2015-01-26 00:00:00
Classical Concert in Albany (USA),Concert,Medium,ParkAve_Albany_USA,2020-09-13 00:00:00
Tech Conference in Albany (USA),Conference,Medium,ParkAve_Albany_USA,2020-02-25 00:00:00
Jazz Night in Schenectady (USA),Concert,High,PearlSt_Schenectady_USA,2022-02-15 00:00:00
Food Festival in Albany (USA),Festival,Low,LarkSt_Albany_USA,2018-11-30 00:00:00
Startup Meetup in Albany (USA),Conference,High,LarkSt_Albany_USA,2025-01-09 00:00:00
Football Match in Albany (USA),Sports,High,JaySt_Albany_USA,2020-03-16 00:00:00
Rock Concert in Albany (USA),Concert,Low,CentralAve_Albany_USA,2014-12-07 00:00:00
AI Congress in Troy (USA),Conference,High,ParkAve_Troy_USA,2019-08-15 00:00:00
Football Match in Troy (USA),Sports,Medium,ParkAve_Troy_USA,2024-12-09 00:00:00
Business Summit in Albany (USA),Conference,Medium,MadisonAve_Albany_USA,2025-08-09 00:00:00
Jazz Night in Albany (USA),Concert,High,MadisonAve_Albany_USA,2018-04-08 00:00:00
Pop Music Live in Schenectady (USA),Concert,High,WesternAve_Schenectady_USA,2020-10-22 00:00:00
AI Congress in Schenectady (USA),Conference,Low,WesternAve_Schenectady_USA,2018-08-17 00:00:00
Film Festival in Albany (USA),Festival,High,PearlSt_Albany_USA,2017-12-12 00:00:00
Film Festival in Albany (USA),Festival,Medium,DelawareAve_Albany_USA,2025-05-05 00:00:00
Classical Concert in Albany (USA),Concert,High,DelawareAve_Albany_USA,2015-01-27 00:00:00
National Celebration in Schenectady (USA),Holiday,High,ClintonAve_Schenectady_USA,2021-07-20 00:00:00
Pop Music Live in Schenectady (USA),Concert,Low,ClintonAve_Schenectady_USA,2023-09-17 00:00:00
Marathon in Albany (USA),Sports,High,ClintonAve_Albany_USA,2025-02-16 00:00:00
Food Festival in Albany (USA),Festival,Low,ClintonAve_Albany_USA,2019-06-11 00:00:00
National Celebration in Albany (USA),Holiday,Medium,JaySt_Albany_USA,2022-03-29 00:00:00
Pop Music Live in Schenectady (USA),Concert,High,StateSt_Schenectady_USA,2022-08-27 00:00:00
Football Match in Troy (USA),Sports,High,WesternAve_Troy_USA,2018-02-21 00:00:00
City Anniversary in Troy (USA),Holiday,Medium,WesternAve_Troy_USA,2025-03-23 00:00:00
Jazz Night in Albany (USA),Concert,High,HudsonAve_Albany_USA,2018-06-21 00:00:00
AI Congress in Troy (USA),Conference,Low,NorthSt_Troy_USA,2025-03-26 00:00:00
Basketball Tournament in Troy (USA),Sports,High,NorthSt_Troy_USA,2017-11-04 00:00:00
Business Summit in Albany (USA),Conference,High,WashingtonAve_Albany_USA,2022-05-27 00:00:00
AI Congress in Schenectady (USA),Conference,Medium,ClintonAve_Schenectady_USA,2020-10-12 00:00:00
Startup Meetup in Albany (USA),Conference,Low,PearlSt_Albany_USA,2020-12-04 00:00:00
Pop Music Live in Albany (USA),Concert,Medium,PearlSt_Albany_USA,2023-09-04 00:00:00
Basketball Tournament in Albany (USA),Sports,Low,ClintonAve_Albany_USA,2017-09-21 00:00:00
Cultural Festival in Albany (USA),Festival,Medium,ClintonAve_Albany_USA,2021-11-07 00:00:00
AI Congress in Albany (USA),Conference,Low,ClintonAve_Albany_USA,2016-10-05 00:00:00
Startup Meetup in Albany (USA),Conference,Low,CentralAve_Albany_USA,2015-09-21 00:00:00
Classical Concert in Albany (USA),Concert,Low,CentralAve_Albany_USA,2015-01-24 00:00:00
Classical Concert in Troy (USA),Concert,High,LarkSt_Troy_USA,2017-02-08 00:00:00
Music Festival in Troy (USA),Festival,Medium,LarkSt_Troy_USA,2018-03-14 00:00:00
Local Holiday in Albany (USA),Holiday,High,ClintonAve_Albany_USA,2023-02-21 00:00:00
Marathon in Albany (USA),Sports,High,ClintonAve_Albany_USA,2025-06-18 00:00:00
City Anniversary in Troy (USA),Holiday,High,WesternAve_Troy_USA,2016-09-24 00:00:00
Startup Meetup in Albany (USA),Conference,High,TenBroeckSt_Albany_USA,2015-02-28 00:00:00
Classical Concert in Troy (USA),Concert,High,StateSt_Troy_USA,2022-10-12 00:00:00
Food Festival in Troy (USA),Festival,Medium,StateSt_Troy_USA,2024-05-22 00:00:00
National Celebration in Albany (USA),Holiday,High,WesternAve_Albany_USA,2025-04-14 00:00:00
Music Festival in Troy (USA),Festival,Medium,StateSt_Troy_USA,2020-11-12 00:00:00
Cultural Festival in Albany (USA),Festival,Medium,PearlSt_Albany_USA,2019-08-05 00:00:00
Pop Music Live in Albany (USA),Concert,Low,PearlSt_Albany_USA,2024-01-15 00:00:00
Heritage Day in Troy (USA),Holiday,Low,ParkAve_Troy_USA,2023-07-26 00:00:00
Cultural Festival in Troy (USA),Festival,Low,ParkAve_Troy_USA,2022-09-11 00:00:00
Business Summit in Schenectady (USA),Conference,Low,NorthSt_Schenectady_USA,2022-10-04 00:00:00
Business Summit in Albany (USA),Conference,Low,PearlSt_Albany_USA,2021-05-07 00:00:00
City Anniversary in Schenectady (USA),Holiday,High,StateSt_Schenectady_USA,2018-03-05 00:00:00
Film Festival in Schenectady (USA),Festival,High,StateSt_Schenectady_USA,2015-07-26 00:00:00
Business Summit in Albany (USA),Conference,Low,WashingtonAve_Albany_USA,2017-06-03 00:00:00
Triathlon in Albany (USA),Sports,Medium,DelawareAve_Albany_USA,2025-03-12 00:00:00
Tech Conference in Albany (USA),Conference,Medium,HudsonAve_Albany_USA,2021-10-29 00:00:00
Marathon in Troy (USA),Sports,High,SouthSt_Troy_USA,2015-10-28 00:00:00
Business Summit in Albany (USA),Conference,Medium,LarkSt_Albany_USA,2022-03-11 00:00:00
Tech Conference in Albany (USA),Conference,High,WashingtonAve_Albany_USA,2024-10-08 00:00:00
Startup Meetup in Albany (USA),Conference,High,WashingtonAve_Albany_USA,2016-12-21 00:00:00
Triathlon in Albany (USA),Sports,High,CentralAve_Albany_USA,2025-08-02 00:00:00
AI Congress in Schenectady (USA),Conference,High,WesternAve_Schenectady_USA,2020-08-27 00:00:00
National Celebration in Schenectady (USA),Holiday,Low,WesternAve_Schenectady_USA,2022-02-15 00:00:00
Film Festival in Albany (USA),Festival,High,WashingtonAve_Albany_USA,2022-05-22 00:00:00
Tech Conference in Albany (USA),Conference,High,WashingtonAve_Albany_USA,2015-10-03 00:00:00
Classical Concert in Troy (USA),Concert,High,ClintonAve_Troy_USA,2020-07-07 00:00:00
Football Match in Troy (USA),Sports,Medium,ClintonAve_Troy_USA,2024-01-29 00:00:00
Local Holiday in Troy (USA),Holiday,High,SouthSt_Troy_USA,2016-10-19 00:00:00
Pop Music Live in Troy (USA),Concert,Low,SouthSt_Troy_USA,2024-07-29 00:00:00
Local Holiday in Albany (USA),Holiday,Medium,SouthSt_Albany_USA,2015-12-23 00:00:00
Pop Music Live in Albany (USA),Concert,Medium,SouthSt_Albany_USA,2020-10-26 00:00:00
Heritage Day in Albany (USA),Holiday,High,DelawareAve_Albany_USA,2014-09-28 00:00:00
Heritage Day in Albany (USA),Holiday,Low,DelawareAve_Albany_USA,2022-11-10 00:00:00
Music Festival in Troy (USA),Festival,Medium,ParkAve_Troy_USA,2018-05-12 00:00:00
Music Festival in Troy (USA),Festival,Low,ParkAve_Troy_USA,2025-07-22 00:00:00
Cultural Festival in Albany (USA),Festival,Medium,Broadway_Albany_USA,2016-07-07 00:00:00
Heritage Day in Albany (USA),Holiday,Medium,ParkAve_Albany_USA,2019-07-12 00:00:00
City Anniversary in Albany (USA),Holiday,Low,ParkAve_Albany_USA,2022-02-25 00:00:00
Classical Concert in Albany (USA),Concert,High,JaySt_Albany_USA,2024-02-22 00:00:00
Tech Conference in Albany (USA),Conference,Low,JaySt_Albany_USA,2025-08-18 00:00:00
National Celebration in Albany (USA),Holiday,High,WesternAve_Albany_USA,2025-06-21 00:00:00
Marathon in Albany (USA),Sports,Low,WesternAve_Albany_USA,2025-06-20 00:00:00
City Anniversary in Albany (USA),Holiday,High,DelawareAve_Albany_USA,2018-10-01 00:00:00
Business Summit in Albany (USA),Conference,Medium,TenBroeckSt_Albany_USA,2016-08-11 00:00:00
Music Festival in Albany (USA),Festival,High,LarkSt_Albany_USA,2019-03-14 00:00:00
Rock Concert in Albany (USA),Concert,Low,LarkSt_Albany_USA,2016-10-22 00:00:00
Film Festival in Troy (USA),Festival,High,SouthSt_Troy_USA,2022-01-12 00:00:00
Food Festival in Troy (USA),Festival,High,SouthSt_Troy_USA,2014-12-29 00:00:00
National Celebration in Schenectady (USA),Holiday,High,ParkAve_Schenectady_USA,2016-12-06 00:00:00
Business Summit in Troy (USA),Conference,High,WashingtonAve_Troy_USA,2020-12-15 00:00:00
Startup Meetup in Troy (USA),Conference,Low,WashingtonAve_Troy_USA,2017-11-18 00:00:00
Classical Concert in Albany (USA),Concert,Medium,ClintonAve_Albany_USA,2017-11-12 00:00:00
Tech Conference in Albany (USA),Conference,High,ClintonAve_Albany_USA,2025-02-18 00:00:00
Triathlon in Schenectady (USA),Sports,High,LarkSt_Schenectady_USA,2020-01-21 00:00:00
Cultural Festival in Schenectady (USA),Festival,High,LarkSt_Schenectady_USA,2022-01-09 00:00:00
Jazz Night in Albany (USA),Concert,High,PearlSt_Albany_USA,2019-03-02 00:00:00
Basketball Tournament in Albany (USA),Sports,Medium,LarkSt_Albany_USA,2016-07-23 00:00:00
National Celebration in Albany (USA),Holiday,Low,TenBroeckSt_Albany_USA,2017-11-13 00:00:00
Triathlon in Albany (USA),Sports,Low,TenBroeckSt_Albany_USA,2020-10-20 00:00:00
National Celebration in Albany (USA),Holiday,Medium,PearlSt_Albany_USA,2017-03-21 00:00:00
Basketball Tournament in Albany (USA),Sports,High,MadisonAve_Albany_USA,2015-05-20 00:00:00
Tech Conference in Albany (USA),Conference,High,Broadway_Albany_USA,2022-08-15 00:00:00
Local Holiday in Schenectady (USA),Holiday,Low,CentralAve_Schenectady_USA,2016-08-09 00:00:00
Classical Concert in Schenectady (USA),Concert,Medium,WashingtonAve_Schenectady_USA,2016-11-02 00:00:00
Startup Meetup in Schenectady (USA),Conference,Low,WashingtonAve_Schenectady_USA,2016-11-14 00:00:00
Film Festival in Troy (USA),Festival,Low,Broadway_Troy_USA,2022-04-19 00:00:00
Classical Concert in Troy (USA),Concert,Medium,Broadway_Troy_USA,2024-10-04 00:00:00
Startup Meetup in Schenectady (USA),Conference,Medium,ParkAve_Schenectady_USA,2019-09-22 00:00:00
Jazz Night in Schenectady (USA),Concert,Medium,ParkAve_Schenectady_USA,2017-06-06 00:00:00
Pop Music Live in Troy (USA),Concert,Medium,WesternAve_Troy_USA,2015-08-08 00:00:00
Heritage Day in Albany (USA),Holiday,Low,TenBroeckSt_Albany_USA,2018-08-27 00:00:00
AI Congress in Albany (USA),Conference,Low,TenBroeckSt_Albany_USA,2020-10-21 00:00:00
Marathon in Albany (USA),Sports,Medium,ParkAve_Albany_USA,2020-09-13 00:00:00
Pop Music Live in Albany (USA),Concert,Medium,ParkAve_Albany_USA,2016-03-16 00:00:00
Triathlon in Schenectady (USA),Sports,High,PearlSt_Schenectady_USA,2023-11-04 00:00:00
Jazz Night in Albany (USA),Concert,Medium,StateSt_Albany_USA,2023-01-21 00:00:00
City Anniversary in Albany (USA),Holiday,Low,SouthSt_Albany_USA,2022-09-18 00:00:00
Football Match in Albany (USA),Sports,High,JaySt_Albany_USA,2020-08-16 00:00:00
Marathon in Albany (USA),Sports,High,CentralAve_Albany_USA,2014-11-16 00:00:00
Music Festival in Albany (USA),Festival,Medium,CentralAve_Albany_USA,2016-01-15 00:00:00
Marathon in Albany (USA),Sports,High,CentralAve_Albany_USA,2016-03-10 00:00:00
Heritage Day in Albany (USA),Holiday,Low,TenBroeckSt_Albany_USA,2021-06-04 00:00:00
Pop Music Live in Albany (USA),Concert,High,TenBroeckSt_Albany_USA,2019-12-20 00:00:00
Pop Music Live in Schenectady (USA),Concert,Low,WashingtonAve_Schenectady_USA,2014-09-07 00:00:00
Jazz Night in Schenectady (USA),Concert,High,WashingtonAve_Schenectady_USA,2025-06-16 00:00:00
Film Festival in Troy (USA),Festival,Low,PearlSt_Troy_USA,2015-09-12 00:00:00
Football Match in Albany (USA),Sports,Low,ClintonAve_Albany_USA,2021-06-12 00:00:00
Jazz Night in Albany (USA),Concert,Medium,ClintonAve_Albany_USA,2017-06-29 00:00:00
Cultural Festival in Albany (USA),Festival,Medium,PearlSt_Albany_USA,2019-08-24 00:00:00
Football Match in Troy (USA),Sports,Medium,PearlSt_Troy_USA,2022-03-02 00:00:00
Music Festival in Troy (USA),Festival,Low,PearlSt_Troy_USA,2019-01-16 00:00:00
City Anniversary in Troy (USA),Holiday,Low,PearlSt_Troy_USA,2021-08-21 00:00:00
Marathon in Albany (USA),Sports,Medium,WesternAve_Albany_USA,2023-12-23 00:00:00
Heritage Day in Albany (USA),Holiday,High,WesternAve_Albany_USA,2025-06-16 00:00:00
Food Festival in Albany (USA),Festival,Low,PearlSt_Albany_USA,2024-08-08 00:00:00
Pop Music Live in Albany (USA),Concert,Medium,PearlSt_Albany_USA,2015-01-07 00:00:00
Tech Conference in Albany (USA),Conference,Low,ClintonAve_Albany_USA,2024-11-29 00:00:00
Tech Conference in Albany (USA),Conference,Low,ClintonAve_Albany_USA,2021-01-29 00:00:00
Local Holiday in Troy (USA),Holiday,Medium,Broadway_Troy_USA,2016-04-26 00:00:00
Classical Concert in Troy (USA),Concert,High,Broadway_Troy_USA,2023-11-09 00:00:00
Jazz Night in Troy (USA),Concert,Medium,TenBroeckSt_Troy_USA,2022-12-20 00:00:00
Marathon in Schenectady (USA),Sports,High,SouthSt_Schenectady_USA,2022-11-09 00:00:00
Tech Conference in Schenectady (USA),Conference,Low,SouthSt_Schenectady_USA,2019-05-26 00:00:00
Pop Music Live in Albany (USA),Concert,Medium,JaySt_Albany_USA,2014-10-30 00:00:00
AI Congress in Albany (USA),Conference,Medium,WashingtonAve_Albany_USA,2017-01-20 00:00:00
AI Congress in Albany (USA),Conference,Medium,WashingtonAve_Albany_USA,2016-07-30 00:00:00
Pop Music Live in Schenectady (USA),Concert,Low,PearlSt_Schenectady_USA,2023-02-26 00:00:00
Jazz Night in Schenectady (USA),Concert,Low,PearlSt_Schenectady_USA,2022-06-29 00:00:00
Triathlon in Schenectady (USA),Sports,High,PearlSt_Schenectady_USA,2023-04-15 00:00:00
Triathlon in Albany (USA),Sports,Medium,PearlSt_Albany_USA,2018-07-17 00:00:00
Music Festival in Albany (USA),Festival,Low,PearlSt_Albany_USA,2025-01-26 00:00:00
Heritage Day in Schenectady (USA),Holiday,Medium,DelawareAve_Schenectady_USA,2015-08-23 00:00:00
City Anniversary in Troy (USA),Holiday,Low,SouthSt_Troy_USA,2014-10-16 00:00:00
Rock Concert in Schenectady (USA),Concert,High,TenBroeckSt_Schenectady_USA,2021-03-15 00:00:00
Local Holiday in Albany (USA),Holiday,Medium,ClintonAve_Albany_USA,2019-02-19 00:00:00
Food Festival in Albany (USA),Festival,High,PearlSt_Albany_USA,2020-05-04 00:00:00
National Celebration in Albany (USA),Holiday,Low,CentralAve_Albany_USA,2017-07-06 00:00:00
Startup Meetup in Albany (USA),Conference,Medium,CentralAve_Albany_USA,2016-02-18 00:00:00
AI Congress in Albany (USA),Conference,Medium,JaySt_Albany_USA,2019-12-05 00:00:00
Business Summit in Albany (USA),Conference,High,HudsonAve_Albany_USA,2021-07-04 00:00:00
Classical Concert in Schenectady (USA),Concert,Medium,CentralAve_Schenectady_USA,2015-09-12 00:00:00
Film Festival in Troy (USA),Festival,Medium,ClintonAve_Troy_USA,2023-12-08 00:00:00
Heritage Day in Albany (USA),Holiday,Medium,DelawareAve_Albany_USA,2018-04-02 00:00:00
National Celebration in Albany (USA),Holiday,Medium,DelawareAve_Albany_USA,2018-02-03 00:00:00
Triathlon in Albany (USA),Sports,Medium,DelawareAve_Albany_USA,2016-06-27 00:00:00
Heritage Day in Albany (USA),Holiday,Medium,DelawareAve_Albany_USA,2022-09-27 00:00:00
National Celebration in Albany (USA),Holiday,Medium,WashingtonAve_Albany_USA,2018-09-18 00:00:00
AI Congress in Albany (USA),Conference,Medium,WashingtonAve_Albany_USA,2015-10-10 00:00:00
Football Match in Albany (USA),Sports,High,Broadway_Albany_USA,2023-02-08 00:00:00
Rock Concert in Albany (USA),Concert,High,Broadway_Albany_USA,2019-09-03 00:00:00
Triathlon in Albany (USA),Sports,Medium,CentralAve_Albany_USA,2023-10-26 00:00:00
Film Festival in Albany (USA),Festival,High,CentralAve_Albany_USA,2020-02-05 00:00:00
Business Summit in Albany (USA),Conference,Medium,MadisonAve_Albany_USA,2021-11-18 00:00:00
Triathlon in Albany (USA),Sports,Medium,MadisonAve_Albany_USA,2015-04-29 00:00:00
Pop Music Live in Troy (USA),Concert,High,Broadway_Troy_USA,2018-12-28 00:00:00
Pop Music Live in Albany (USA),Concert,High,Broadway_Albany_USA,2014-11-28 00:00:00
Tech Conference in Albany (USA),Conference,Low,Broadway_Albany_USA,2023-02-13 00:00:00
Business Summit in Albany (USA),Conference,High,PearlSt_Albany_USA,2021-05-14 00:00:00
Film Festival in Albany (USA),Festival,Medium,PearlSt_Albany_USA,2025-04-29 00:00:00
Music Festival in Albany (USA),Festival,Low,MadisonAve_Albany_USA,2017-05-25 00:00:00
Classical Concert in Schenectady (USA),Concert,Medium,StateSt_Schenectady_USA,2018-09-10 00:00:00
City Anniversary in Schenectady (USA),Holiday,High,StateSt_Schenectady_USA,2021-02-04 00:00:00
Classical Concert in Albany (USA),Concert,Medium,StateSt_Albany_USA,2014-10-09 00:00:00
Local Holiday in Albany (USA),Holiday,Medium,StateSt_Albany_USA,2019-02-28 00:00:00
Basketball Tournament in Schenectady (USA),Sports,Medium,SouthSt_Schenectady_USA,2018-05-06 00:00:00
National Celebration in Schenectady (USA),Holiday,High,SouthSt_Schenectady_USA,2019-11-30 00:00:00
Local Holiday in Albany (USA),Holiday,Medium,NorthSt_Albany_USA,2022-08-05 00:00:00
Heritage Day in Schenectady (USA),Holiday,Low,WesternAve_Schenectady_USA,2017-11-11 00:00:00
Music Festival in Schenectady (USA),Festival,Low,WesternAve_Schenectady_USA,2024-01-08 00:00:00
Food Festival in Albany (USA),Festival,High,SouthSt_Albany_USA,2017-03-26 00:00:00
Football Match in Albany (USA),Sports,Medium,TenBroeckSt_Albany_USA,2020-10-10 00:00:00
City Anniversary in Albany (USA),Holiday,Low,TenBroeckSt_Albany_USA,2023-06-11 00:00:00
Football Match in Albany (USA),Sports,High,ParkAve_Albany_USA,2021-11-13 00:00:00
Local Holiday in Albany (USA),Holiday,High,DelawareAve_Albany_USA,2021-05-20 00:00:00
Pop Music Live in Albany (USA),Concert,Medium,HudsonAve_Albany_USA,2014-07-19 00:00:00
Football Match in Schenectady (USA),Sports,Medium,JaySt_Schenectady_USA,2022-12-07 00:00:00
Music Festival in Schenectady (USA),Festival,High,JaySt_Schenectady_USA,2016-08-04 00:00:00
Business Summit in Albany (USA),Conference,Medium,CentralAve_Albany_USA,2015-10-10 00:00:00
Heritage Day in Schenectady (USA),Holiday,High,DelawareAve_Schenectady_USA,2018-11-08 00:00:00
Local Holiday in Albany (USA),Holiday,Medium,PearlSt_Albany_USA,2018-06-11 00:00:00
National Celebration in Albany (USA),Holiday,High,PearlSt_Albany_USA,2022-05-31 00:00:00
Rock Concert in Schenectady (USA),Concert,High,NorthSt_Schenectady_USA,2015-12-31 00:00:00
Food Festival in Troy (USA),Festival,Medium,NorthSt_Troy_USA,2015-10-23 00:00:00
Triathlon in Troy (USA),Sports,Medium,SouthSt_Troy_USA,2021-03-08 00:00:00
City Anniversary in Troy (USA),Holiday,Low,HudsonAve_Troy_USA,2019-12-15 00:00:00
Classical Concert in Troy (USA),Concert,High,HudsonAve_Troy_USA,2016-05-14 00:00:00
Business Summit in Schenectady (USA),Conference,Low,StateSt_Schenectady_USA,2018-01-09 00:00:00
Rock Concert in Albany (USA),Concert,Medium,HudsonAve_Albany_USA,2025-03-03 00:00:00
Football Match in Albany (USA),Sports,Medium,DelawareAve_Albany_USA,2025-04-21 00:00:00
Pop Music Live in Albany (USA),Concert,Medium,HudsonAve_Albany_USA,2022-03-05 00:00:00
City Anniversary in Albany (USA),Holiday,High,HudsonAve_Albany_USA,2023-12-01 00:00:00
National Celebration in Albany (USA),Holiday,Low,ClintonAve_Albany_USA,2020-11-01 00:00:00
Cultural Festival in Schenectady (USA),Festival,Low,DelawareAve_Schenectady_USA,2020-07-11 00:00:00
Triathlon in Albany (USA),Sports,High,PearlSt_Albany_USA,2022-10-28 00:00:00
Rock Concert in Troy (USA),Concert,High,PearlSt_Troy_USA,2015-10-11 00:00:00
Jazz Night in Albany (USA),Concert,High,PearlSt_Albany_USA,2023-09-21 00:00:00
National Celebration in Troy (USA),Holiday,Medium,MadisonAve_Troy_USA,2015-08-24 00:00:00
Basketball Tournament in Troy (USA),Sports,Low,MadisonAve_Troy_USA,2019-07-17 00:00:00
Tech Conference in Albany (USA),Conference,Medium,ClintonAve_Albany_USA,2024-03-14 00:00:00
Jazz Night in Albany (USA),Concert,High,NorthSt_Albany_USA,2021-05-04 00:00:00
National Celebration in Albany (USA),Holiday,High,NorthSt_Albany_USA,2016-01-22 00:00:00
Startup Meetup in Albany (USA),Conference,High,WesternAve_Albany_USA,2020-07-15 00:00:00
Basketball Tournament in Albany (USA),Sports,High,WesternAve_Albany_USA,2017-10-11 00:00:00
Jazz Night in Albany (USA),Concert,High,Broadway_Albany_USA,2025-07-19 00:00:00
Food Festival in Albany (USA),Festival,Medium,ParkAve_Albany_USA,2024-10-19 00:00:00
Cultural Festival in Albany (USA),Festival,High,ParkAve_Albany_USA,2015-12-02 00:00:00
Football Match in Schenectady (USA),Sports,Low,LarkSt_Schenectady_USA,2022-06-22 00:00:00
Business Summit in Schenectady (USA),Conference,High,LarkSt_Schenectady_USA,2018-11-25 00:00:00
Basketball Tournament in Troy (USA),Sports,High,JaySt_Troy_USA,2019-02-21 00:00:00
Local Holiday in Schenectady (USA),Holiday,High,SouthSt_Schenectady_USA,2023-05-29 00:00:00
Jazz Night in Albany (USA),Concert,High,TenBroeckSt_Albany_USA,2024-12-30 00:00:00
City Anniversary in Troy (USA),Holiday,Medium,TenBroeckSt_Troy_USA,2021-01-08 00:00:00
Film Festival in Schenectady (USA),Festival,High,PearlSt_Schenectady_USA,2021-12-11 00:00:00
Tech Conference in Schenectady (USA),Conference,High,PearlSt_Schenectady_USA,2018-12-16 00:00:00
Triathlon in Troy (USA),Sports,Medium,SouthSt_Troy_USA,2018-02-12 00:00:00
Business Summit in Albany (USA),Conference,High,Broadway_Albany_USA,2024-01-21 00:00:00
Tech Conference in Schenectady (USA),Conference,Low,MadisonAve_Schenectady_USA,2015-08-12 00:00:00
Local Holiday in Albany (USA),Holiday,Low,ParkAve_Albany_USA,2024-12-01 00:00:00
Triathlon in Albany (USA),Sports,Medium,ParkAve_Albany_USA,2014-07-03 00:00:00
Football Match in Schenectady (USA),Sports,High,TenBroeckSt_Schenectady_USA,2017-11-18 00:00:00
Cultural Festival in Albany (USA),Festival,Medium,ParkAve_Albany_USA,2015-06-03 00:00:00
Marathon in Albany (USA),Sports,Medium,NorthSt_Albany_USA,2021-07-06 00:00:00
Triathlon in Albany (USA),Sports,High,CentralAve_Albany_USA,2015-07-09 00:00:00
Music Festival in Schenectady (USA),Festival,Low,MadisonAve_Schenectady_USA,2019-11-05 00:00:00
Food Festival in Schenectady (USA),Festival,High,MadisonAve_Schenectady_USA,2017-01-12 00:00:00
Local Holiday in Schenectady (USA),Holiday,Low,ParkAve_Schenectady_USA,2022-04-19 00:00:00
Tech Conference in Schenectady (USA),Conference,Medium,ParkAve_Schenectady_USA,2022-04-12 00:00:00
Food Festival in Troy (USA),Festival,Medium,StateSt_Troy_USA,2015-07-01 00:00:00
Music Festival in Albany (USA),Festival,Medium,DelawareAve_Albany_USA,2018-08-14 00:00:00
Business Summit in Albany (USA),Conference,Medium,DelawareAve_Albany_USA,2023-03-04 00:00:00
Marathon in Albany (USA),Sports,High,StateSt_Albany_USA,2020-10-24 00:00:00
Food Festival in Albany (USA),Festival,Medium,StateSt_Albany_USA,2018-06-08 00:00:00
Football Match in Albany (USA),Sports,Medium,StateSt_Albany_USA,2021-05-28 00:00:00
National Celebration in Albany (USA),Holiday,Low,StateSt_Albany_USA,2024-07-20 00:00:00
Heritage Day in Albany (USA),Holiday,Medium,JaySt_Albany_USA,2018-01-09 00:00:00
Football Match in Albany (USA),Sports,Medium,JaySt_Albany_USA,2021-09-22 00:00:00
Jazz Night in Albany (USA),Concert,High,LarkSt_Albany_USA,2014-10-18 00:00:00
Business Summit in Albany (USA),Conference,High,LarkSt_Albany_USA,2021-04-20 00:00:00
Triathlon in Albany (USA),Sports,Medium,Broadway_Albany_USA,2021-09-28 00:00:00
Food Festival in Albany (USA),Festival,Medium,Broadway_Albany_USA,2018-10-28 00:00:00
Rock Concert in Schenectady (USA),Concert,High,NorthSt_Schenectady_USA,2024-06-18 00:00:00
Business Summit in Albany (USA),Conference,Medium,ParkAve_Albany_USA,2024-02-24 00:00:00
Heritage Day in Albany (USA),Holiday,High,PearlSt_Albany_USA,2022-02-26 00:00:00
Triathlon in Albany (USA),Sports,Low,PearlSt_Albany_USA,2014-09-07 00:00:00
Music Festival in Troy (USA),Festival,Medium,MadisonAve_Troy_USA,2016-11-30 00:00:00
Music Festival in Troy (USA),Festival,Medium,MadisonAve_Troy_USA,2020-03-06 00:00:00
Pop Music Live in Troy (USA),Concert,Medium,CentralAve_Troy_USA,2022-05-14 00:00:00
Food Festival in Albany (USA),Festival,Medium,HudsonAve_Albany_USA,2015-06-08 00:00:00
Food Festival in Albany (USA),Festival,Low,ClintonAve_Albany_USA,2020-07-06 00:00:00
Local Holiday in Albany (USA),Holiday,Medium,CentralAve_Albany_USA,2022-05-01 00:00:00
Marathon in Schenectady (USA),Sports,Low,SouthSt_Schenectady_USA,2015-06-19 00:00:00
Film Festival in Albany (USA),Festival,High,HudsonAve_Albany_USA,2021-04-28 00:00:00
Marathon in Troy (USA),Sports,Low,ParkAve_Troy_USA,2022-06-08 00:00:00
Food Festival in Albany (USA),Festival,Medium,MadisonAve_Albany_USA,2025-03-08 00:00:00
Startup Meetup in Albany (USA),Conference,Low,MadisonAve_Albany_USA,2018-09-01 00:00:00
Tech Conference in Troy (USA),Conference,Low,LarkSt_Troy_USA,2018-04-03 00:00:00
Heritage Day in Troy (USA),Holiday,High,LarkSt_Troy_USA,2015-03-19 00:00:00
Rock Concert in Albany (USA),Concert,Medium,JaySt_Albany_USA,2019-08-08 00:00:00
Tech Conference in Schenectady (USA),Conference,Medium,ParkAve_Schenectady_USA,2024-02-18 00:00:00
Classical Concert in Schenectady (USA),Concert,Medium,ParkAve_Schenectady_USA,2016-04-05 00:00:00
Music Festival in Troy (USA),Festival,Low,ClintonAve_Troy_USA,2022-10-21 00:00:00
Music Festival in Albany (USA),Festival,Low,WashingtonAve_Albany_USA,2017-03-28 00:00:00
Film Festival in Albany (USA),Festival,Medium,WashingtonAve_Albany_USA,2018-10-16 00:00:00
National Celebration in Albany (USA),Holiday,Medium,StateSt_Albany_USA,2017-04-12 00:00:00
Heritage Day in Albany (USA),Holiday,Medium,StateSt_Albany_USA,2023-10-05 00:00:00
Tech Conference in Albany (USA),Conference,High,MadisonAve_Albany_USA,2022-01-17 00:00:00
Food Festival in Albany (USA),Festival,Low,MadisonAve_Albany_USA,2023-07-08 00:00:00
Film Festival in Albany (USA),Festival,Low,MadisonAve_Albany_USA,2024-05-01 00:00:00
Heritage Day in Albany (USA),Holiday,Medium,MadisonAve_Albany_USA,2018-03-02 00:00:00
Local Holiday in Albany (USA),Holiday,Medium,NorthSt_Albany_USA,2016-09-29 00:00:00
Startup Meetup in Albany (USA),Conference,High,NorthSt_Albany_USA,2021-06-24 00:00:00
AI Congress in Albany (USA),Conference,Low,HudsonAve_Albany_USA,2022-09-17 00:00:00
Football Match in Albany (USA),Sports,Low,Broadway_Albany_USA,2024-12-14 00:00:00
Local Holiday in Albany (USA),Holiday,Low,Broadway_Albany_USA,2020-07-27 00:00:00
Cultural Festival in Albany (USA),Festival,Low,ParkAve_Albany_USA,2023-01-03 00:00:00
Heritage Day in Troy (USA),Holiday,Low,WashingtonAve_Troy_USA,2016-10-18 00:00:00
Classical Concert in Troy (USA),Concert,Medium,WashingtonAve_Troy_USA,2020-01-06 00:00:00
Tech Conference in Albany (USA),Conference,Low,PearlSt_Albany_USA,2024-10-29 00:00:00
Triathlon in Albany (USA),Sports,High,PearlSt_Albany_USA,2024-07-16 00:00:00
Local Holiday in Schenectady (USA),Holiday,High,CentralAve_Schenectady_USA,2015-07-27 00:00:00
Triathlon in Schenectady (USA),Sports,Low,Broadway_Schenectady_USA,2021-02-18 00:00:00
Rock Concert in Schenectady (USA),Concert,Medium,Broadway_Schenectady_USA,2021-12-04 00:00:00
Startup Meetup in Albany (USA),Conference,Medium,ParkAve_Albany_USA,2022-05-10 00:00:00
Startup Meetup in Albany (USA),Conference,Medium,Broadway_Albany_USA,2017-07-18 00:00:00
Marathon in Albany (USA),Sports,Low,Broadway_Albany_USA,2016-01-09 00:00:00
Food Festival in Schenectady (USA),Festival,Low,MadisonAve_Schenectady_USA,2016-05-04 00:00:00
City Anniversary in Schenectady (USA),Holiday,Medium,MadisonAve_Schenectady_USA,2019-01-21 00:00:00
Business Summit in Albany (USA),Conference,Medium,StateSt_Albany_USA,2017-12-14 00:00:00
Heritage Day in Albany (USA),Holiday,Low,StateSt_Albany_USA,2015-07-06 00:00:00
Tech Conference in Schenectady (USA),Conference,Low,DelawareAve_Schenectady_USA,2023-11-14 00:00:00
Business Summit in Schenectady (USA),Conference,Low,DelawareAve_Schenectady_USA,2022-06-21 00:00:00
Local Holiday in Troy (USA),Holiday,High,ParkAve_Troy_USA,2017-11-06 00:00:00
Marathon in Albany (USA),Sports,Medium,MadisonAve_Albany_USA,2024-01-30 00:00:00
Classical Concert in Albany (USA),Concert,Low,PearlSt_Albany_USA,2019-09-05 00:00:00
Tech Conference in Albany (USA),Conference,High,CentralAve_Albany_USA,2021-01-25 00:00:00
Music Festival in Albany (USA),Festival,Low,NorthSt_Albany_USA,2016-09-17 00:00:00
National Celebration in Albany (USA),Holiday,Low,ParkAve_Albany_USA,2024-08-24 00:00:00
Tech Conference in Albany (USA),Conference,Low,ParkAve_Albany_USA,2025-01-23 00:00:00
Food Festival in Albany (USA),Festival,High,MadisonAve_Albany_USA,2019-05-10 00:00:00
City Anniversary in Schenectady (USA),Holiday,Low,TenBroeckSt_Schenectady_USA,2018-10-15 00:00:00
National Celebration in Schenectady (USA),Holiday,Medium,TenBroeckSt_Schenectady_USA,2016-11-26 00:00:00
AI Congress in Albany (USA),Conference,Low,ClintonAve_Albany_USA,2014-11-19 00:00:00
Classical Concert in Albany (USA),Concert,High,Broadway_Albany_USA,2017-10-21 00:00:00
City Anniversary in Albany (USA),Holiday,High,Broadway_Albany_USA,2019-11-14 00:00:00
National Celebration in Albany (USA),Holiday,Medium,LarkSt_Albany_USA,2016-09-24 00:00:00
Classical Concert in Troy (USA),Concert,High,ClintonAve_Troy_USA,2025-08-23 00:00:00
Rock Concert in Troy (USA),Concert,Medium,ClintonAve_Troy_USA,2023-04-07 00:00:00
AI Congress in Albany (USA),Conference,High,SouthSt_Albany_USA,2023-04-05 00:00:00
Heritage Day in Albany (USA),Holiday,High,SouthSt_Albany_USA,2020-02-17 00:00:00
Heritage Day in Schenectady (USA),Holiday,Low,StateSt_Schenectady_USA,2014-10-15 00:00:00
Classical Concert in Schenectady (USA),Concert,Low,DelawareAve_Schenectady_USA,2024-07-17 00:00:00
Film Festival in Albany (USA),Festival,High,TenBroeckSt_Albany_USA,2018-07-04 00:00:00
Football Match in Albany (USA),Sports,Low,JaySt_Albany_USA,2017-04-11 00:00:00
Basketball Tournament in Albany (USA),Sports,High,JaySt_Albany_USA,2023-08-26 00:00:00
Food Festival in Troy (USA),Festival,High,LarkSt_Troy_USA,2023-12-28 00:00:00
Heritage Day in Troy (USA),Holiday,Low,LarkSt_Troy_USA,2016-06-21 00:00:00
Startup Meetup in Albany (USA),Conference,High,JaySt_Albany_USA,2014-10-24 00:00:00
Business Summit in Albany (USA),Conference,High,JaySt_Albany_USA,2025-02-17 00:00:00
Jazz Night in Albany (USA),Concert,Low,LarkSt_Albany_USA,2019-12-30 00:00:00
Marathon in Albany (USA),Sports,High,CentralAve_Albany_USA,2019-11-09 00:00:00
Cultural Festival in Albany (USA),Festival,High,CentralAve_Albany_USA,2016-10-03 00:00:00
Basketball Tournament in Schenectady (USA),Sports,Low,CentralAve_Schenectady_USA,2014-09-28 00:00:00
Marathon in Albany (USA),Sports,High,WashingtonAve_Albany_USA,2024-02-24 00:00:00
Tech Conference in Albany (USA),Conference,Medium,WashingtonAve_Albany_USA,2022-05-25 00:00:00
Local Holiday in Troy (USA),Holiday,Medium,StateSt_Troy_USA,2017-11-18 00:00:00
Business Summit in Troy (USA),Conference,Low,StateSt_Troy_USA,2022-09-16 00:00:00
Heritage Day in Troy (USA),Holiday,Low,SouthSt_Troy_USA,2022-06-05 00:00:00
Jazz Night in Schenectady (USA),Concert,Low,ClintonAve_Schenectady_USA,2021-12-17 00:00:00
Classical Concert in Schenectady (USA),Concert,Medium,ClintonAve_Schenectady_USA,2017-12-08 00:00:00
Business Summit in Troy (USA),Conference,Low,MadisonAve_Troy_USA,2022-09-02 00:00:00
Film Festival in Troy (USA),Festival,High,MadisonAve_Troy_USA,2014-11-10 00:00:00
Business Summit in Albany (USA),Conference,High,JaySt_Albany_USA,2020-11-02 00:00:00
Film Festival in Albany (USA),Festival,Low,JaySt_Albany_USA,2018-03-18 00:00:00
Food Festival in Albany (USA),Festival,Medium,CentralAve_Albany_USA,2025-07-06 00:00:00
Business Summit in Albany (USA),Conference,High,CentralAve_Albany_USA,2024-06-04 00:00:00
AI Congress in Albany (USA),Conference,Low,MadisonAve_Albany_USA,2017-06-21 00:00:00
Football Match in Albany (USA),Sports,High,MadisonAve_Albany_USA,2015-04-04 00:00:00
Tech Conference in Albany (USA),Conference,High,JaySt_Albany_USA,2014-07-06 00:00:00
City Anniversary in Troy (USA),Holiday,Low,MadisonAve_Troy_USA,2024-06-01 00:00:00
City Anniversary in Albany (USA),Holiday,Medium,SouthSt_Albany_USA,2020-08-14 00:00:00
Film Festival in Albany (USA),Festival,High,ParkAve_Albany_USA,2021-10-18 00:00:00
Football Match in Albany (USA),Sports,Medium,DelawareAve_Albany_USA,2015-04-28 00:00:00
Cultural Festival in Albany (USA),Festival,Low,DelawareAve_Albany_USA,2018-01-26 00:00:00
Music Festival in Schenectady (USA),Festival,Medium,CentralAve_Schenectady_USA,2016-05-27 00:00:00
Marathon in Albany (USA),Sports,High,ClintonAve_Albany_USA,2025-01-21 00:00:00
Pop Music Live in Schenectady (USA),Concert,High,ClintonAve_Schenectady_USA,2014-11-04 00:00:00
Triathlon in Albany (USA),Sports,Low,CentralAve_Albany_USA,2015-02-05 00:00:00
Football Match in Schenectady (USA),Sports,Medium,LarkSt_Schenectady_USA,2022-04-25 00:00:00
Jazz Night in Schenectady (USA),Concert,High,Broadway_Schenectady_USA,2017-08-27 00:00:00
Business Summit in Schenectady (USA),Conference,Low,Broadway_Schenectady_USA,2015-01-20 00:00:00
Pop Music Live in Albany (USA),Concert,Low,ClintonAve_Albany_USA,2015-02-09 00:00:00
Film Festival in Albany (USA),Festival,Low,StateSt_Albany_USA,2017-10-19 00:00:00
Pop Music Live in Troy (USA),Concert,Low,CentralAve_Troy_USA,2015-08-02 00:00:00
Food Festival in Troy (USA),Festival,Low,CentralAve_Troy_USA,2021-08-27 00:00:00
Film Festival in Albany (USA),Festival,Low,Broadway_Albany_USA,2017-12-15 00:00:00
City Anniversary in Albany (USA),Holiday,High,PearlSt_Albany_USA,2017-06-20 00:00:00
Pop Music Live in Albany (USA),Concert,Low,SouthSt_Albany_USA,2018-08-28 00:00:00
Heritage Day in Albany (USA),Holiday,Low,SouthSt_Albany_USA,2019-06-30 00:00:00
City Anniversary in Albany (USA),Holiday,Medium,WesternAve_Albany_USA,2017-01-12 00:00:00
Rock Concert in Troy (USA),Concert,Low,CentralAve_Troy_USA,2022-12-07 00:00:00
Music Festival in Troy (USA),Festival,High,DelawareAve_Troy_USA,2018-05-09 00:00:00
Pop Music Live in Troy (USA),Concert,High,DelawareAve_Troy_USA,2017-01-17 00:00:00
Film Festival in Schenectady (USA),Festival,High,DelawareAve_Schenectady_USA,2019-03-11 00:00:00
Pop Music Live in Schenectady (USA),Concert,High,DelawareAve_Schenectady_USA,2024-05-20 00:00:00
Tech Conference in Albany (USA),Conference,Medium,NorthSt_Albany_USA,2024-08-14 00:00:00
Food Festival in Albany (USA),Festival,Low,LarkSt_Albany_USA,2025-02-21 00:00:00
National Celebration in Albany (USA),Holiday,Low,LarkSt_Albany_USA,2025-05-25 00:00:00
Film Festival in Albany (USA),Festival,Low,TenBroeckSt_Albany_USA,2025-09-05 00:00:00
Basketball Tournament in Albany (USA),Sports,Medium,WesternAve_Albany_USA,2024-09-16 00:00:00
Music Festival in Albany (USA),Festival,Medium,WesternAve_Albany_USA,2020-09-25 00:00:00
Jazz Night in Albany (USA),Concert,Medium,MadisonAve_Albany_USA,2020-04-28 00:00:00
Film Festival in Troy (USA),Festival,Low,CentralAve_Troy_USA,2019-02-22 00:00:00
Rock Concert in Schenectady (USA),Concert,Low,SouthSt_Schenectady_USA,2020-10-21 00:00:00
Cultural Festival in Schenectady (USA),Festival,High,SouthSt_Schenectady_USA,2024-05-14 00:00:00
Heritage Day in Albany (USA),Holiday,Medium,MadisonAve_Albany_USA,2021-11-03 00:00:00
Pop Music Live in Albany (USA),Concert,Low,DelawareAve_Albany_USA,2016-06-05 00:00:00
National Celebration in Schenectady (USA),Holiday,High,ParkAve_Schenectady_USA,2021-04-28 00:00:00
Local Holiday in Albany (USA),Holiday,Medium,WashingtonAve_Albany_USA,2024-06-21 00:00:00
Business Summit in Albany (USA),Conference,Low,WashingtonAve_Albany_USA,2022-11-10 00:00:00
Startup Meetup in Albany (USA),Conference,Low,WesternAve_Albany_USA,2018-04-14 00:00:00
Startup Meetup in Albany (USA),Conference,Medium,StateSt_Albany_USA,2024-02-14 00:00:00
Food Festival in Troy (USA),Festival,Low,PearlSt_Troy_USA,2017-11-12 00:00:00
Heritage Day in Troy (USA),Holiday,Medium,PearlSt_Troy_USA,2022-09-02 00:00:00
Rock Concert in Albany (USA),Concert,Low,SouthSt_Albany_USA,2019-06-14 00:00:00
Heritage Day in Albany (USA),Holiday,Low,CentralAve_Albany_USA,2020-04-10 00:00:00
Pop Music Live in Albany (USA),Concert,Low,JaySt_Albany_USA,2023-04-01 00:00:00
Rock Concert in Albany (USA),Concert,Low,ClintonAve_Albany_USA,2016-08-28 00:00:00
Marathon in Albany (USA),Sports,Low,ClintonAve_Albany_USA,2014-11-13 00:00:00
Cultural Festival in Albany (USA),Festival,High,ClintonAve_Albany_USA,2016-09-23 00:00:00
AI Congress in Albany (USA),Conference,High,TenBroeckSt_Albany_USA,2018-12-12 00:00:00
Music Festival in Albany (USA),Festival,Low,Broadway_Albany_USA,2018-09-03 00:00:00
City Anniversary in Albany (USA),Holiday,Low,Broadway_Albany_USA,2025-04-08 00:00:00
Jazz Night in Albany (USA),Concert,Medium,Broadway_Albany_USA,2016-04-30 00:00:00
Cultural Festival in Schenectady (USA),Festival,Low,CentralAve_Schenectady_USA,2018-10-31 00:00:00
Football Match in Albany (USA),Sports,High,PearlSt_Albany_USA,2017-01-08 00:00:00
Basketball Tournament in Albany (USA),Sports,High,PearlSt_Albany_USA,2019-02-02 00:00:00
Music Festival in Albany (USA),Festival,Medium,MadisonAve_Albany_USA,2024-09-19 00:00:00
Football Match in Albany (USA),Sports,High,MadisonAve_Albany_USA,2023-06-24 00:00:00
Jazz Night in Schenectady (USA),Concert,High,Broadway_Schenectady_USA,2025-05-04 00:00:00
AI Congress in Albany (USA),Conference,Medium,CentralAve_Albany_USA,2024-01-18 00:00:00
AI Congress in Albany (USA),Conference,Medium,CentralAve_Albany_USA,2016-12-10 00:00:00
AI Congress in Schenectady (USA),Conference,High,NorthSt_Schenectady_USA,2015-08-24 00:00:00
Startup Meetup in Albany (USA),Conference,Medium,WashingtonAve_Albany_USA,2022-03-04 00:00:00
Film Festival in Albany (USA),Festival,Low,WashingtonAve_Albany_USA,2018-04-08 00:00:00
Startup Meetup in Albany (USA),Conference,Medium,LarkSt_Albany_USA,2021-11-08 00:00:00
Business Summit in Schenectady (USA),Conference,Low,ParkAve_Schenectady_USA,2020-04-18 00:00:00
Marathon in Schenectady (USA),Sports,High,ParkAve_Schenectady_USA,2019-01-11 00:00:00
Business Summit in Albany (USA),Conference,High,ParkAve_Albany_USA,2014-10-13 00:00:00
Heritage Day in Albany (USA),Holiday,Medium,ParkAve_Albany_USA,2024-08-31 00:00:00
City Anniversary in Albany (USA),Holiday,High,WesternAve_Albany_USA,2014-11-22 00:00:00
Classical Concert in Albany (USA),Concert,Medium,ClintonAve_Albany_USA,2022-08-23 00:00:00
Triathlon in Albany (USA),Sports,High,ClintonAve_Albany_USA,2018-07-08 00:00:00
Business Summit in Schenectady (USA),Conference,High,MadisonAve_Schenectady_USA,2024-04-29 00:00:00
Classical Concert in Schenectady (USA),Concert,Medium,MadisonAve_Schenectady_USA,2015-08-04 00:00:00
Basketball Tournament in Albany (USA),Sports,High,DelawareAve_Albany_USA,2023-07-24 00:00:00
Basketball Tournament in Albany (USA),Sports,High,NorthSt_Albany_USA,2015-07-01 00:00:00
Basketball Tournament in Albany (USA),Sports,Low,NorthSt_Albany_USA,2022-11-04 00:00:00
Heritage Day in Troy (USA),Holiday,Medium,JaySt_Troy_USA,2017-06-02 00:00:00
AI Congress in Schenectady (USA),Conference,Low,JaySt_Schenectady_USA,2019-10-10 00:00:00
Music Festival in Schenectady (USA),Festival,Medium,JaySt_Schenectady_USA,2024-06-21 00:00:00
Film Festival in Troy (USA),Festival,High,DelawareAve_Troy_USA,2017-11-04 00:00:00
Local Holiday in Troy (USA),Holiday,Low,DelawareAve_Troy_USA,2016-01-14 00:00:00
City Anniversary in Troy (USA),Holiday,Low,Broadway_Troy_USA,2018-01-16 00:00:00
Marathon in Schenectady (USA),Sports,Medium,Broadway_Schenectady_USA,2018-03-24 00:00:00
Basketball Tournament in Schenectady (USA),Sports,High,Broadway_Schenectady_USA,2015-02-23 00:00:00
Business Summit in Albany (USA),Conference,Low,StateSt_Albany_USA,2020-12-16 00:00:00
Food Festival in Albany (USA),Festival,High,JaySt_Albany_USA,2019-05-12 00:00:00
City Anniversary in Troy (USA),Holiday,Medium,JaySt_Troy_USA,2025-04-27 00:00:00
City Anniversary in Troy (USA),Holiday,Low,JaySt_Troy_USA,2014-12-02 00:00:00
Basketball Tournament in Albany (USA),Sports,Low,TenBroeckSt_Albany_USA,2024-07-01 00:00:00
Business Summit in Albany (USA),Conference,Low,TenBroeckSt_Albany_USA,2022-01-31 00:00:00
Football Match in Albany (USA),Sports,High,ParkAve_Albany_USA,2024-05-01 00:00:00
Startup Meetup in Albany (USA),Conference,Low,ParkAve_Albany_USA,2015-08-25 00:00:00
Jazz Night in Albany (USA),Concert,Low,PearlSt_Albany_USA,2015-03-25 00:00:00
AI Congress in Schenectady (USA),Conference,High,ParkAve_Schenectady_USA,2020-05-01 00:00:00
Jazz Night in Troy (USA),Concert,Medium,Broadway_Troy_USA,2024-06-15 00:00:00
Basketball Tournament in Troy (USA),Sports,Medium,Broadway_Troy_USA,2018-07-11 00:00:00
Food Festival in Albany (USA),Festival,Low,WashingtonAve_Albany_USA,2022-08-26 00:00:00
Food Festival in Albany (USA),Festival,Low,ParkAve_Albany_USA,2018-08-10 00:00:00
Film Festival in Albany (USA),Festival,High,ParkAve_Albany_USA,2017-05-13 00:00:00
Rock Concert in Schenectady (USA),Concert,High,DelawareAve_Schenectady_USA,2025-08-26 00:00:00
Music Festival in Schenectady (USA),Festival,High,DelawareAve_Schenectady_USA,2023-11-15 00:00:00
Film Festival in Albany (USA),Festival,Medium,CentralAve_Albany_USA,2018-10-05 00:00:00
Cultural Festival in Albany (USA),Festival,Medium,CentralAve_Albany_USA,2022-05-14 00:00:00
Cultural Festival in Albany (USA),Festival,Medium,CentralAve_Albany_USA,2021-12-01 00:00:00
Cultural Festival in Albany (USA),Festival,High,CentralAve_Albany_USA,2021-04-15 00:00:00
Triathlon in Albany (USA),Sports,Low,HudsonAve_Albany_USA,2020-03-26 00:00:00
Rock Concert in Albany (USA),Concert,Medium,HudsonAve_Albany_USA,2015-10-10 00:00:00
Football Match in Albany (USA),Sports,Medium,WesternAve_Albany_USA,2023-10-27 00:00:00
Basketball Tournament in Troy (USA),Sports,High,HudsonAve_Troy_USA,2019-02-03 00:00:00
Business Summit in Troy (USA),Conference,Low,HudsonAve_Troy_USA,2020-08-23 00:00:00
Triathlon in Troy (USA),Sports,Medium,NorthSt_Troy_USA,2017-02-15 00:00:00
Music Festival in Troy (USA),Festival,High,WashingtonAve_Troy_USA,2021-12-31 00:00:00
National Celebration in Troy (USA),Holiday,Low,WashingtonAve_Troy_USA,2023-03-28 00:00:00
Music Festival in Albany (USA),Festival,Medium,JaySt_Albany_USA,2021-09-21 00:00:00
Triathlon in Albany (USA),Sports,Medium,JaySt_Albany_USA,2017-06-16 00:00:00
Music Festival in Albany (USA),Festival,Low,CentralAve_Albany_USA,2024-04-19 00:00:00
Startup Meetup in Albany (USA),Conference,Medium,MadisonAve_Albany_USA,2022-10-12 00:00:00
Basketball Tournament in Schenectady (USA),Sports,Medium,PearlSt_Schenectady_USA,2024-07-11 00:00:00
Heritage Day in Schenectady (USA),Holiday,High,PearlSt_Schenectady_USA,2015-07-16 00:00:00
Business Summit in Albany (USA),Conference,Low,HudsonAve_Albany_USA,2018-12-28 00:00:00
Heritage Day in Albany (USA),Holiday,Medium,WesternAve_Albany_USA,2022-03-26 00:00:00
National Celebration in Schenectady (USA),Holiday,Low,LarkSt_Schenectady_USA,2015-12-25 00:00:00
Food Festival in Schenectady (USA),Festival,Low,LarkSt_Schenectady_USA,2019-03-01 00:00:00
Pop Music Live in Schenectady (USA),Concert,High,LarkSt_Schenectady_USA,2022-02-07 00:00:00
Triathlon in Albany (USA),Sports,Medium,JaySt_Albany_USA,2021-05-09 00:00:00
Triathlon in Albany (USA),Sports,Medium,LarkSt_Albany_USA,2015-10-06 00:00:00
City Anniversary in Albany (USA),Holiday,Low,LarkSt_Albany_USA,2015-03-17 00:00:00
Tech Conference in Albany (USA),Conference,High,CentralAve_Albany_USA,2024-03-26 00:00:00
Classical Concert in Troy (USA),Concert,High,Broadway_Troy_USA,2024-04-15 00:00:00
Tech Conference in Troy (USA),Conference,Medium,Broadway_Troy_USA,2021-12-01 00:00:00
Triathlon in Albany (USA),Sports,Medium,StateSt_Albany_USA,2021-12-09 00:00:00
National Celebration in Albany (USA),Holiday,High,StateSt_Albany_USA,2024-07-01 00:00:00
Music Festival in Schenectady (USA),Festival,High,MadisonAve_Schenectady_USA,2024-12-22 00:00:00
Triathlon in Schenectady (USA),Sports,Medium,MadisonAve_Schenectady_USA,2024-03-31 00:00:00
Business Summit in Albany (USA),Conference,Medium,NorthSt_Albany_USA,2025-05-17 00:00:00
Food Festival in Schenectady (USA),Festival,High,SouthSt_Schenectady_USA,2021-09-17 00:00:00
National Celebration in Troy (USA),Holiday,Low,JaySt_Troy_USA,2019-08-24 00:00:00
Pop Music Live in Albany (USA),Concert,Low,JaySt_Albany_USA,2024-02-07 00:00:00
Heritage Day in Troy (USA),Holiday,Low,WashingtonAve_Troy_USA,2025-06-29 00:00:00
Music Festival in Albany (USA),Festival,Medium,ParkAve_Albany_USA,2019-02-13 00:00:00
Rock Concert in Albany (USA),Concert,Low,PearlSt_Albany_USA,2023-05-18 00:00:00
Jazz Night in Albany (USA),Concert,High,PearlSt_Albany_USA,2020-10-20 00:00:00
Heritage Day in Albany (USA),Holiday,Medium,PearlSt_Albany_USA,2023-10-02 00:00:00
Food Festival in Albany (USA),Festival,Medium,PearlSt_Albany_USA,2018-03-21 00:00:00
Pop Music Live in Albany (USA),Concert,High,HudsonAve_Albany_USA,2021-11-12 00:00:00
AI Congress in Albany (USA),Conference,Low,HudsonAve_Albany_USA,2015-08-04 00:00:00
Marathon in Albany (USA),Sports,Medium,TenBroeckSt_Albany_USA,2018-06-24 00:00:00
Startup Meetup in Albany (USA),Conference,High,TenBroeckSt_Albany_USA,2015-09-09 00:00:00
Triathlon in Schenectady (USA),Sports,Low,WesternAve_Schenectady_USA,2017-05-07 00:00:00
Football Match in Albany (USA),Sports,Low,Broadway_Albany_USA,2024-12-05 00:00:00
National Celebration in Albany (USA),Holiday,Medium,Broadway_Albany_USA,2023-09-29 00:00:00
Tech Conference in Albany (USA),Conference,Medium,CentralAve_Albany_USA,2015-01-07 00:00:00
Rock Concert in Albany (USA),Concert,Medium,CentralAve_Albany_USA,2019-08-17 00:00:00
Classical Concert in Troy (USA),Concert,Medium,LarkSt_Troy_USA,2014-07-18 00:00:00
Rock Concert in Troy (USA),Concert,High,LarkSt_Troy_USA,2024-12-26 00:00:00
Pop Music Live in Albany (USA),Concert,High,PearlSt_Albany_USA,2023-04-04 00:00:00
Classical Concert in Schenectady (USA),Concert,High,CentralAve_Schenectady_USA,2023-08-22 00:00:00
Marathon in Schenectady (USA),Sports,Medium,CentralAve_Schenectady_USA,2021-11-14 00:00:00
Jazz Night in Albany (USA),Concert,High,PearlSt_Albany_USA,2024-05-19 00:00:00
City Anniversary in Albany (USA),Holiday,High,PearlSt_Albany_USA,2024-10-07 00:00:00
Basketball Tournament in Troy (USA),Sports,Medium,ClintonAve_Troy_USA,2025-04-20 00:00:00
Startup Meetup in Troy (USA),Conference,Medium,ClintonAve_Troy_USA,2023-07-10 00:00:00
Jazz Night in Troy (USA),Concert,High,LarkSt_Troy_USA,2020-08-21 00:00:00
Classical Concert in Albany (USA),Concert,Low,MadisonAve_Albany_USA,2016-11-05 00:00:00
Startup Meetup in Albany (USA),Conference,High,NorthSt_Albany_USA,2015-12-26 00:00:00
Basketball Tournament in Albany (USA),Sports,High,NorthSt_Albany_USA,2015-10-16 00:00:00
Pop Music Live in Albany (USA),Concert,High,WesternAve_Albany_USA,2020-11-23 00:00:00
Heritage Day in Albany (USA),Holiday,Medium,Broadway_Albany_USA,2023-07-24 00:00:00
Music Festival in Albany (USA),Festival,Low,Broadway_Albany_USA,2018-10-08 00:00:00
Food Festival in Troy (USA),Festival,Medium,PearlSt_Troy_USA,2022-11-28 00:00:00
Basketball Tournament in Troy (USA),Sports,High,PearlSt_Troy_USA,2017-04-22 00:00:00
Business Summit in Schenectady (USA),Conference,High,HudsonAve_Schenectady_USA,2014-11-10 00:00:00
AI Congress in Schenectady (USA),Conference,Low,HudsonAve_Schenectady_USA,2021-05-28 00:00:00
Classical Concert in Albany (USA),Concert,High,CentralAve_Albany_USA,2021-10-02 00:00:00
Pop Music Live in Albany (USA),Concert,Low,CentralAve_Albany_USA,2020-03-23 00:00:00
Tech Conference in Troy (USA),Conference,Medium,Broadway_Troy_USA,2018-11-04 00:00:00
Heritage Day in Troy (USA),Holiday,High,Broadway_Troy_USA,2015-02-06 00:00:00
Business Summit in Troy (USA),Conference,High,HudsonAve_Troy_USA,2024-03-28 00:00:00
National Celebration in Troy (USA),Holiday,High,HudsonAve_Troy_USA,2022-05-26 00:00:00
Business Summit in Schenectady (USA),Conference,High,ClintonAve_Schenectady_USA,2025-04-23 00:00:00
Basketball Tournament in Schenectady (USA),Sports,Medium,ClintonAve_Schenectady_USA,2016-06-26 00:00:00
Food Festival in Albany (USA),Festival,Low,SouthSt_Albany_USA,2022-09-27 00:00:00
Rock Concert in Albany (USA),Concert,Medium,SouthSt_Albany_USA,2014-12-14 00:00:00
Startup Meetup in Albany (USA),Conference,Low,CentralAve_Albany_USA,2016-04-20 00:00:00
Tech Conference in Troy (USA),Conference,Medium,LarkSt_Troy_USA,2019-09-23 00:00:00
Marathon in Troy (USA),Sports,Low,LarkSt_Troy_USA,2024-11-28 00:00:00
Rock Concert in Troy (USA),Concert,High,WesternAve_Troy_USA,2021-05-26 00:00:00
AI Congress in Albany (USA),Conference,High,ParkAve_Albany_USA,2020-08-31 00:00:00
Tech Conference in Albany (USA),Conference,High,ParkAve_Albany_USA,2018-01-22 00:00:00
Football Match in Troy (USA),Sports,High,MadisonAve_Troy_USA,2015-04-06 00:00:00
Classical Concert in Troy (USA),Concert,Medium,MadisonAve_Troy_USA,2020-08-02 00:00:00
Local Holiday in Schenectady (USA),Holiday,Medium,DelawareAve_Schenectady_USA,2016-12-23 00:00:00
Basketball Tournament in Schenectady (USA),Sports,Medium,DelawareAve_Schenectady_USA,2018-07-17 00:00:00
Triathlon in Albany (USA),Sports,High,NorthSt_Albany_USA,2023-09-25 00:00:00
Music Festival in Albany (USA),Festival,High,TenBroeckSt_Albany_USA,2018-05-18 00:00:00
National Celebration in Albany (USA),Holiday,High,TenBroeckSt_Albany_USA,2021-05-18 00:00:00
Marathon in Albany (USA),Sports,High,Broadway_Albany_USA,2024-06-05 00:00:00
AI Congress in Albany (USA),Conference,Low,Broadway_Albany_USA,2018-10-28 00:00:00
Jazz Night in Albany (USA),Concert,Low,ParkAve_Albany_USA,2024-09-18 00:00:00
AI Congress in Albany (USA),Conference,Medium,CentralAve_Albany_USA,2014-12-27 00:00:00
Business Summit in Albany (USA),Conference,Medium,CentralAve_Albany_USA,2020-04-04 00:00:00
Rock Concert in Albany (USA),Concert,High,DelawareAve_Albany_USA,2015-03-26 00:00:00
Football Match in Albany (USA),Sports,High,DelawareAve_Albany_USA,2019-04-03 00:00:00
Local Holiday in Albany (USA),Holiday,High,WesternAve_Albany_USA,2022-03-11 00:00:00
Marathon in Albany (USA),Sports,Medium,WesternAve_Albany_USA,2022-07-15 00:00:00
Music Festival in Troy (USA),Festival,Low,WesternAve_Troy_USA,2015-02-08 00:00:00
Rock Concert in Albany (USA),Concert,High,HudsonAve_Albany_USA,2023-09-17 00:00:00
City Anniversary in Schenectady (USA),Holiday,Medium,WesternAve_Schenectady_USA,2021-07-25 00:00:00
Heritage Day in Albany (USA),Holiday,Low,TenBroeckSt_Albany_USA,2018-11-12 00:00:00
Music Festival in Schenectady (USA),Festival,High,StateSt_Schenectady_USA,2022-07-29 00:00:00
Rock Concert in Schenectady (USA),Concert,High,StateSt_Schenectady_USA,2021-01-23 00:00:00
Cultural Festival in Schenectady (USA),Festival,High,CentralAve_Schenectady_USA,2015-09-08 00:00:00
Startup Meetup in Schenectady (USA),Conference,High,CentralAve_Schenectady_USA,2015-06-20 00:00:00
City Anniversary in Albany (USA),Holiday,Medium,ClintonAve_Albany_USA,2023-09-19 00:00:00
Film Festival in Albany (USA),Festival,Low,HudsonAve_Albany_USA,2020-06-24 00:00:00
Football Match in Albany (USA),Sports,High,HudsonAve_Albany_USA,2018-11-18 00:00:00
Business Summit in Albany (USA),Conference,Medium,ParkAve_Albany_USA,2022-02-03 00:00:00
Tech Conference in Albany (USA),Conference,High,ParkAve_Albany_USA,2024-04-22 00:00:00
Marathon in Albany (USA),Sports,Low,TenBroeckSt_Albany_USA,2014-07-21 00:00:00
Pop Music Live in Albany (USA),Concert,High,TenBroeckSt_Albany_USA,2020-08-20 00:00:00
Basketball Tournament in Troy (USA),Sports,Low,TenBroeckSt_Troy_USA,2019-02-15 00:00:00
Classical Concert in Albany (USA),Concert,Low,NorthSt_Albany_USA,2016-07-23 00:00:00
Basketball Tournament in Albany (USA),Sports,Low,NorthSt_Albany_USA,2015-10-13 00:00:00
Rock Concert in Troy (USA),Concert,High,CentralAve_Troy_USA,2019-09-02 00:00:00
Rock Concert in Troy (USA),Concert,Medium,CentralAve_Troy_USA,2022-01-11 00:00:00
Food Festival in Albany (USA),Festival,High,DelawareAve_Albany_USA,2021-01-03 00:00:00
Startup Meetup in Schenectady (USA),Conference,Low,SouthSt_Schenectady_USA,2022-01-09 00:00:00
Marathon in Schenectady (USA),Sports,Medium,Broadway_Schenectady_USA,2021-06-11 00:00:00
Food Festival in Schenectady (USA),Festival,Medium,Broadway_Schenectady_USA,2019-12-12 00:00:00
Startup Meetup in Albany (USA),Conference,High,TenBroeckSt_Albany_USA,2021-01-17 00:00:00
Jazz Night in Albany (USA),Concert,Medium,ClintonAve_Albany_USA,2025-03-31 00:00:00
National Celebration in Albany (USA),Holiday,Low,ClintonAve_Albany_USA,2018-01-03 00:00:00
Heritage Day in Troy (USA),Holiday,Medium,PearlSt_Troy_USA,2016-01-02 00:00:00
AI Congress in Troy (USA),Conference,Medium,PearlSt_Troy_USA,2019-06-29 00:00:00
AI Congress in Albany (USA),Conference,High,WesternAve_Albany_USA,2015-09-19 00:00:00
Rock Concert in Troy (USA),Concert,Medium,JaySt_Troy_USA,2024-02-16 00:00:00
Football Match in Troy (USA),Sports,Medium,JaySt_Troy_USA,2022-09-21 00:00:00
Music Festival in Albany (USA),Festival,Low,Broadway_Albany_USA,2024-01-09 00:00:00
Rock Concert in Albany (USA),Concert,High,Broadway_Albany_USA,2020-12-27 00:00:00
Classical Concert in Albany (USA),Concert,Low,StateSt_Albany_USA,2020-09-06 00:00:00
Pop Music Live in Troy (USA),Concert,High,DelawareAve_Troy_USA,2023-03-11 00:00:00
National Celebration in Troy (USA),Holiday,High,JaySt_Troy_USA,2022-09-20 00:00:00
Triathlon in Schenectady (USA),Sports,High,DelawareAve_Schenectady_USA,2020-03-21 00:00:00
Tech Conference in Schenectady (USA),Conference,High,SouthSt_Schenectady_USA,2017-03-05 00:00:00
Football Match in Albany (USA),Sports,Medium,MadisonAve_Albany_USA,2016-04-13 00:00:00
Football Match in Albany (USA),Sports,High,MadisonAve_Albany_USA,2022-09-15 00:00:00
Tech Conference in Albany (USA),Conference,Low,TenBroeckSt_Albany_USA,2023-01-13 00:00:00
Marathon in Schenectady (USA),Sports,Medium,SouthSt_Schenectady_USA,2018-08-22 00:00:00
Basketball Tournament in Albany (USA),Sports,Medium,DelawareAve_Albany_USA,2019-10-06 00:00:00
Local Holiday in Albany (USA),Holiday,Low,DelawareAve_Albany_USA,2025-06-29 00:00:00
Tech Conference in Troy (USA),Conference,High,HudsonAve_Troy_USA,2025-05-10 00:00:00
Jazz Night in Troy (USA),Concert,High,HudsonAve_Troy_USA,2017-06-13 00:00:00
Classical Concert in Schenectady (USA),Concert,Medium,PearlSt_Schenectady_USA,2021-10-29 00:00:00
Heritage Day in Schenectady (USA),Holiday,High,PearlSt_Schenectady_USA,2021-10-28 00:00:00
AI Congress in Schenectady (USA),Conference,Low,WashingtonAve_Schenectady_USA,2020-04-15 00:00:00
Heritage Day in Schenectady (USA),Holiday,Medium,WashingtonAve_Schenectady_USA,2019-12-16 00:00:00
Rock Concert in Troy (USA),Concert,High,Broadway_Troy_USA,2024-05-21 00:00:00
Football Match in Troy (USA),Sports,Low,NorthSt_Troy_USA,2020-04-07 00:00:00
Business Summit in Troy (USA),Conference,Low,DelawareAve_Troy_USA,2016-08-04 00:00:00
Basketball Tournament in Troy (USA),Sports,High,DelawareAve_Troy_USA,2022-07-17 00:00:00
Triathlon in Albany (USA),Sports,Medium,WashingtonAve_Albany_USA,2022-07-29 00:00:00
Film Festival in Albany (USA),Festival,High,WashingtonAve_Albany_USA,2019-11-13 00:00:00
Football Match in Troy (USA),Sports,High,SouthSt_Troy_USA,2023-11-04 00:00:00
Food Festival in Albany (USA),Festival,Low,ClintonAve_Albany_USA,2015-12-06 00:00:00
Classical Concert in Albany (USA),Concert,Low,PearlSt_Albany_USA,2021-07-22 00:00:00
Rock Concert in Albany (USA),Concert,High,PearlSt_Albany_USA,2016-02-22 00:00:00
Triathlon in Schenectady (USA),Sports,High,MadisonAve_Schenectady_USA,2025-05-14 00:00:00
Cultural Festival in Albany (USA),Festival,Low,MadisonAve_Albany_USA,2016-12-04 00:00:00
City Anniversary in Albany (USA),Holiday,Medium,MadisonAve_Albany_USA,2016-05-29 00:00:00
Classical Concert in Albany (USA),Concert,High,LarkSt_Albany_USA,2023-09-12 00:00:00
Jazz Night in Albany (USA),Concert,Low,DelawareAve_Albany_USA,2022-08-14 00:00:00
AI Congress in Albany (USA),Conference,High,DelawareAve_Albany_USA,2021-02-13 00:00:00
National Celebration in Albany (USA),Holiday,Low,DelawareAve_Albany_USA,2014-09-06 00:00:00
Pop Music Live in Albany (USA),Concert,Low,PearlSt_Albany_USA,2021-04-15 00:00:00
Food Festival in Albany (USA),Festival,Medium,PearlSt_Albany_USA,2024-08-09 00:00:00
Rock Concert in Schenectady (USA),Concert,High,WashingtonAve_Schenectady_USA,2020-02-21 00:00:00
Music Festival in Schenectady (USA),Festival,Medium,WashingtonAve_Schenectady_USA,2021-11-21 00:00:00
Rock Concert in Albany (USA),Concert,High,WashingtonAve_Albany_USA,2021-10-11 00:00:00
City Anniversary in Albany (USA),Holiday,Medium,WashingtonAve_Albany_USA,2024-04-22 00:00:00
Pop Music Live in Albany (USA),Concert,Low,SouthSt_Albany_USA,2025-01-07 00:00:00
City Anniversary in Albany (USA),Holiday,Medium,SouthSt_Albany_USA,2021-02-06 00:00:00
Rock Concert in Albany (USA),Concert,Medium,WashingtonAve_Albany_USA,2015-12-31 00:00:00
AI Congress in Albany (USA),Conference,Low,WashingtonAve_Albany_USA,2024-09-13 00:00:00
Pop Music Live in Albany (USA),Concert,Medium,HudsonAve_Albany_USA,2016-08-13 00:00:00
Music Festival in Troy (USA),Festival,High,Broadway_Troy_USA,2014-07-30 00:00:00
National Celebration in Troy (USA),Holiday,High,Broadway_Troy_USA,2023-07-08 00:00:00
Heritage Day in Albany (USA),Holiday,Low,SouthSt_Albany_USA,2016-03-25 00:00:00
Jazz Night in Troy (USA),Concert,Medium,TenBroeckSt_Troy_USA,2024-01-31 00:00:00
Heritage Day in Albany (USA),Holiday,High,StateSt_Albany_USA,2017-08-02 00:00:00
National Celebration in Albany (USA),Holiday,Medium,StateSt_Albany_USA,2020-09-08 00:00:00
National Celebration in Albany (USA),Holiday,Medium,PearlSt_Albany_USA,2020-10-07 00:00:00
Pop Music Live in Albany (USA),Concert,Medium,PearlSt_Albany_USA,2025-07-31 00:00:00
Jazz Night in Troy (USA),Concert,High,JaySt_Troy_USA,2018-12-17 00:00:00
Marathon in Troy (USA),Sports,High,StateSt_Troy_USA,2017-01-27 00:00:00
National Celebration in Troy (USA),Holiday,Low,StateSt_Troy_USA,2016-11-25 00:00:00
Heritage Day in Albany (USA),Holiday,High,Broadway_Albany_USA,2021-05-20 00:00:00
Food Festival in Albany (USA),Festival,Medium,Broadway_Albany_USA,2025-04-24 00:00:00
Music Festival in Schenectady (USA),Festival,Low,WashingtonAve_Schenectady_USA,2019-10-14 00:00:00
Pop Music Live in Schenectady (USA),Concert,Low,WashingtonAve_Schenectady_USA,2015-03-20 00:00:00
Basketball Tournament in Albany (USA),Sports,Low,PearlSt_Albany_USA,2021-04-29 00:00:00
City Anniversary in Albany (USA),Holiday,High,LarkSt_Albany_USA,2021-11-08 00:00:00
Jazz Night in Albany (USA),Concert,High,LarkSt_Albany_USA,2025-04-20 00:00:00
Food Festival in Albany (USA),Festival,High,WesternAve_Albany_USA,2020-01-15 00:00:00
Local Holiday in Albany (USA),Holiday,Low,WesternAve_Albany_USA,2024-01-13 00:00:00
Jazz Night in Albany (USA),Concert,Low,TenBroeckSt_Albany_USA,2014-11-15 00:00:00
Classical Concert in Albany (USA),Concert,High,TenBroeckSt_Albany_USA,2016-05-25 00:00:00
Cultural Festival in Albany (USA),Festival,Low,ParkAve_Albany_USA,2021-11-03 00:00:00
Food Festival in Albany (USA),Festival,Low,ParkAve_Albany_USA,2025-09-03 00:00:00
Heritage Day in Schenectady (USA),Holiday,High,SouthSt_Schenectady_USA,2018-12-05 00:00:00
Classical Concert in Troy (USA),Concert,High,LarkSt_Troy_USA,2014-09-01 00:00:00
Music Festival in Albany (USA),Festival,High,HudsonAve_Albany_USA,2017-09-08 00:00:00
Jazz Night in Albany (USA),Concert,Medium,HudsonAve_Albany_USA,2025-04-19 00:00:00
Football Match in Albany (USA),Sports,Medium,MadisonAve_Albany_USA,2024-12-03 00:00:00
Rock Concert in Troy (USA),Concert,Medium,HudsonAve_Troy_USA,2016-06-16 00:00:00
Rock Concert in Schenectady (USA),Concert,High,WashingtonAve_Schenectady_USA,2015-04-23 00:00:00
Startup Meetup in Albany (USA),Conference,Low,NorthSt_Albany_USA,2023-07-02 00:00:00
Jazz Night in Albany (USA),Concert,High,NorthSt_Albany_USA,2023-08-13 00:00:00
AI Congress in Albany (USA),Conference,Medium,CentralAve_Albany_USA,2020-10-23 00:00:00
National Celebration in Albany (USA),Holiday,Medium,CentralAve_Albany_USA,2025-04-11 00:00:00
Local Holiday in Troy (USA),Holiday,Medium,LarkSt_Troy_USA,2015-10-20 00:00:00
Film Festival in Albany (USA),Festival,High,JaySt_Albany_USA,2023-05-05 00:00:00
Basketball Tournament in Troy (USA),Sports,Medium,LarkSt_Troy_USA,2025-03-18 00:00:00
Tech Conference in Troy (USA),Conference,High,LarkSt_Troy_USA,2023-10-30 00:00:00
Basketball Tournament in Albany (USA),Sports,Low,StateSt_Albany_USA,2018-12-21 00:00:00
Tech Conference in Albany (USA),Conference,High,ParkAve_Albany_USA,2024-12-09 00:00:00
Triathlon in Albany (USA),Sports,Medium,ParkAve_Albany_USA,2018-06-18 00:00:00
Business Summit in Albany (USA),Conference,High,ClintonAve_Albany_USA,2022-02-27 00:00:00
Triathlon in Albany (USA),Sports,High,ClintonAve_Albany_USA,2016-09-25 00:00:00
Basketball Tournament in Schenectady (USA),Sports,Low,HudsonAve_Schenectady_USA,2017-01-24 00:00:00
Football Match in Schenectady (USA),Sports,High,HudsonAve_Schenectady_USA,2018-06-28 00:00:00
Local Holiday in Albany (USA),Holiday,High,ParkAve_Albany_USA,2025-03-28 00:00:00
Film Festival in Albany (USA),Festival,Medium,ParkAve_Albany_USA,2021-06-16 00:00:00
Heritage Day in Schenectady (USA),Holiday,Medium,SouthSt_Schenectady_USA,2016-07-19 00:00:00
AI Congress in Schenectady (USA),Conference,Low,HudsonAve_Schenectady_USA,2022-11-28 00:00:00
Classical Concert in Schenectady (USA),Concert,Low,HudsonAve_Schenectady_USA,2020-05-23 00:00:00
Local Holiday in Albany (USA),Holiday,High,TenBroeckSt_Albany_USA,2018-05-23 00:00:00
Triathlon in Troy (USA),Sports,Low,NorthSt_Troy_USA,2022-04-30 00:00:00
Heritage Day in Albany (USA),Holiday,High,MadisonAve_Albany_USA,2014-08-04 00:00:00
Food Festival in Albany (USA),Festival,Medium,MadisonAve_Albany_USA,2021-01-04 00:00:00
Startup Meetup in Troy (USA),Conference,Low,SouthSt_Troy_USA,2020-08-24 00:00:00
Basketball Tournament in Troy (USA),Sports,Medium,CentralAve_Troy_USA,2025-03-31 00:00:00
Startup Meetup in Albany (USA),Conference,Low,NorthSt_Albany_USA,2020-02-02 00:00:00
National Celebration in Albany (USA),Holiday,Medium,NorthSt_Albany_USA,2022-05-10 00:00:00
AI Congress in Albany (USA),Conference,Medium,TenBroeckSt_Albany_USA,2019-07-21 00:00:00
Football Match in Troy (USA),Sports,Low,HudsonAve_Troy_USA,2022-07-31 00:00:00
Business Summit in Troy (USA),Conference,High,HudsonAve_Troy_USA,2019-05-06 00:00:00
Football Match in Troy (USA),Sports,High,SouthSt_Troy_USA,2016-03-04 00:00:00
Food Festival in Albany (USA),Festival,Medium,JaySt_Albany_USA,2020-02-06 00:00:00
Jazz Night in Albany (USA),Concert,Medium,HudsonAve_Albany_USA,2017-11-10 00:00:00
Tech Conference in Albany (USA),Conference,Medium,HudsonAve_Albany_USA,2015-08-10 00:00:00
Marathon in Albany (USA),Sports,Low,SouthSt_Albany_USA,2023-08-16 00:00:00
AI Congress in Albany (USA),Conference,High,SouthSt_Albany_USA,2015-07-30 00:00:00
Startup Meetup in Albany (USA),Conference,Medium,ParkAve_Albany_USA,2018-07-15 00:00:00
Jazz Night in Troy (USA),Concert,Medium,JaySt_Troy_USA,2014-09-20 00:00:00
Local Holiday in Troy (USA),Holiday,Medium,JaySt_Troy_USA,2024-03-22 00:00:00
Classical Concert in Albany (USA),Concert,High,StateSt_Albany_USA,2020-12-14 00:00:00
Classical Concert in Albany (USA),Concert,Medium,StateSt_Albany_USA,2018-06-24 00:00:00
Pop Music Live in Albany (USA),Concert,High,Broadway_Albany_USA,2019-07-05 00:00:00
Jazz Night in Albany (USA),Concert,Medium,DelawareAve_Albany_USA,2021-07-31 00:00:00
AI Congress in Albany (USA),Conference,High,SouthSt_Albany_USA,2021-05-13 00:00:00
Pop Music Live in Albany (USA),Concert,Low,SouthSt_Albany_USA,2015-05-21 00:00:00
Basketball Tournament in Albany (USA),Sports,Medium,PearlSt_Albany_USA,2021-10-26 00:00:00
AI Congress in Troy (USA),Conference,Medium,ClintonAve_Troy_USA,2024-06-13 00:00:00
AI Congress in Albany (USA),Conference,Medium,MadisonAve_Albany_USA,2016-05-16 00:00:00
Basketball Tournament in Albany (USA),Sports,High,ParkAve_Albany_USA,2022-05-10 00:00:00
Food Festival in Albany (USA),Festival,Low,ParkAve_Albany_USA,2018-12-13 00:00:00
Rock Concert in Albany (USA),Concert,Low,PearlSt_Albany_USA,2023-02-21 00:00:00
Rock Concert in Troy (USA),Concert,Low,NorthSt_Troy_USA,2017-06-10 00:00:00
Marathon in Albany (USA),Sports,High,Broadway_Albany_USA,2024-12-10 00:00:00
Heritage Day in Albany (USA),Holiday,Low,Broadway_Albany_USA,2017-04-09 00:00:00
AI Congress in Troy (USA),Conference,High,Broadway_Troy_USA,2015-11-30 00:00:00
Football Match in Troy (USA),Sports,Low,Broadway_Troy_USA,2014-11-21 00:00:00
Startup Meetup in Albany (USA),Conference,Medium,StateSt_Albany_USA,2019-09-26 00:00:00
Jazz Night in Albany (USA),Concert,High,StateSt_Albany_USA,2019-06-27 00:00:00
Classical Concert in Albany (USA),Concert,High,WashingtonAve_Albany_USA,2021-03-13 00:00:00
City Anniversary in Albany (USA),Holiday,High,WashingtonAve_Albany_USA,2021-09-02 00:00:00
Jazz Night in Albany (USA),Concert,Medium,HudsonAve_Albany_USA,2019-11-24 00:00:00
Classical Concert in Albany (USA),Concert,Low,HudsonAve_Albany_USA,2019-06-14 00:00:00
AI Congress in Troy (USA),Conference,Medium,StateSt_Troy_USA,2016-03-29 00:00:00
Music Festival in Albany (USA),Festival,High,MadisonAve_Albany_USA,2023-08-22 00:00:00
AI Congress in Albany (USA),Conference,High,CentralAve_Albany_USA,2014-08-04 00:00:00
City Anniversary in Troy (USA),Holiday,Medium,WashingtonAve_Troy_USA,2014-08-07 00:00:00
Heritage Day in Troy (USA),Holiday,High,WashingtonAve_Troy_USA,2017-02-02 00:00:00
Business Summit in Schenectady (USA),Conference,Medium,PearlSt_Schenectady_USA,2024-05-22 00:00:00
Pop Music Live in Schenectady (USA),Concert,Medium,PearlSt_Schenectady_USA,2017-04-19 00:00:00
City Anniversary in Albany (USA),Holiday,Low,CentralAve_Albany_USA,2017-06-12 00:00:00
Film Festival in Albany (USA),Festival,High,CentralAve_Albany_USA,2017-03-08 00:00:00
Jazz Night in Troy (USA),Concert,Medium,JaySt_Troy_USA,2021-10-08 00:00:00
Jazz Night in Troy (USA),Concert,Medium,JaySt_Troy_USA,2016-08-09 00:00:00
Film Festival in Albany (USA),Festival,High,NorthSt_Albany_USA,2019-07-29 00:00:00
Pop Music Live in Schenectady (USA),Concert,Low,JaySt_Schenectady_USA,2018-02-03 00:00:00
Food Festival in Albany (USA),Festival,Low,WashingtonAve_Albany_USA,2017-08-29 00:00:00
Business Summit in Albany (USA),Conference,High,WashingtonAve_Albany_USA,2019-05-31 00:00:00
Food Festival in Albany (USA),Festival,Low,Broadway_Albany_USA,2016-03-09 00:00:00
Film Festival in Albany (USA),Festival,Low,Broadway_Albany_USA,2018-05-01 00:00:00
AI Congress in Albany (USA),Conference,Medium,Broadway_Albany_USA,2019-09-12 00:00:00
Cultural Festival in Troy (USA),Festival,Low,PearlSt_Troy_USA,2023-12-16 00:00:00
Marathon in Troy (USA),Sports,Medium,PearlSt_Troy_USA,2023-03-13 00:00:00
Film Festival in Albany (USA),Festival,Low,WashingtonAve_Albany_USA,2016-08-26 00:00:00
Local Holiday in Troy (USA),Holiday,Low,Broadway_Troy_USA,2025-06-04 00:00:00
Triathlon in Albany (USA),Sports,Medium,WashingtonAve_Albany_USA,2017-04-08 00:00:00
Food Festival in Albany (USA),Festival,Medium,WashingtonAve_Albany_USA,2022-09-28 00:00:00
Triathlon in Albany (USA),Sports,Medium,JaySt_Albany_USA,2022-02-20 00:00:00
Startup Meetup in Albany (USA),Conference,Low,JaySt_Albany_USA,2021-07-21 00:00:00
Music Festival in Troy (USA),Festival,Medium,MadisonAve_Troy_USA,2019-11-23 00:00:00
Business Summit in Troy (USA),Conference,Medium,MadisonAve_Troy_USA,2024-06-13 00:00:00
Marathon in Albany (USA),Sports,Low,WesternAve_Albany_USA,2021-08-05 00:00:00
Heritage Day in Albany (USA),Holiday,Low,WesternAve_Albany_USA,2016-05-16 00:00:00
Rock Concert in Albany (USA),Concert,Medium,JaySt_Albany_USA,2023-05-07 00:00:00
National Celebration in Troy (USA),Holiday,Medium,HudsonAve_Troy_USA,2023-02-21 00:00:00
Food Festival in Troy (USA),Festival,Low,HudsonAve_Troy_USA,2020-02-07 00:00:00
Jazz Night in Albany (USA),Concert,High,Broadway_Albany_USA,2015-03-03 00:00:00
Cultural Festival in Albany (USA),Festival,High,Broadway_Albany_USA,2016-03-22 00:00:00
Rock Concert in Albany (USA),Concert,Low,DelawareAve_Albany_USA,2019-12-20 00:00:00
Basketball Tournament in Albany (USA),Sports,High,DelawareAve_Albany_USA,2023-05-04 00:00:00
AI Congress in Albany (USA),Conference,High,MadisonAve_Albany_USA,2016-08-29 00:00:00
Film Festival in Albany (USA),Festival,Medium,MadisonAve_Albany_USA,2022-08-15 00:00:00
Film Festival in Albany (USA),Festival,High,WashingtonAve_Albany_USA,2019-05-28 00:00:00
AI Congress in Albany (USA),Conference,Low,MadisonAve_Albany_USA,2020-11-07 00:00:00
Basketball Tournament in Albany (USA),Sports,Medium,MadisonAve_Albany_USA,2022-09-16 00:00:00
Business Summit in Troy (USA),Conference,Low,MadisonAve_Troy_USA,2020-06-14 00:00:00
Startup Meetup in Albany (USA),Conference,High,ParkAve_Albany_USA,2018-08-12 00:00:00
Film Festival in Schenectady (USA),Festival,High,CentralAve_Schenectady_USA,2016-07-29 00:00:00
Business Summit in Schenectady (USA),Conference,Medium,ParkAve_Schenectady_USA,2022-08-01 00:00:00
Film Festival in Schenectady (USA),Festival,Low,ParkAve_Schenectady_USA,2020-05-16 00:00:00
National Celebration in Albany (USA),Holiday,High,LarkSt_Albany_USA,2017-09-02 00:00:00
AI Congress in Albany (USA),Conference,High,LarkSt_Albany_USA,2018-02-09 00:00:00
Music Festival in Schenectady (USA),Festival,Low,HudsonAve_Schenectady_USA,2016-07-01 00:00:00
Food Festival in Schenectady (USA),Festival,Low,HudsonAve_Schenectady_USA,2019-12-10 00:00:00
City Anniversary in Albany (USA),Holiday,High,ParkAve_Albany_USA,2021-06-29 00:00:00
Jazz Night in Albany (USA),Concert,Low,ParkAve_Albany_USA,2018-08-09 00:00:00
Music Festival in Albany (USA),Festival,Low,NorthSt_Albany_USA,2021-11-06 00:00:00
Local Holiday in Albany (USA),Holiday,Medium,NorthSt_Albany_USA,2023-06-24 00:00:00
Cultural Festival in Albany (USA),Festival,High,MadisonAve_Albany_USA,2022-11-01 00:00:00
Heritage Day in Albany (USA),Holiday,High,MadisonAve_Albany_USA,2015-02-24 00:00:00
Tech Conference in Schenectady (USA),Conference,High,WesternAve_Schenectady_USA,2015-04-15 00:00:00
Tech Conference in Schenectady (USA),Conference,Low,WesternAve_Schenectady_USA,2025-04-08 00:00:00
Music Festival in Albany (USA),Festival,High,CentralAve_Albany_USA,2017-02-01 00:00:00
Pop Music Live in Albany (USA),Concert,Low,CentralAve_Albany_USA,2016-08-30 00:00:00
Football Match in Schenectady (USA),Sports,High,LarkSt_Schenectady_USA,2022-11-24 00:00:00
Pop Music Live in Schenectady (USA),Concert,High,LarkSt_Schenectady_USA,2015-09-06 00:00:00
Jazz Night in Albany (USA),Concert,High,CentralAve_Albany_USA,2019-08-22 00:00:00
Local Holiday in Albany (USA),Holiday,Low,CentralAve_Albany_USA,2023-05-20 00:00:00
Heritage Day in Schenectady (USA),Holiday,High,StateSt_Schenectady_USA,2016-04-08 00:00:00
Pop Music Live in Schenectady (USA),Concert,Medium,StateSt_Schenectady_USA,2024-08-13 00:00:00
Jazz Night in Albany (USA),Concert,Medium,ClintonAve_Albany_USA,2019-02-13 00:00:00
Heritage Day in Troy (USA),Holiday,High,StateSt_Troy_USA,2017-03-12 00:00:00
Classical Concert in Troy (USA),Concert,Medium,StateSt_Troy_USA,2023-01-31 00:00:00
Startup Meetup in Albany (USA),Conference,Medium,StateSt_Albany_USA,2019-07-07 00:00:00
Local Holiday in Albany (USA),Holiday,High,StateSt_Albany_USA,2014-11-19 00:00:00
Rock Concert in Albany (USA),Concert,High,Broadway_Albany_USA,2016-01-05 00:00:00
Cultural Festival in Albany (USA),Festival,Low,MadisonAve_Albany_USA,2016-11-26 00:00:00
Cultural Festival in Albany (USA),Festival,High,JaySt_Albany_USA,2020-03-25 00:00:00
Classical Concert in Schenectady (USA),Concert,Low,SouthSt_Schenectady_USA,2014-12-02 00:00:00
Heritage Day in Schenectady (USA),Holiday,Low,SouthSt_Schenectady_USA,2016-01-18 00:00:00
Business Summit in Albany (USA),Conference,Low,StateSt_Albany_USA,2017-05-15 00:00:00
Film Festival in Albany (USA),Festival,High,MadisonAve_Albany_USA,2024-10-15 00:00:00
Cultural Festival in Troy (USA),Festival,Medium,PearlSt_Troy_USA,2016-06-08 00:00:00
Local Holiday in Troy (USA),Holiday,High,PearlSt_Troy_USA,2021-09-12 00:00:00
Film Festival in Albany (USA),Festival,Low,SouthSt_Albany_USA,2023-03-31 00:00:00
AI Congress in Albany (USA),Conference,Medium,DelawareAve_Albany_USA,2024-12-05 00:00:00
Rock Concert in Albany (USA),Concert,High,HudsonAve_Albany_USA,2023-03-20 00:00:00
Local Holiday in Albany (USA),Holiday,Medium,HudsonAve_Albany_USA,2020-05-17 00:00:00
Classical Concert in Schenectady (USA),Concert,Medium,NorthSt_Schenectady_USA,2020-02-17 00:00:00
Football Match in Schenectady (USA),Sports,Low,SouthSt_Schenectady_USA,2022-01-19 00:00:00
City Anniversary in Schenectady (USA),Holiday,High,SouthSt_Schenectady_USA,2020-12-12 00:00:00
Food Festival in Albany (USA),Festival,Medium,ParkAve_Albany_USA,2017-09-29 00:00:00
National Celebration in Albany (USA),Holiday,Low,ParkAve_Albany_USA,2018-04-07 00:00:00
Rock Concert in Albany (USA),Concert,High,TenBroeckSt_Albany_USA,2018-12-22 00:00:00
Film Festival in Schenectady (USA),Festival,High,CentralAve_Schenectady_USA,2019-05-15 00:00:00
Football Match in Albany (USA),Sports,Medium,LarkSt_Albany_USA,2020-10-07 00:00:00
Triathlon in Albany (USA),Sports,Medium,LarkSt_Albany_USA,2021-10-23 00:00:00
Football Match in Albany (USA),Sports,Low,CentralAve_Albany_USA,2015-04-20 00:00:00
AI Congress in Albany (USA),Conference,Medium,CentralAve_Albany_USA,2022-03-05 00:00:00
Music Festival in Schenectady (USA),Festival,High,WashingtonAve_Schenectady_USA,2019-02-19 00:00:00
Heritage Day in Schenectady (USA),Holiday,Medium,WashingtonAve_Schenectady_USA,2016-08-19 00:00:00
Tech Conference in Schenectady (USA),Conference,Medium,ParkAve_Schenectady_USA,2016-05-24 00:00:00
Pop Music Live in Albany (USA),Concert,High,NorthSt_Albany_USA,2016-02-18 00:00:00
Food Festival in Albany (USA),Festival,Low,Broadway_Albany_USA,2022-03-08 00:00:00
Marathon in Albany (USA),Sports,Low,CentralAve_Albany_USA,2022-10-16 00:00:00
Basketball Tournament in Schenectady (USA),Sports,Low,NorthSt_Schenectady_USA,2018-05-07 00:00:00
Cultural Festival in Schenectady (USA),Festival,Medium,NorthSt_Schenectady_USA,2019-10-12 00:00:00
Football Match in Albany (USA),Sports,Low,PearlSt_Albany_USA,2020-08-16 00:00:00
AI Congress in Albany (USA),Conference,High,WesternAve_Albany_USA,2022-09-06 00:00:00
Marathon in Albany (USA),Sports,Medium,WesternAve_Albany_USA,2021-01-12 00:00:00
Rock Concert in Albany (USA),Concert,Medium,DelawareAve_Albany_USA,2016-05-28 00:00:00
Cultural Festival in Albany (USA),Festival,Low,DelawareAve_Albany_USA,2023-05-07 00:00:00
Jazz Night in Troy (USA),Concert,Low,DelawareAve_Troy_USA,2019-09-17 00:00:00
Music Festival in Troy (USA),Festival,Medium,DelawareAve_Troy_USA,2021-11-25 00:00:00
Tech Conference in Troy (USA),Conference,Low,DelawareAve_Troy_USA,2017-10-11 00:00:00
National Celebration in Schenectady (USA),Holiday,Medium,WesternAve_Schenectady_USA,2020-03-13 00:00:00
Cultural Festival in Schenectady (USA),Festival,Medium,WesternAve_Schenectady_USA,2024-03-20 00:00:00
Rock Concert in Albany (USA),Concert,Low,TenBroeckSt_Albany_USA,2016-09-22 00:00:00
Pop Music Live in Albany (USA),Concert,High,TenBroeckSt_Albany_USA,2024-11-19 00:00:00
Music Festival in Schenectady (USA),Festival,Low,HudsonAve_Schenectady_USA,2024-11-02 00:00:00
Jazz Night in Schenectady (USA),Concert,Medium,HudsonAve_Schenectady_USA,2019-12-28 00:00:00
Marathon in Schenectady (USA),Sports,Medium,DelawareAve_Schenectady_USA,2022-03-03 00:00:00
Startup Meetup in Schenectady (USA),Conference,Low,LarkSt_Schenectady_USA,2025-08-31 00:00:00
Tech Conference in Troy (USA),Conference,High,WesternAve_Troy_USA,2017-05-21 00:00:00
Local Holiday in Troy (USA),Holiday,High,WesternAve_Troy_USA,2025-02-20 00:00:00
Football Match in Albany (USA),Sports,Medium,LarkSt_Albany_USA,2024-07-22 00:00:00
Marathon in Albany (USA),Sports,High,JaySt_Albany_USA,2018-10-13 00:00:00
Classical Concert in Albany (USA),Concert,Medium,DelawareAve_Albany_USA,2017-03-11 00:00:00
Classical Concert in Albany (USA),Concert,Medium,DelawareAve_Albany_USA,2025-05-19 00:00:00
Jazz Night in Troy (USA),Concert,Medium,Broadway_Troy_USA,2020-07-29 00:00:00
Football Match in Albany (USA),Sports,Low,TenBroeckSt_Albany_USA,2017-12-17 00:00:00
Classical Concert in Albany (USA),Concert,Medium,TenBroeckSt_Albany_USA,2025-08-30 00:00:00
Classical Concert in Schenectady (USA),Concert,Medium,MadisonAve_Schenectady_USA,2015-04-04 00:00:00
Rock Concert in Schenectady (USA),Concert,Low,MadisonAve_Schenectady_USA,2018-01-21 00:00:00
Cultural Festival in Albany (USA),Festival,Medium,CentralAve_Albany_USA,2025-04-11 00:00:00
Heritage Day in Albany (USA),Holiday,Medium,CentralAve_Albany_USA,2022-11-10 00:00:00
Business Summit in Albany (USA),Conference,Low,WesternAve_Albany_USA,2015-09-11 00:00:00
Football Match in Albany (USA),Sports,Low,WesternAve_Albany_USA,2023-01-17 00:00:00
Jazz Night in Albany (USA),Concert,High,NorthSt_Albany_USA,2020-11-08 00:00:00
Classical Concert in Albany (USA),Concert,High,NorthSt_Albany_USA,2017-02-06 00:00:00
Cultural Festival in Troy (USA),Festival,Low,NorthSt_Troy_USA,2022-03-19 00:00:00
National Celebration in Troy (USA),Holiday,High,NorthSt_Troy_USA,2023-12-26 00:00:00
Heritage Day in Schenectady (USA),Holiday,Low,ClintonAve_Schenectady_USA,2024-01-20 00:00:00
City Anniversary in Schenectady (USA),Holiday,Medium,ClintonAve_Schenectady_USA,2016-01-15 00:00:00
Cultural Festival in Albany (USA),Festival,Medium,StateSt_Albany_USA,2016-12-28 00:00:00
Football Match in Albany (USA),Sports,Low,PearlSt_Albany_USA,2016-06-25 00:00:00
City Anniversary in Albany (USA),Holiday,High,PearlSt_Albany_USA,2018-02-20 00:00:00
Triathlon in Schenectady (USA),Sports,Medium,WashingtonAve_Schenectady_USA,2023-03-15 00:00:00
Heritage Day in Troy (USA),Holiday,Medium,PearlSt_Troy_USA,2021-05-09 00:00:00
Rock Concert in Troy (USA),Concert,High,PearlSt_Troy_USA,2015-09-21 00:00:00
Local Holiday in Troy (USA),Holiday,Low,Broadway_Troy_USA,2020-04-24 00:00:00
Local Holiday in Troy (USA),Holiday,High,DelawareAve_Troy_USA,2018-11-03 00:00:00
Rock Concert in Troy (USA),Concert,Low,DelawareAve_Troy_USA,2017-10-05 00:00:00
Heritage Day in Albany (USA),Holiday,Medium,WesternAve_Albany_USA,2019-09-02 00:00:00
Tech Conference in Schenectady (USA),Conference,High,SouthSt_Schenectady_USA,2020-04-17 00:00:00
Local Holiday in Albany (USA),Holiday,High,HudsonAve_Albany_USA,2020-02-10 00:00:00
Classical Concert in Albany (USA),Concert,Medium,StateSt_Albany_USA,2019-02-18 00:00:00
AI Congress in Albany (USA),Conference,Low,StateSt_Albany_USA,2016-07-02 00:00:00
Classical Concert in Albany (USA),Concert,Medium,WashingtonAve_Albany_USA,2015-07-05 00:00:00
Business Summit in Troy (USA),Conference,High,MadisonAve_Troy_USA,2022-09-20 00:00:00
Heritage Day in Albany (USA),Holiday,Low,Broadway_Albany_USA,2020-05-15 00:00:00
National Celebration in Albany (USA),Holiday,Medium,Broadway_Albany_USA,2020-09-01 00:00:00
Food Festival in Albany (USA),Festival,Medium,Broadway_Albany_USA,2020-11-02 00:00:00
Football Match in Albany (USA),Sports,Low,LarkSt_Albany_USA,2016-07-02 00:00:00
Film Festival in Albany (USA),Festival,Medium,LarkSt_Albany_USA,2017-12-19 00:00:00
Heritage Day in Albany (USA),Holiday,High,SouthSt_Albany_USA,2016-07-10 00:00:00
Food Festival in Albany (USA),Festival,Low,SouthSt_Albany_USA,2014-07-15 00:00:00
Tech Conference in Troy (USA),Conference,Medium,Broadway_Troy_USA,2020-01-29 00:00:00
Local Holiday in Troy (USA),Holiday,High,Broadway_Troy_USA,2024-05-24 00:00:00
Football Match in Albany (USA),Sports,High,StateSt_Albany_USA,2021-11-22 00:00:00
City Anniversary in Albany (USA),Holiday,Medium,MadisonAve_Albany_USA,2015-05-22 00:00:00
Rock Concert in Albany (USA),Concert,Low,HudsonAve_Albany_USA,2024-05-22 00:00:00
Jazz Night in Albany (USA),Concert,High,HudsonAve_Albany_USA,2021-07-18 00:00:00
Marathon in Albany (USA),Sports,Low,SouthSt_Albany_USA,2016-02-28 00:00:00
Cultural Festival in Albany (USA),Festival,Low,SouthSt_Albany_USA,2016-02-16 00:00:00
Jazz Night in Albany (USA),Concert,Medium,StateSt_Albany_USA,2024-10-25 00:00:00
Music Festival in Albany (USA),Festival,Low,StateSt_Albany_USA,2019-03-04 00:00:00
Business Summit in Albany (USA),Conference,Medium,ClintonAve_Albany_USA,2022-11-25 00:00:00
Jazz Night in Albany (USA),Concert,Low,ClintonAve_Albany_USA,2015-07-17 00:00:00
Startup Meetup in Albany (USA),Conference,Medium,HudsonAve_Albany_USA,2023-09-11 00:00:00
Rock Concert in Albany (USA),Concert,Medium,TenBroeckSt_Albany_USA,2019-10-11 00:00:00
Startup Meetup in Albany (USA),Conference,High,NorthSt_Albany_USA,2019-02-19 00:00:00
Classical Concert in Albany (USA),Concert,High,NorthSt_Albany_USA,2016-11-03 00:00:00
Music Festival in Schenectady (USA),Festival,High,WesternAve_Schenectady_USA,2022-09-05 00:00:00
Rock Concert in Schenectady (USA),Concert,Medium,WesternAve_Schenectady_USA,2022-08-13 00:00:00
Jazz Night in Albany (USA),Concert,Medium,NorthSt_Albany_USA,2021-04-28 00:00:00
Startup Meetup in Albany (USA),Conference,High,NorthSt_Albany_USA,2020-12-11 00:00:00
Business Summit in Troy (USA),Conference,High,WesternAve_Troy_USA,2020-10-21 00:00:00
City Anniversary in Troy (USA),Holiday,Medium,WesternAve_Troy_USA,2023-07-23 00:00:00
Basketball Tournament in Troy (USA),Sports,Low,NorthSt_Troy_USA,2014-07-07 00:00:00
Music Festival in Troy (USA),Festival,Medium,NorthSt_Troy_USA,2021-07-05 00:00:00
Triathlon in Albany (USA),Sports,Medium,LarkSt_Albany_USA,2015-01-03 00:00:00
Startup Meetup in Albany (USA),Conference,High,LarkSt_Albany_USA,2023-07-15 00:00:00
Marathon in Schenectady (USA),Sports,High,WashingtonAve_Schenectady_USA,2016-10-02 00:00:00
Startup Meetup in Schenectady (USA),Conference,Low,WashingtonAve_Schenectady_USA,2017-12-12 00:00:00
Jazz Night in Albany (USA),Concert,Low,HudsonAve_Albany_USA,2015-10-10 00:00:00
Startup Meetup in Albany (USA),Conference,Medium,JaySt_Albany_USA,2022-08-15 00:00:00
Rock Concert in Albany (USA),Concert,Low,JaySt_Albany_USA,2016-09-02 00:00:00
AI Congress in Albany (USA),Conference,Medium,ClintonAve_Albany_USA,2023-06-09 00:00:00
Triathlon in Troy (USA),Sports,Low,MadisonAve_Troy_USA,2021-07-13 00:00:00
Heritage Day in Troy (USA),Holiday,Medium,MadisonAve_Troy_USA,2023-04-16 00:00:00
Cultural Festival in Troy (USA),Festival,High,SouthSt_Troy_USA,2022-08-17 00:00:00
Tech Conference in Albany (USA),Conference,Low,TenBroeckSt_Albany_USA,2020-12-21 00:00:00
Startup Meetup in Albany (USA),Conference,Low,TenBroeckSt_Albany_USA,2025-05-15 00:00:00
Cultural Festival in Albany (USA),Festival,Medium,HudsonAve_Albany_USA,2021-07-10 00:00:00
Triathlon in Albany (USA),Sports,Low,PearlSt_Albany_USA,2021-03-03 00:00:00
Cultural Festival in Albany (USA),Festival,High,PearlSt_Albany_USA,2024-02-12 00:00:00
Cultural Festival in Albany (USA),Festival,Medium,WesternAve_Albany_USA,2015-06-21 00:00:00
Basketball Tournament in Troy (USA),Sports,Medium,SouthSt_Troy_USA,2023-10-19 00:00:00
Basketball Tournament in Troy (USA),Sports,Low,Broadway_Troy_USA,2015-10-03 00:00:00
Food Festival in Albany (USA),Festival,Low,TenBroeckSt_Albany_USA,2019-06-22 00:00:00
Film Festival in Albany (USA),Festival,High,WashingtonAve_Albany_USA,2016-03-23 00:00:00
Basketball Tournament in Albany (USA),Sports,Medium,WashingtonAve_Albany_USA,2022-09-17 00:00:00
Startup Meetup in Troy (USA),Conference,Low,TenBroeckSt_Troy_USA,2023-02-15 00:00:00
Food Festival in Troy (USA),Festival,Low,TenBroeckSt_Troy_USA,2022-08-15 00:00:00
Local Holiday in Troy (USA),Holiday,Low,StateSt_Troy_USA,2017-12-25 00:00:00
Rock Concert in Albany (USA),Concert,Medium,ClintonAve_Albany_USA,2019-09-25 00:00:00
Music Festival in Albany (USA),Festival,High,ClintonAve_Albany_USA,2023-02-02 00:00:00
Tech Conference in Troy (USA),Conference,High,TenBroeckSt_Troy_USA,2023-01-01 00:00:00
Business Summit in Troy (USA),Conference,Medium,TenBroeckSt_Troy_USA,2016-09-29 00:00:00
Startup Meetup in Albany (USA),Conference,Medium,WesternAve_Albany_USA,2022-01-08 00:00:00
Football Match in Troy (USA),Sports,Medium,CentralAve_Troy_USA,2015-10-12 00:00:00
Rock Concert in Albany (USA),Concert,Low,JaySt_Albany_USA,2020-07-31 00:00:00
Startup Meetup in Albany (USA),Conference,Medium,JaySt_Albany_USA,2016-01-31 00:00:00
Business Summit in Troy (USA),Conference,Low,JaySt_Troy_USA,2015-04-18 00:00:00
Startup Meetup in Troy (USA),Conference,High,JaySt_Troy_USA,2019-06-22 00:00:00
Music Festival in Albany (USA),Festival,Medium,WesternAve_Albany_USA,2015-02-06 00:00:00
National Celebration in Schenectady (USA),Holiday,High,LarkSt_Schenectady_USA,2021-03-07 00:00:00
Heritage Day in Albany (USA),Holiday,Medium,StateSt_Albany_USA,2018-03-23 00:00:00
Marathon in Albany (USA),Sports,Medium,StateSt_Albany_USA,2020-11-11 00:00:00
Local Holiday in Albany (USA),Holiday,Medium,WashingtonAve_Albany_USA,2017-12-23 00:00:00
City Anniversary in Albany (USA),Holiday,Low,WashingtonAve_Albany_USA,2025-02-13 00:00:00
Startup Meetup in Schenectady (USA),Conference,Medium,LarkSt_Schenectady_USA,2016-07-21 00:00:00
Startup Meetup in Schenectady (USA),Conference,Medium,LarkSt_Schenectady_USA,2019-12-18 00:00:00
Cultural Festival in Troy (USA),Festival,Medium,Broadway_Troy_USA,2019-09-02 00:00:00
Business Summit in Albany (USA),Conference,High,SouthSt_Albany_USA,2015-08-26 00:00:00
Cultural Festival in Schenectady (USA),Festival,High,DelawareAve_Schenectady_USA,2021-10-12 00:00:00
Pop Music Live in Schenectady (USA),Concert,Medium,Broadway_Schenectady_USA,2021-02-12 00:00:00
Football Match in Albany (USA),Sports,High,PearlSt_Albany_USA,2016-04-12 00:00:00
Local Holiday in Troy (USA),Holiday,Medium,PearlSt_Troy_USA,2016-10-30 00:00:00
Pop Music Live in Albany (USA),Concert,Medium,SouthSt_Albany_USA,2020-11-09 00:00:00
Business Summit in Albany (USA),Conference,Low,SouthSt_Albany_USA,2021-12-05 00:00:00
Film Festival in Albany (USA),Festival,Low,ParkAve_Albany_USA,2021-02-19 00:00:00
Pop Music Live in Albany (USA),Concert,Medium,ParkAve_Albany_USA,2020-09-20 00:00:00
Basketball Tournament in Troy (USA),Sports,Medium,HudsonAve_Troy_USA,2015-04-12 00:00:00
Film Festival in Albany (USA),Festival,Medium,StateSt_Albany_USA,2020-01-15 00:00:00
Music Festival in Albany (USA),Festival,Low,StateSt_Albany_USA,2023-08-29 00:00:00
Food Festival in Troy (USA),Festival,High,LarkSt_Troy_USA,2016-03-03 00:00:00
Heritage Day in Troy (USA),Holiday,Medium,LarkSt_Troy_USA,2021-05-26 00:00:00
National Celebration in Albany (USA),Holiday,Low,TenBroeckSt_Albany_USA,2022-02-20 00:00:00
Startup Meetup in Albany (USA),Conference,High,TenBroeckSt_Albany_USA,2023-05-28 00:00:00
AI Congress in Albany (USA),Conference,High,ClintonAve_Albany_USA,2025-07-07 00:00:00
Tech Conference in Albany (USA),Conference,High,ClintonAve_Albany_USA,2014-08-03 00:00:00
Pop Music Live in Albany (USA),Concert,Low,Broadway_Albany_USA,2024-01-21 00:00:00
Tech Conference in Albany (USA),Conference,Medium,Broadway_Albany_USA,2024-08-07 00:00:00
Music Festival in Troy (USA),Festival,High,PearlSt_Troy_USA,2020-10-10 00:00:00
Tech Conference in Troy (USA),Conference,Medium,PearlSt_Troy_USA,2024-03-15 00:00:00
Pop Music Live in Albany (USA),Concert,High,PearlSt_Albany_USA,2018-01-24 00:00:00
City Anniversary in Troy (USA),Holiday,Medium,ClintonAve_Troy_USA,2019-05-18 00:00:00
Classical Concert in Troy (USA),Concert,High,ClintonAve_Troy_USA,2016-06-10 00:00:00
Football Match in Troy (USA),Sports,High,JaySt_Troy_USA,2018-10-23 00:00:00
National Celebration in Albany (USA),Holiday,Medium,WesternAve_Albany_USA,2024-04-13 00:00:00
Football Match in Schenectady (USA),Sports,Low,StateSt_Schenectady_USA,2015-04-20 00:00:00
Food Festival in Schenectady (USA),Festival,High,StateSt_Schenectady_USA,2024-06-02 00:00:00
National Celebration in Schenectady (USA),Holiday,Low,TenBroeckSt_Schenectady_USA,2016-01-14 00:00:00
City Anniversary in Troy (USA),Holiday,High,CentralAve_Troy_USA,2021-04-10 00:00:00
National Celebration in Troy (USA),Holiday,Medium,CentralAve_Troy_USA,2020-03-17 00:00:00
Pop Music Live in Schenectady (USA),Concert,Medium,HudsonAve_Schenectady_USA,2018-06-25 00:00:00
Rock Concert in Albany (USA),Concert,High,Broadway_Albany_USA,2020-01-31 00:00:00
Basketball Tournament in Albany (USA),Sports,Medium,LarkSt_Albany_USA,2024-11-20 00:00:00
Jazz Night in Albany (USA),Concert,Low,LarkSt_Albany_USA,2025-06-19 00:00:00
Heritage Day in Albany (USA),Holiday,Low,WesternAve_Albany_USA,2021-01-01 00:00:00
Local Holiday in Albany (USA),Holiday,Low,WesternAve_Albany_USA,2022-09-07 00:00:00
Jazz Night in Albany (USA),Concert,Medium,Broadway_Albany_USA,2020-04-17 00:00:00
Music Festival in Albany (USA),Festival,Low,Broadway_Albany_USA,2019-10-18 00:00:00
Cultural Festival in Albany (USA),Festival,High,MadisonAve_Albany_USA,2015-02-02 00:00:00
Tech Conference in Albany (USA),Conference,Medium,MadisonAve_Albany_USA,2019-08-03 00:00:00
Heritage Day in Schenectady (USA),Holiday,Medium,StateSt_Schenectady_USA,2018-06-15 00:00:00
Startup Meetup in Schenectady (USA),Conference,Low,StateSt_Schenectady_USA,2014-11-22 00:00:00
Jazz Night in Albany (USA),Concert,High,DelawareAve_Albany_USA,2023-04-20 00:00:00
Jazz Night in Albany (USA),Concert,Low,DelawareAve_Albany_USA,2021-07-21 00:00:00
Classical Concert in Troy (USA),Concert,High,WesternAve_Troy_USA,2015-01-28 00:00:00
Tech Conference in Schenectady (USA),Conference,Medium,LarkSt_Schenectady_USA,2019-12-07 00:00:00
Food Festival in Schenectady (USA),Festival,High,LarkSt_Schenectady_USA,2015-05-11 00:00:00
Business Summit in Albany (USA),Conference,High,ClintonAve_Albany_USA,2017-08-24 00:00:00
Tech Conference in Albany (USA),Conference,High,HudsonAve_Albany_USA,2015-09-30 00:00:00
Football Match in Albany (USA),Sports,High,MadisonAve_Albany_USA,2019-07-04 00:00:00
Business Summit in Albany (USA),Conference,Medium,MadisonAve_Albany_USA,2023-04-10 00:00:00
Triathlon in Albany (USA),Sports,Low,MadisonAve_Albany_USA,2023-06-18 00:00:00
Rock Concert in Albany (USA),Concert,Medium,MadisonAve_Albany_USA,2025-07-13 00:00:00
Triathlon in Schenectady (USA),Sports,Medium,SouthSt_Schenectady_USA,2023-02-19 00:00:00
National Celebration in Schenectady (USA),Holiday,High,SouthSt_Schenectady_USA,2019-06-07 00:00:00
Football Match in Albany (USA),Sports,High,ClintonAve_Albany_USA,2022-09-24 00:00:00
Tech Conference in Albany (USA),Conference,High,ClintonAve_Albany_USA,2017-06-17 00:00:00
City Anniversary in Schenectady (USA),Holiday,Medium,HudsonAve_Schenectady_USA,2019-11-02 00:00:00
Classical Concert in Schenectady (USA),Concert,Medium,JaySt_Schenectady_USA,2022-02-28 00:00:00
City Anniversary in Schenectady (USA),Holiday,Medium,JaySt_Schenectady_USA,2016-02-15 00:00:00
Local Holiday in Albany (USA),Holiday,Medium,WesternAve_Albany_USA,2024-11-22 00:00:00
City Anniversary in Albany (USA),Holiday,High,WesternAve_Albany_USA,2018-01-14 00:00:00
Music Festival in Troy (USA),Festival,High,LarkSt_Troy_USA,2021-08-23 00:00:00
AI Congress in Troy (USA),Conference,High,LarkSt_Troy_USA,2024-10-16 00:00:00
Startup Meetup in Albany (USA),Conference,Medium,DelawareAve_Albany_USA,2017-06-28 00:00:00
Cultural Festival in Albany (USA),Festival,High,DelawareAve_Albany_USA,2021-01-17 00:00:00
National Celebration in Troy (USA),Holiday,High,SouthSt_Troy_USA,2022-01-12 00:00:00
Basketball Tournament in Schenectady (USA),Sports,High,LarkSt_Schenectady_USA,2022-03-28 00:00:00
Basketball Tournament in Schenectady (USA),Sports,High,LarkSt_Schenectady_USA,2014-08-13 00:00:00
Music Festival in Albany (USA),Festival,Low,WashingtonAve_Albany_USA,2019-02-09 00:00:00
Music Festival in Albany (USA),Festival,High,WashingtonAve_Albany_USA,2019-07-01 00:00:00
Basketball Tournament in Albany (USA),Sports,Medium,DelawareAve_Albany_USA,2016-08-29 00:00:00
Music Festival in Albany (USA),Festival,High,JaySt_Albany_USA,2021-11-10 00:00:00
Marathon in Albany (USA),Sports,High,JaySt_Albany_USA,2025-03-28 00:00:00
Triathlon in Schenectady (USA),Sports,High,WesternAve_Schenectady_USA,2023-01-23 00:00:00
Classical Concert in Schenectady (USA),Concert,Low,WesternAve_Schenectady_USA,2022-04-19 00:00:00
AI Congress in Troy (USA),Conference,High,WesternAve_Troy_USA,2024-12-29 00:00:00
Heritage Day in Albany (USA),Holiday,Medium,Broadway_Albany_USA,2022-04-05 00:00:00
Startup Meetup in Albany (USA),Conference,Low,Broadway_Albany_USA,2023-04-02 00:00:00
Film Festival in Albany (USA),Festival,Medium,SouthSt_Albany_USA,2018-03-24 00:00:00
Business Summit in Albany (USA),Conference,Medium,WashingtonAve_Albany_USA,2015-04-11 00:00:00
Triathlon in Albany (USA),Sports,Low,WashingtonAve_Albany_USA,2021-09-25 00:00:00
Food Festival in Albany (USA),Festival,High,LarkSt_Albany_USA,2023-02-12 00:00:00
Marathon in Albany (USA),Sports,Medium,WesternAve_Albany_USA,2022-07-09 00:00:00
Music Festival in Troy (USA),Festival,Low,ParkAve_Troy_USA,2015-04-15 00:00:00
AI Congress in Schenectady (USA),Conference,Low,HudsonAve_Schenectady_USA,2024-07-20 00:00:00
National Celebration in Schenectady (USA),Holiday,High,HudsonAve_Schenectady_USA,2021-09-04 00:00:00
Heritage Day in Troy (USA),Holiday,Low,WashingtonAve_Troy_USA,2022-05-07 00:00:00
AI Congress in Troy (USA),Conference,High,WashingtonAve_Troy_USA,2014-07-16 00:00:00
City Anniversary in Albany (USA),Holiday,Medium,Broadway_Albany_USA,2019-01-10 00:00:00
Food Festival in Albany (USA),Festival,Low,Broadway_Albany_USA,2018-10-22 00:00:00
Local Holiday in Albany (USA),Holiday,High,LarkSt_Albany_USA,2020-07-01 00:00:00
Startup Meetup in Albany (USA),Conference,High,LarkSt_Albany_USA,2017-11-22 00:00:00
Music Festival in Albany (USA),Festival,Medium,PearlSt_Albany_USA,2020-06-28 00:00:00
Film Festival in Albany (USA),Festival,Medium,NorthSt_Albany_USA,2021-10-05 00:00:00
Film Festival in Troy (USA),Festival,High,LarkSt_Troy_USA,2016-08-21 00:00:00
AI Congress in Troy (USA),Conference,Low,LarkSt_Troy_USA,2021-07-27 00:00:00
AI Congress in Schenectady (USA),Conference,Low,ParkAve_Schenectady_USA,2024-06-03 00:00:00
National Celebration in Schenectady (USA),Holiday,Low,ParkAve_Schenectady_USA,2014-11-24 00:00:00
Classical Concert in Albany (USA),Concert,Medium,HudsonAve_Albany_USA,2018-11-09 00:00:00
Cultural Festival in Albany (USA),Festival,Medium,HudsonAve_Albany_USA,2020-06-26 00:00:00
Music Festival in Albany (USA),Festival,Medium,LarkSt_Albany_USA,2015-02-15 00:00:00
Film Festival in Albany (USA),Festival,Low,TenBroeckSt_Albany_USA,2016-11-14 00:00:00
Pop Music Live in Albany (USA),Concert,High,MadisonAve_Albany_USA,2024-04-03 00:00:00
Classical Concert in Albany (USA),Concert,High,MadisonAve_Albany_USA,2020-12-29 00:00:00
Triathlon in Albany (USA),Sports,High,WashingtonAve_Albany_USA,2014-09-17 00:00:00
Local Holiday in Albany (USA),Holiday,Low,WashingtonAve_Albany_USA,2022-05-12 00:00:00
Marathon in Schenectady (USA),Sports,Low,PearlSt_Schenectady_USA,2021-08-04 00:00:00
Cultural Festival in Schenectady (USA),Festival,Low,PearlSt_Schenectady_USA,2019-08-12 00:00:00
Marathon in Troy (USA),Sports,Low,WashingtonAve_Troy_USA,2015-10-11 00:00:00
National Celebration in Troy (USA),Holiday,Low,WashingtonAve_Troy_USA,2023-07-09 00:00:00
AI Congress in Schenectady (USA),Conference,Medium,LarkSt_Schenectady_USA,2015-11-07 00:00:00
Classical Concert in Troy (USA),Concert,Medium,Broadway_Troy_USA,2023-11-17 00:00:00
Marathon in Troy (USA),Sports,High,Broadway_Troy_USA,2016-06-10 00:00:00
Music Festival in Albany (USA),Festival,Medium,CentralAve_Albany_USA,2016-01-30 00:00:00
Basketball Tournament in Albany (USA),Sports,High,Broadway_Albany_USA,2016-05-06 00:00:00
